step,train_loss,eval_loss,first_half_loss,repeated_half_loss,induction_L0H0,induction_L0H1,induction_L0H2,induction_L0H3,induction_L1H0,induction_L1H1,induction_L1H2,induction_L1H3,prev_token_L0H0,prev_token_L0H1,prev_token_L0H2,prev_token_L0H3,prev_token_L1H0,prev_token_L1H1,prev_token_L1H2,prev_token_L1H3
0,nan,4.158932,4.158904,4.158946,0.041648,0.041648,0.041648,0.041648,0.041648,0.041648,0.041648,0.041648,0.059427,0.059427,0.059427,0.059427,0.059427,0.059427,0.059427,0.059427
10,4.158701,4.158950,4.158929,4.158961,0.041648,0.041648,0.041648,0.041648,0.041648,0.041648,0.041648,0.041648,0.059427,0.059427,0.059427,0.059427,0.059427,0.059427,0.059427,0.059427
20,4.158753,4.158949,4.158936,4.158959,0.041648,0.041648,0.041648,0.041648,0.041648,0.041648,0.041648,0.041648,0.059427,0.059427,0.059427,0.059427,0.059427,0.059427,0.059427,0.059427
30,4.158962,4.158972,4.158967,4.158985,0.041648,0.041648,0.041648,0.041648,0.041648,0.041648,0.041648,0.041648,0.059427,0.059427,0.059427,0.059427,0.059427,0.059427,0.059427,0.059427
40,4.158683,4.158908,4.158907,4.158917,0.041648,0.041648,0.041648,0.041648,0.041648,0.041648,0.041648,0.041648,0.059427,0.059427,0.059427,0.059427,0.059427,0.059427,0.059427,0.059427
50,4.159246,4.158862,4.158864,4.158862,0.041648,0.041648,0.041648,0.041648,0.041648,0.041648,0.041648,0.041648,0.059427,0.059427,0.059427,0.059427,0.059427,0.059427,0.059427,0.059427
60,4.158423,4.158894,4.158899,4.158888,0.041648,0.041648,0.041648,0.041648,0.041648,0.041648,0.041648,0.041648,0.059427,0.059427,0.059427,0.059427,0.059427,0.059427,0.059427,0.059427
70,4.158625,4.158895,4.158902,4.158881,0.041648,0.041648,0.041648,0.041648,0.041648,0.041648,0.041648,0.041648,0.059427,0.059427,0.059427,0.059427,0.059427,0.059427,0.059427,0.059427
80,4.158262,4.158880,4.158892,4.158859,0.041648,0.041648,0.041648,0.041648,0.041648,0.041648,0.041648,0.041648,0.059427,0.059427,0.059427,0.059427,0.059427,0.059427,0.059427,0.059427
90,4.158713,4.158972,4.158992,4.158945,0.041648,0.041648,0.041648,0.041648,0.041648,0.041648,0.041648,0.041648,0.059427,0.059427,0.059427,0.059427,0.059427,0.059427,0.059427,0.059427
100,4.158833,4.159047,4.159073,4.159019,0.041648,0.041648,0.041648,0.041648,0.041648,0.041648,0.041648,0.041648,0.059427,0.059427,0.059427,0.059427,0.059427,0.059427,0.059427,0.059427
110,4.158961,4.159041,4.159070,4.159016,0.041648,0.041648,0.041648,0.041648,0.041648,0.041648,0.041648,0.041648,0.059427,0.059427,0.059427,0.059427,0.059427,0.059427,0.059427,0.059427
120,4.159071,4.158953,4.158978,4.158923,0.041648,0.041648,0.041648,0.041648,0.041648,0.041648,0.041648,0.041648,0.059427,0.059427,0.059427,0.059427,0.059427,0.059427,0.059427,0.059427
130,4.159109,4.158954,4.158973,4.158911,0.041648,0.041648,0.041648,0.041648,0.041648,0.041648,0.041648,0.041648,0.059427,0.059427,0.059427,0.059427,0.059427,0.059427,0.059427,0.059427
140,4.158629,4.158937,4.158949,4.158876,0.041648,0.041648,0.041648,0.041648,0.041648,0.041648,0.041648,0.041648,0.059427,0.059427,0.059427,0.059427,0.059427,0.059427,0.059427,0.059427
150,4.158984,4.158979,4.159003,4.158911,0.041648,0.041648,0.041648,0.041648,0.041648,0.041648,0.041648,0.041648,0.059427,0.059427,0.059427,0.059427,0.059427,0.059427,0.059427,0.059427
160,4.159111,4.158987,4.159033,4.158907,0.041648,0.041648,0.041648,0.041648,0.041648,0.041648,0.041648,0.041648,0.059427,0.059427,0.059427,0.059427,0.059427,0.059427,0.059427,0.059427
170,4.158865,4.158987,4.159050,4.158892,0.041648,0.041648,0.041648,0.041648,0.041648,0.041648,0.041648,0.041648,0.059427,0.059427,0.059427,0.059427,0.059427,0.059427,0.059427,0.059427
180,4.158969,4.158964,4.159048,4.158848,0.041648,0.041648,0.041648,0.041648,0.041648,0.041648,0.041648,0.041648,0.059427,0.059427,0.059427,0.059427,0.059427,0.059427,0.059427,0.059427
190,4.158762,4.158994,4.159124,4.158852,0.041648,0.041648,0.041648,0.041648,0.041648,0.041648,0.041648,0.041648,0.059427,0.059427,0.059427,0.059427,0.059427,0.059427,0.059427,0.059427
200,4.159128,4.158905,4.159077,4.158725,0.041648,0.041648,0.041648,0.041648,0.041648,0.041648,0.041648,0.041648,0.059428,0.059427,0.059427,0.059427,0.059427,0.059427,0.059427,0.059427
210,4.158976,4.158854,4.159092,4.158603,0.041648,0.041648,0.041648,0.041648,0.041648,0.041648,0.041648,0.041648,0.059427,0.059426,0.059426,0.059427,0.059427,0.059426,0.059427,0.059427
220,4.158599,4.158783,4.159123,4.158457,0.041648,0.041648,0.041648,0.041648,0.041648,0.041648,0.041648,0.041648,0.059427,0.059426,0.059426,0.059426,0.059427,0.059426,0.059427,0.059426
230,4.158848,4.158804,4.159348,4.158294,0.041648,0.041648,0.041648,0.041648,0.041648,0.041648,0.041648,0.041648,0.059428,0.059426,0.059426,0.059426,0.059426,0.059426,0.059426,0.059426
240,4.158651,4.158480,4.159522,4.157539,0.041649,0.041648,0.041649,0.041648,0.041648,0.041648,0.041648,0.041648,0.059427,0.059425,0.059425,0.059425,0.059426,0.059426,0.059426,0.059426
250,4.157532,4.158202,4.160090,4.156524,0.041649,0.041649,0.041649,0.041648,0.041648,0.041648,0.041648,0.041648,0.059426,0.059424,0.059425,0.059425,0.059426,0.059426,0.059426,0.059426
260,4.158875,4.158321,4.161412,4.155612,0.041649,0.041649,0.041649,0.041649,0.041648,0.041648,0.041648,0.041648,0.059426,0.059423,0.059425,0.059425,0.059426,0.059426,0.059426,0.059426
270,4.157806,4.158245,4.161729,4.155119,0.041650,0.041650,0.041650,0.041649,0.041648,0.041648,0.041648,0.041648,0.059426,0.059423,0.059424,0.059425,0.059427,0.059427,0.059427,0.059427
280,4.157975,4.158387,4.160738,4.156306,0.041651,0.041650,0.041650,0.041649,0.041648,0.041647,0.041648,0.041648,0.059427,0.059425,0.059426,0.059426,0.059428,0.059428,0.059428,0.059428
290,4.157766,4.158577,4.160961,4.156486,0.041651,0.041650,0.041651,0.041649,0.041648,0.041647,0.041648,0.041648,0.059428,0.059425,0.059426,0.059426,0.059429,0.059429,0.059428,0.059428
300,4.155913,4.157561,4.160680,4.154807,0.041652,0.041651,0.041651,0.041650,0.041647,0.041646,0.041647,0.041647,0.059429,0.059426,0.059427,0.059426,0.059431,0.059432,0.059430,0.059430
310,4.156673,4.157045,4.161847,4.152803,0.041653,0.041651,0.041652,0.041650,0.041647,0.041645,0.041648,0.041647,0.059429,0.059427,0.059428,0.059427,0.059431,0.059432,0.059430,0.059430
320,4.155951,4.157078,4.163831,4.151144,0.041654,0.041652,0.041652,0.041650,0.041647,0.041645,0.041648,0.041648,0.059429,0.059427,0.059428,0.059426,0.059431,0.059433,0.059430,0.059429
330,4.156886,4.156392,4.162716,4.150820,0.041656,0.041654,0.041655,0.041651,0.041647,0.041644,0.041648,0.041648,0.059432,0.059429,0.059430,0.059428,0.059435,0.059438,0.059432,0.059431
340,4.155442,4.156507,4.163391,4.150497,0.041660,0.041656,0.041657,0.041653,0.041648,0.041645,0.041651,0.041650,0.059432,0.059429,0.059431,0.059428,0.059437,0.059442,0.059434,0.059433
350,4.155775,4.156158,4.164128,4.149132,0.041662,0.041658,0.041659,0.041654,0.041651,0.041648,0.041656,0.041655,0.059433,0.059431,0.059433,0.059429,0.059435,0.059437,0.059431,0.059429
360,4.155534,4.156007,4.164768,4.148336,0.041666,0.041661,0.041663,0.041657,0.041651,0.041648,0.041658,0.041658,0.059438,0.059435,0.059436,0.059432,0.059444,0.059445,0.059440,0.059436
370,4.154372,4.156308,4.165301,4.148401,0.041670,0.041665,0.041668,0.041661,0.041655,0.041650,0.041666,0.041666,0.059441,0.059436,0.059439,0.059433,0.059455,0.059457,0.059452,0.059447
380,4.157067,4.156062,4.164899,4.148327,0.041678,0.041670,0.041675,0.041666,0.041657,0.041650,0.041673,0.041674,0.059446,0.059439,0.059443,0.059436,0.059456,0.059466,0.059456,0.059452
390,4.153628,4.155902,4.164240,4.148559,0.041683,0.041674,0.041678,0.041670,0.041664,0.041655,0.041684,0.041684,0.059448,0.059440,0.059449,0.059439,0.059449,0.059465,0.059437,0.059438
400,4.157096,4.155618,4.164162,4.148145,0.041690,0.041681,0.041685,0.041676,0.041666,0.041656,0.041685,0.041687,0.059452,0.059441,0.059452,0.059441,0.059445,0.059469,0.059435,0.059436
410,4.157084,4.155518,4.164006,4.148078,0.041699,0.041687,0.041691,0.041681,0.041672,0.041656,0.041692,0.041697,0.059456,0.059445,0.059452,0.059444,0.059445,0.059480,0.059447,0.059440
420,4.156055,4.155264,4.164563,4.147131,0.041708,0.041694,0.041699,0.041690,0.041675,0.041654,0.041700,0.041705,0.059458,0.059446,0.059454,0.059445,0.059440,0.059490,0.059437,0.059428
430,4.156148,4.155097,4.164537,4.146842,0.041713,0.041700,0.041707,0.041697,0.041672,0.041651,0.041701,0.041703,0.059466,0.059453,0.059461,0.059451,0.059453,0.059509,0.059452,0.059449
440,4.156048,4.155074,4.164571,4.146789,0.041723,0.041708,0.041719,0.041708,0.041673,0.041649,0.041702,0.041707,0.059472,0.059456,0.059469,0.059457,0.059457,0.059516,0.059444,0.059453
450,4.154989,4.155180,4.164816,4.146746,0.041726,0.041710,0.041729,0.041715,0.041674,0.041645,0.041697,0.041707,0.059480,0.059463,0.059476,0.059465,0.059459,0.059527,0.059422,0.059438
460,4.155289,4.155342,4.165277,4.146581,0.041733,0.041717,0.041737,0.041725,0.041676,0.041644,0.041701,0.041715,0.059485,0.059466,0.059481,0.059471,0.059446,0.059521,0.059364,0.059381
470,4.156416,4.154966,4.165212,4.145885,0.041747,0.041733,0.041755,0.041743,0.041674,0.041635,0.041700,0.041715,0.059492,0.059474,0.059485,0.059476,0.059464,0.059542,0.059403,0.059417
480,4.152775,4.154519,4.164863,4.145288,0.041760,0.041747,0.041772,0.041761,0.041671,0.041619,0.041704,0.041716,0.059491,0.059477,0.059480,0.059472,0.059480,0.059568,0.059445,0.059448
490,4.154186,4.155413,4.166100,4.145895,0.041770,0.041758,0.041781,0.041769,0.041689,0.041638,0.041716,0.041733,0.059505,0.059483,0.059491,0.059483,0.059485,0.059577,0.059467,0.059463
500,4.156176,4.154733,4.165945,4.144740,0.041782,0.041772,0.041801,0.041788,0.041699,0.041646,0.041720,0.041741,0.059501,0.059487,0.059493,0.059484,0.059496,0.059584,0.059472,0.059474
510,4.152244,4.154346,4.164916,4.144910,0.041805,0.041799,0.041826,0.041817,0.041700,0.041633,0.041727,0.041746,0.059499,0.059486,0.059493,0.059480,0.059509,0.059619,0.059486,0.059501
520,4.154374,4.154592,4.166157,4.144287,0.041815,0.041812,0.041838,0.041830,0.041719,0.041652,0.041743,0.041765,0.059508,0.059495,0.059504,0.059497,0.059488,0.059591,0.059449,0.059461
530,4.150820,4.154040,4.166419,4.143002,0.041829,0.041831,0.041858,0.041853,0.041715,0.041641,0.041750,0.041764,0.059514,0.059495,0.059510,0.059503,0.059476,0.059601,0.059420,0.059429
540,4.154153,4.154050,4.166946,4.142633,0.041861,0.041867,0.041890,0.041891,0.041721,0.041642,0.041758,0.041773,0.059527,0.059501,0.059525,0.059515,0.059494,0.059620,0.059433,0.059454
550,4.157862,4.153487,4.166670,4.141802,0.041885,0.041884,0.041920,0.041916,0.041713,0.041637,0.041763,0.041764,0.059552,0.059527,0.059538,0.059539,0.059508,0.059623,0.059444,0.059469
560,4.154161,4.153070,4.165795,4.141859,0.041922,0.041923,0.041960,0.041959,0.041722,0.041646,0.041772,0.041776,0.059556,0.059524,0.059543,0.059533,0.059538,0.059636,0.059486,0.059521
570,4.153753,4.153148,4.165473,4.142261,0.041960,0.041958,0.042005,0.042004,0.041728,0.041660,0.041778,0.041783,0.059546,0.059522,0.059532,0.059519,0.059574,0.059643,0.059534,0.059577
580,4.157539,4.153280,4.165559,4.142360,0.042000,0.041998,0.042042,0.042047,0.041729,0.041661,0.041794,0.041791,0.059551,0.059515,0.059539,0.059511,0.059563,0.059653,0.059540,0.059555
590,4.153224,4.153622,4.165520,4.142978,0.042056,0.042042,0.042088,0.042095,0.041780,0.041700,0.041849,0.041860,0.059556,0.059509,0.059553,0.059520,0.059518,0.059618,0.059458,0.059462
600,4.153611,4.153196,4.164889,4.142747,0.042116,0.042095,0.042154,0.042159,0.041793,0.041704,0.041880,0.041880,0.059567,0.059516,0.059553,0.059522,0.059487,0.059610,0.059418,0.059422
610,4.152683,4.153586,4.166211,4.142392,0.042172,0.042149,0.042222,0.042224,0.041805,0.041712,0.041906,0.041894,0.059585,0.059539,0.059561,0.059539,0.059468,0.059590,0.059399,0.059415
620,4.152235,4.152627,4.165951,4.140771,0.042247,0.042228,0.042297,0.042309,0.041794,0.041689,0.041931,0.041891,0.059582,0.059554,0.059568,0.059560,0.059461,0.059581,0.059333,0.059390
630,4.154171,4.152905,4.166864,4.140546,0.042337,0.042318,0.042386,0.042406,0.041829,0.041708,0.041982,0.041951,0.059562,0.059548,0.059562,0.059563,0.059434,0.059535,0.059256,0.059345
640,4.154551,4.152335,4.166430,4.139808,0.042433,0.042412,0.042496,0.042517,0.041791,0.041660,0.041977,0.041914,0.059546,0.059544,0.059524,0.059535,0.059439,0.059508,0.059312,0.059403
650,4.157172,4.152708,4.166591,4.140403,0.042539,0.042484,0.042602,0.042618,0.041820,0.041696,0.042014,0.041944,0.059567,0.059588,0.059539,0.059577,0.059436,0.059523,0.059295,0.059394
660,4.153004,4.152054,4.165960,4.139634,0.042675,0.042606,0.042730,0.042756,0.041835,0.041696,0.042051,0.041980,0.059556,0.059553,0.059535,0.059540,0.059442,0.059528,0.059330,0.059413
670,4.150702,4.152492,4.167558,4.139053,0.042809,0.042718,0.042856,0.042884,0.041849,0.041702,0.042090,0.042017,0.059565,0.059524,0.059551,0.059514,0.059467,0.059548,0.059418,0.059472
680,4.148193,4.152050,4.168680,4.137124,0.042967,0.042852,0.043008,0.043038,0.041914,0.041778,0.042183,0.042104,0.059534,0.059506,0.059536,0.059508,0.059396,0.059527,0.059245,0.059327
690,4.155313,4.151069,4.167995,4.135879,0.043157,0.043030,0.043214,0.043254,0.042007,0.041818,0.042274,0.042227,0.059519,0.059484,0.059510,0.059493,0.059345,0.059510,0.059148,0.059250
700,4.151344,4.150773,4.168180,4.135211,0.043386,0.043229,0.043438,0.043492,0.042021,0.041776,0.042348,0.042255,0.059483,0.059430,0.059489,0.059446,0.059236,0.059481,0.059088,0.059115
710,4.151107,4.150119,4.169369,4.133120,0.043681,0.043482,0.043709,0.043786,0.042127,0.041842,0.042503,0.042395,0.059402,0.059352,0.059457,0.059402,0.059064,0.059411,0.058989,0.058900
720,4.154501,4.148774,4.169633,4.131528,0.044013,0.043781,0.044036,0.044139,0.042129,0.041809,0.042605,0.042406,0.059400,0.059341,0.059494,0.059436,0.058595,0.059157,0.058658,0.058346
730,4.149578,4.145071,4.171631,4.130486,0.044394,0.044153,0.044418,0.044555,0.041211,0.041122,0.042253,0.041305,0.059463,0.059365,0.059605,0.059564,0.055800,0.057312,0.056945,0.055104
740,4.141978,4.142348,4.174485,4.129512,0.044753,0.044449,0.044757,0.044934,0.041628,0.041115,0.042815,0.041967,0.059660,0.059446,0.059906,0.059833,0.055609,0.056583,0.056601,0.055138
750,4.141854,4.138062,4.178376,4.123340,0.045246,0.044813,0.045319,0.045497,0.043281,0.042085,0.044458,0.043990,0.059829,0.059412,0.060190,0.060109,0.056327,0.057029,0.056026,0.055727
760,4.134775,4.135280,4.184337,4.118011,0.045890,0.045294,0.046083,0.046320,0.044372,0.042160,0.045791,0.045389,0.060074,0.059440,0.060524,0.060384,0.055173,0.054909,0.054794,0.054473
770,4.150788,4.134120,4.189129,4.114376,0.046498,0.045813,0.046582,0.047172,0.045240,0.043169,0.046004,0.046052,0.060357,0.059510,0.060641,0.060786,0.055340,0.055720,0.054590,0.054658
780,4.131423,4.132279,4.188925,4.112220,0.047057,0.046339,0.046905,0.048073,0.046658,0.043952,0.047499,0.047395,0.060637,0.059472,0.060627,0.061059,0.054348,0.054951,0.053718,0.053663
790,4.134761,4.129586,4.193355,4.105282,0.047938,0.047039,0.047485,0.049461,0.050470,0.046566,0.051028,0.051086,0.061485,0.059555,0.061116,0.061849,0.052144,0.053073,0.051583,0.051211
800,4.133239,4.126108,4.196315,4.097314,0.048364,0.047584,0.047464,0.050568,0.052702,0.048192,0.052807,0.052834,0.062728,0.060083,0.061833,0.062994,0.052871,0.053766,0.051731,0.051424
810,4.124861,4.121350,4.199181,4.087020,0.049741,0.048568,0.048199,0.053391,0.056324,0.051636,0.055855,0.056218,0.063897,0.060654,0.063004,0.064377,0.053451,0.053663,0.051893,0.051958
820,4.122234,4.116095,4.201862,4.075564,0.051002,0.049482,0.048971,0.056136,0.060903,0.056744,0.060279,0.060105,0.063950,0.060726,0.063468,0.064751,0.054533,0.055656,0.052356,0.053087
830,4.120011,4.111652,4.204657,4.065723,0.051560,0.050171,0.049278,0.057944,0.062942,0.059880,0.062886,0.061880,0.063737,0.060950,0.063577,0.064829,0.055155,0.055371,0.052657,0.053095
840,4.116879,4.108548,4.208440,4.057333,0.054245,0.052045,0.051217,0.061360,0.063927,0.061920,0.064284,0.063454,0.065260,0.062009,0.064930,0.066275,0.055507,0.056770,0.053346,0.055007
850,4.100000,4.106904,4.215209,4.049828,0.054846,0.053423,0.052212,0.062373,0.064069,0.062610,0.064405,0.063690,0.065286,0.062796,0.065321,0.066515,0.056684,0.056902,0.053919,0.056718
860,4.108243,4.104803,4.215969,4.045887,0.054591,0.053886,0.053076,0.062796,0.064981,0.063895,0.065492,0.064183,0.065217,0.063487,0.065644,0.066724,0.055087,0.056918,0.053446,0.054986
870,4.102083,4.102243,4.217345,4.040495,0.053831,0.054491,0.053024,0.062863,0.063781,0.062940,0.064658,0.063623,0.065623,0.064643,0.066135,0.067483,0.056104,0.057398,0.054967,0.056788
880,4.098424,4.099773,4.219330,4.035111,0.054315,0.055931,0.053939,0.063643,0.064170,0.063663,0.065093,0.064280,0.066645,0.065843,0.067128,0.068668,0.055729,0.057969,0.054276,0.056523
890,4.099339,4.098247,4.221496,4.030777,0.053992,0.056136,0.054333,0.063522,0.064928,0.064047,0.065886,0.064920,0.067560,0.067206,0.068175,0.070111,0.053165,0.055625,0.054037,0.055781
900,4.103184,4.096074,4.223011,4.025412,0.052737,0.055854,0.053989,0.062693,0.064696,0.063974,0.065143,0.064832,0.068234,0.068639,0.069250,0.071667,0.053985,0.055810,0.054123,0.055842
910,4.103047,4.094234,4.222354,4.021720,0.052542,0.057161,0.054639,0.063036,0.064585,0.063857,0.065128,0.064674,0.069144,0.070023,0.070439,0.073533,0.055371,0.057480,0.055361,0.056366
920,4.096172,4.088655,4.222088,4.011065,0.051964,0.058428,0.055269,0.062728,0.063605,0.063981,0.064413,0.064666,0.070066,0.071754,0.071984,0.075620,0.056987,0.058888,0.056471,0.056893
930,4.078587,4.082986,4.230739,3.993652,0.050776,0.059129,0.055132,0.062782,0.064190,0.064495,0.065999,0.065545,0.070085,0.072987,0.072745,0.076276,0.057268,0.057995,0.055749,0.057143
940,4.087107,4.076350,4.236300,3.976633,0.050526,0.062190,0.057770,0.065286,0.064782,0.064513,0.066289,0.065039,0.070422,0.074257,0.074090,0.077151,0.059559,0.059891,0.058459,0.059444
950,4.077080,4.070454,4.239932,3.963055,0.049659,0.064436,0.060362,0.067581,0.066920,0.065725,0.068220,0.066516,0.070459,0.074415,0.074989,0.077531,0.059471,0.062007,0.059281,0.061875
960,4.067172,4.064374,4.244510,3.947998,0.048859,0.066693,0.064756,0.069683,0.067110,0.067491,0.068987,0.067829,0.070943,0.074624,0.075917,0.077904,0.061538,0.060586,0.058529,0.060450
970,4.065757,4.058260,4.252503,3.929928,0.047688,0.068670,0.065749,0.071097,0.068863,0.068445,0.071067,0.069421,0.071378,0.075024,0.076108,0.078270,0.059502,0.059642,0.056924,0.059275
980,4.054523,4.051884,4.258444,3.913299,0.046693,0.070252,0.067999,0.072317,0.070679,0.070905,0.071682,0.070436,0.071571,0.075452,0.076579,0.078776,0.059594,0.058607,0.059714,0.059308
990,4.048323,4.044385,4.265601,3.893206,0.045822,0.071420,0.070498,0.073125,0.073007,0.073457,0.075061,0.072765,0.072041,0.076066,0.077277,0.079570,0.061721,0.058297,0.060791,0.062186
1000,4.040191,4.036675,4.272342,3.872543,0.044669,0.071915,0.071279,0.073712,0.073676,0.072830,0.076167,0.074500,0.072267,0.076349,0.077576,0.079943,0.063608,0.060995,0.063508,0.060904
1010,4.033525,4.023233,4.278871,3.840739,0.044605,0.071593,0.071063,0.073638,0.081284,0.079567,0.083375,0.080509,0.072673,0.076762,0.077980,0.080351,0.060992,0.056736,0.060253,0.059843
1020,4.025742,4.007269,4.287125,3.803215,0.047065,0.071000,0.070808,0.073293,0.087144,0.084974,0.089398,0.086615,0.072994,0.076991,0.078196,0.080552,0.061727,0.058056,0.061856,0.059723
1030,3.995469,3.991812,4.303148,3.758521,0.052244,0.070366,0.070530,0.072721,0.095378,0.092655,0.096571,0.094850,0.072596,0.077000,0.078355,0.080458,0.063052,0.057451,0.068486,0.059012
1040,3.974818,3.974087,4.310314,3.717404,0.059751,0.070035,0.070586,0.072383,0.100544,0.098291,0.102668,0.101276,0.072154,0.077361,0.078545,0.080756,0.068099,0.061017,0.075404,0.061572
1050,3.966907,3.961219,4.320187,3.683867,0.063158,0.070097,0.071008,0.072309,0.109359,0.106835,0.113321,0.108217,0.072663,0.078529,0.079449,0.081791,0.067193,0.055534,0.070117,0.061325
1060,3.949507,3.947420,4.327811,3.649630,0.064789,0.070385,0.071772,0.072252,0.114564,0.110747,0.114702,0.112310,0.073733,0.080151,0.080886,0.083259,0.068982,0.055550,0.080471,0.063285
1070,3.946081,3.935553,4.332510,3.622455,0.065648,0.071261,0.072431,0.072630,0.122576,0.115804,0.124945,0.121823,0.074952,0.081939,0.082207,0.084971,0.065614,0.053567,0.076517,0.057722
1080,3.919205,3.922688,4.339817,3.592061,0.066086,0.071185,0.072082,0.072117,0.125239,0.120825,0.123954,0.123918,0.076238,0.083776,0.083725,0.086514,0.072209,0.056507,0.085758,0.062586
1090,3.912102,3.908627,4.353516,3.551907,0.065714,0.070703,0.071603,0.071150,0.134279,0.127882,0.131642,0.131029,0.078023,0.085661,0.085260,0.087915,0.069764,0.052279,0.085318,0.062196
1100,3.896467,3.898093,4.361399,3.523730,0.065897,0.069700,0.070576,0.070083,0.138475,0.133567,0.134170,0.137045,0.080458,0.088079,0.087452,0.090010,0.070034,0.049180,0.085126,0.056902
1110,3.894604,3.888596,4.369651,3.497159,0.065029,0.068793,0.069421,0.068720,0.148190,0.142055,0.141187,0.144135,0.082570,0.090871,0.089573,0.092438,0.067316,0.049419,0.083435,0.057492
1120,3.877122,3.874715,4.372905,3.464890,0.064221,0.067820,0.068105,0.067660,0.159268,0.150538,0.158629,0.156185,0.085706,0.094747,0.092871,0.095856,0.061111,0.042130,0.077365,0.049514
1130,3.862842,3.858598,4.383301,3.423926,0.062263,0.066119,0.066443,0.066033,0.164637,0.159289,0.158458,0.159954,0.088961,0.097894,0.096048,0.098589,0.060783,0.046357,0.081945,0.054862
1140,3.819216,3.836166,4.393405,3.369928,0.061199,0.065246,0.065568,0.065042,0.172446,0.165224,0.172272,0.171856,0.092446,0.100965,0.098873,0.101301,0.060489,0.043140,0.080268,0.051091
1150,3.825574,3.816029,4.408557,3.313660,0.059999,0.064337,0.064469,0.063374,0.186510,0.173983,0.181525,0.182529,0.096084,0.104202,0.102462,0.104206,0.056075,0.041532,0.082341,0.048184
1160,3.795588,3.793312,4.420929,3.258094,0.059260,0.063217,0.063518,0.061743,0.195334,0.183685,0.195158,0.190539,0.097819,0.105845,0.104158,0.105902,0.058948,0.043941,0.082953,0.051660
1170,3.769574,3.766682,4.427885,3.197794,0.058375,0.062391,0.062459,0.060686,0.210998,0.184118,0.211760,0.203980,0.098836,0.107055,0.104828,0.107208,0.055260,0.040593,0.081640,0.050215
1180,3.747910,3.733289,4.442075,3.117074,0.058069,0.061749,0.061815,0.059705,0.225010,0.205140,0.227320,0.218735,0.100735,0.108693,0.106559,0.108971,0.052850,0.040339,0.080608,0.043953
1190,3.713603,3.706262,4.462535,3.044188,0.058243,0.061349,0.061380,0.059263,0.240852,0.217211,0.242849,0.230646,0.101831,0.109439,0.107017,0.109864,0.051012,0.044946,0.081216,0.048236
1200,3.660697,3.664006,4.474542,2.948316,0.058691,0.060912,0.061276,0.058772,0.254862,0.226624,0.262136,0.245462,0.103365,0.111116,0.108488,0.111652,0.052923,0.046812,0.081298,0.045428
1210,3.619201,3.616977,4.495034,2.833192,0.058455,0.060014,0.060526,0.058043,0.275366,0.234686,0.287571,0.262712,0.105544,0.113345,0.110346,0.113768,0.050912,0.044873,0.079217,0.045623
1220,3.592644,3.570826,4.525778,2.710626,0.058323,0.060028,0.060295,0.057997,0.299223,0.247965,0.312746,0.284311,0.106046,0.112916,0.109645,0.113520,0.043541,0.044565,0.075270,0.041746
1230,3.536413,3.521427,4.542834,2.594407,0.057437,0.059914,0.060067,0.057812,0.322874,0.264108,0.340275,0.308145,0.106295,0.112668,0.108882,0.112984,0.046394,0.045424,0.069565,0.043440
1240,3.496790,3.481326,4.585295,2.471828,0.057828,0.060184,0.060352,0.057941,0.340179,0.281711,0.355990,0.326194,0.105271,0.111561,0.107850,0.111611,0.042343,0.043433,0.071027,0.042075
1250,3.435710,3.421977,4.603679,2.333507,0.057671,0.060008,0.060470,0.057701,0.365350,0.294378,0.386593,0.347586,0.104210,0.109381,0.106456,0.109759,0.037399,0.044537,0.070046,0.042243
1260,3.378765,3.363179,4.628028,2.190875,0.058241,0.059635,0.060801,0.057236,0.391392,0.310316,0.414543,0.375365,0.103271,0.107718,0.104810,0.108223,0.037931,0.044230,0.065787,0.038454
1270,3.340965,3.323130,4.630010,2.108248,0.057836,0.059289,0.060758,0.056712,0.412343,0.323700,0.427210,0.394139,0.103192,0.107753,0.104382,0.108226,0.039555,0.042841,0.070747,0.038194
1280,3.301494,3.301973,4.639298,2.056568,0.057808,0.059044,0.060788,0.056392,0.417678,0.338223,0.435012,0.402414,0.102643,0.106943,0.102809,0.107481,0.034127,0.040133,0.067820,0.038741
1290,3.286200,3.267259,4.635779,1.990429,0.057936,0.059230,0.060687,0.056360,0.430657,0.343518,0.447542,0.414289,0.102190,0.107071,0.102668,0.107420,0.041639,0.043300,0.068141,0.039298
1300,3.255619,3.246518,4.651289,1.932728,0.058065,0.059325,0.060246,0.056344,0.440184,0.355329,0.457107,0.425067,0.100908,0.105343,0.101191,0.105950,0.039935,0.039932,0.066602,0.037809
1310,3.214924,3.227876,4.649577,1.895916,0.058034,0.059431,0.060020,0.056306,0.444078,0.368098,0.457364,0.429520,0.100357,0.105565,0.101615,0.106284,0.042430,0.038579,0.065233,0.035850
1320,3.191629,3.204113,4.645010,1.852348,0.058226,0.059648,0.060019,0.056421,0.449755,0.375839,0.463800,0.436642,0.100049,0.104990,0.100990,0.105625,0.041785,0.039848,0.063996,0.034776
1330,3.190880,3.195503,4.658450,1.823494,0.058237,0.059596,0.059963,0.056291,0.449089,0.376781,0.465546,0.437633,0.099618,0.104535,0.100987,0.105135,0.043452,0.040108,0.059746,0.039161
1340,3.196435,3.179755,4.654727,1.795870,0.058152,0.059675,0.059741,0.056225,0.456060,0.383525,0.468616,0.443673,0.098485,0.103542,0.100310,0.103823,0.039338,0.037300,0.054697,0.034029
1350,3.164276,3.165755,4.658484,1.763682,0.058172,0.059841,0.059742,0.056311,0.462132,0.388003,0.474771,0.450031,0.097627,0.103081,0.100068,0.103332,0.041633,0.038411,0.052861,0.038731
1360,3.113517,3.126837,4.639029,1.703753,0.058337,0.059967,0.059324,0.056410,0.469718,0.393812,0.484287,0.456282,0.096419,0.102093,0.098805,0.102353,0.045384,0.035964,0.052035,0.039159
1370,3.104974,3.106761,4.643275,1.659312,0.058388,0.059979,0.059050,0.056373,0.474269,0.396050,0.490222,0.461969,0.095335,0.101117,0.097653,0.101293,0.046192,0.034473,0.052712,0.040597
1380,3.089034,3.088462,4.658800,1.606905,0.058384,0.060034,0.058723,0.056332,0.483031,0.405093,0.495827,0.469357,0.095646,0.101390,0.098259,0.101777,0.044068,0.036129,0.051010,0.034318
1390,3.079829,3.070299,4.657046,1.572627,0.058381,0.060196,0.058412,0.056523,0.489478,0.415646,0.500830,0.478151,0.093670,0.100324,0.097755,0.100450,0.042480,0.034414,0.048771,0.038887
1400,3.083856,3.063545,4.655243,1.560077,0.058220,0.060211,0.058206,0.056505,0.492340,0.413649,0.505081,0.482053,0.094241,0.100604,0.098617,0.100493,0.041956,0.035896,0.046506,0.039457
1410,3.046929,3.048751,4.644814,1.541125,0.058294,0.060417,0.057555,0.056726,0.494042,0.414140,0.506823,0.481318,0.092980,0.099736,0.097235,0.099406,0.048146,0.035141,0.047347,0.038123
1420,3.032584,3.059285,4.672689,1.534584,0.058254,0.060615,0.057218,0.056873,0.493728,0.420222,0.508067,0.481541,0.092331,0.099116,0.096702,0.098908,0.052649,0.038044,0.045256,0.045849
1430,3.028939,3.030246,4.630614,1.517516,0.058275,0.060657,0.057007,0.056911,0.497524,0.422305,0.512113,0.487426,0.092053,0.098986,0.096265,0.098766,0.044520,0.033349,0.046440,0.038950
1440,3.028363,3.030467,4.637289,1.510945,0.058139,0.060686,0.056757,0.056949,0.500714,0.427055,0.512787,0.490455,0.092411,0.099781,0.097776,0.099293,0.045728,0.035389,0.044805,0.036781
1450,3.040278,3.018536,4.623795,1.500200,0.058049,0.060626,0.056487,0.056891,0.500307,0.427261,0.513694,0.490235,0.092090,0.099131,0.096653,0.098512,0.045453,0.036079,0.045191,0.037990
1460,3.004829,3.006728,4.616259,1.484282,0.057921,0.060792,0.056335,0.057017,0.504041,0.429476,0.516208,0.493881,0.091244,0.098928,0.096143,0.098288,0.044694,0.035262,0.043533,0.038079
1470,2.994434,3.004871,4.616582,1.480055,0.057798,0.060769,0.056318,0.057025,0.506061,0.435061,0.516231,0.495810,0.090730,0.098282,0.095642,0.097461,0.047191,0.035625,0.041537,0.040916
1480,3.022585,3.005311,4.628777,1.468649,0.057698,0.060778,0.056041,0.056926,0.506261,0.432671,0.518976,0.494859,0.091069,0.098474,0.095758,0.097909,0.051421,0.035481,0.040902,0.040649
1490,3.003978,2.992236,4.603277,1.467622,0.057520,0.060735,0.055734,0.056965,0.506686,0.435141,0.519635,0.496574,0.090268,0.098176,0.095699,0.097608,0.045153,0.034816,0.042375,0.038537
1500,3.002537,2.982431,4.593428,1.457290,0.057295,0.060601,0.055472,0.056835,0.507076,0.432676,0.520392,0.497246,0.089806,0.097494,0.094373,0.096800,0.045500,0.031970,0.043418,0.038447
1510,2.998047,2.985014,4.604560,1.451539,0.057103,0.060445,0.055530,0.056633,0.507844,0.430562,0.520311,0.496052,0.090233,0.097880,0.095108,0.097406,0.045798,0.032278,0.041415,0.041603
1520,2.973522,2.976976,4.594217,1.445870,0.056977,0.060388,0.054995,0.056617,0.507232,0.437027,0.520349,0.496346,0.089155,0.096923,0.094493,0.096691,0.050375,0.034711,0.039309,0.044595
1530,2.972552,2.969885,4.581860,1.443555,0.056931,0.060388,0.054680,0.056628,0.508075,0.437871,0.521124,0.494515,0.088961,0.096817,0.095234,0.096637,0.048608,0.034118,0.040638,0.046938
1540,2.979589,2.964679,4.584216,1.430702,0.056883,0.060339,0.054721,0.056614,0.510913,0.439817,0.522659,0.500393,0.089152,0.097168,0.095479,0.096938,0.041965,0.031811,0.041190,0.040119
1550,2.960825,2.967846,4.598224,1.423399,0.056769,0.060246,0.054481,0.056586,0.511826,0.440417,0.524143,0.500882,0.087999,0.096214,0.095124,0.096355,0.051540,0.032028,0.039944,0.045419
1560,2.989639,2.958191,4.580484,1.421478,0.056874,0.060081,0.054582,0.056451,0.511717,0.437178,0.523488,0.501222,0.088101,0.096313,0.094997,0.096648,0.053765,0.039074,0.040622,0.042529
1570,2.964377,2.960321,4.587510,1.418868,0.056853,0.060178,0.054230,0.056516,0.510952,0.439849,0.523933,0.499950,0.087615,0.096470,0.094425,0.096820,0.052849,0.038917,0.040669,0.041837
1580,2.935618,2.957061,4.584987,1.413854,0.056530,0.059916,0.054330,0.056351,0.512530,0.439923,0.524875,0.501492,0.087564,0.096159,0.094538,0.095787,0.047006,0.032487,0.040248,0.037047
1590,2.974697,2.950669,4.573451,1.412655,0.056501,0.059705,0.053965,0.056342,0.513948,0.440784,0.525401,0.503920,0.087368,0.096663,0.094427,0.096559,0.050560,0.040500,0.039986,0.043825
1600,2.942203,2.945911,4.567425,1.409050,0.056402,0.059395,0.054171,0.056116,0.511373,0.440284,0.523454,0.499886,0.087851,0.096099,0.095600,0.096341,0.046560,0.035508,0.038209,0.042865
1610,2.963438,2.946448,4.578217,1.399648,0.056382,0.059504,0.054325,0.056138,0.514628,0.440359,0.525952,0.504704,0.087858,0.095765,0.096242,0.096349,0.041334,0.033679,0.041607,0.034695
1620,2.941342,2.943040,4.574979,1.396491,0.056260,0.059354,0.054354,0.055938,0.515503,0.439927,0.527128,0.505482,0.087850,0.096320,0.096765,0.096961,0.042301,0.036430,0.042022,0.035901
1630,2.932547,2.946017,4.572765,1.404582,0.056320,0.059064,0.054320,0.055948,0.513871,0.437370,0.523799,0.504003,0.087047,0.095415,0.095791,0.095856,0.043675,0.035732,0.039866,0.038080
1640,2.923458,2.932784,4.559019,1.391029,0.056263,0.059108,0.054208,0.056105,0.515788,0.441296,0.526856,0.504821,0.086844,0.095896,0.096114,0.095943,0.046184,0.039335,0.038232,0.042929
1650,2.931567,2.933940,4.564376,1.388212,0.056279,0.058801,0.054103,0.056159,0.516837,0.442425,0.527205,0.505847,0.087638,0.097493,0.097149,0.096977,0.044526,0.038206,0.039398,0.035157
1660,2.936282,2.927645,4.551169,1.387418,0.056102,0.058603,0.054448,0.056017,0.516841,0.447541,0.526107,0.506963,0.086596,0.095917,0.095867,0.095314,0.042206,0.041956,0.040032,0.035949
1670,2.932698,2.918589,4.538280,1.382134,0.056117,0.058375,0.054159,0.055961,0.516600,0.446776,0.526875,0.507847,0.085640,0.094776,0.095375,0.094965,0.045148,0.036437,0.040106,0.040487
1680,2.910045,2.918203,4.542782,1.377805,0.056195,0.058378,0.054580,0.056014,0.515826,0.439609,0.527457,0.504145,0.086782,0.094566,0.096950,0.095408,0.049358,0.042532,0.039001,0.042179
1690,2.935031,2.923330,4.557297,1.374125,0.055975,0.058359,0.054402,0.055837,0.516327,0.435999,0.528017,0.504492,0.085602,0.094342,0.095863,0.095270,0.045110,0.042682,0.042078,0.038619
1700,2.934598,2.930207,4.562358,1.383197,0.056283,0.058139,0.054473,0.056071,0.513231,0.436385,0.525160,0.503128,0.086915,0.095546,0.097750,0.096571,0.055917,0.045654,0.036801,0.047003
1710,2.914055,2.909603,4.531616,1.371747,0.056151,0.058007,0.054696,0.055943,0.518168,0.445922,0.528582,0.506749,0.086484,0.094279,0.097194,0.095610,0.049602,0.039310,0.035800,0.041467
1720,2.928968,2.900215,4.522000,1.362269,0.056247,0.058037,0.054324,0.056105,0.519300,0.451169,0.529233,0.509224,0.086268,0.095288,0.096903,0.095905,0.048985,0.038452,0.037757,0.040188
1730,2.910885,2.903828,4.534431,1.357479,0.056197,0.057713,0.054376,0.055958,0.518322,0.444576,0.529238,0.508361,0.085436,0.094372,0.096151,0.094925,0.057710,0.046256,0.041194,0.049827
1740,2.900356,2.903522,4.532839,1.357295,0.056196,0.057561,0.054425,0.056089,0.518572,0.449188,0.528992,0.507261,0.086471,0.094708,0.096771,0.095723,0.054113,0.044378,0.038842,0.047295
1750,2.892188,2.900405,4.530328,1.354034,0.056194,0.057646,0.054158,0.056008,0.519665,0.449997,0.529425,0.511013,0.086029,0.094730,0.096866,0.095684,0.048110,0.037366,0.037457,0.036281
1760,2.903042,2.895445,4.526319,1.347763,0.056193,0.057661,0.053926,0.055957,0.519829,0.451808,0.529401,0.510717,0.085747,0.095802,0.097034,0.096373,0.043401,0.041044,0.039593,0.036183
1770,2.910475,2.896723,4.523584,1.353502,0.056248,0.057678,0.054164,0.056141,0.514586,0.440929,0.528184,0.503758,0.084958,0.093866,0.096005,0.095147,0.054757,0.045614,0.040261,0.044521
1780,2.903597,2.890713,4.510980,1.353938,0.056479,0.057963,0.054323,0.056221,0.515588,0.442965,0.526901,0.504539,0.085365,0.094497,0.097239,0.096074,0.049833,0.040014,0.039005,0.040416
1790,2.910178,2.885952,4.515152,1.339297,0.056290,0.057986,0.054358,0.056269,0.518397,0.448590,0.529447,0.508731,0.084691,0.094432,0.096536,0.094908,0.050379,0.038032,0.037770,0.042202
1800,2.896490,2.890591,4.525081,1.339945,0.056595,0.057915,0.054417,0.056205,0.518970,0.450971,0.529701,0.508203,0.085671,0.096151,0.097687,0.096200,0.052974,0.045059,0.037753,0.042338
1810,2.929145,2.883278,4.505700,1.344048,0.056613,0.057593,0.054548,0.056251,0.516798,0.441889,0.529008,0.505751,0.084822,0.095231,0.096606,0.096000,0.050510,0.039157,0.036995,0.042245
1820,2.880316,2.880807,4.510438,1.334112,0.056457,0.057655,0.054787,0.056342,0.518549,0.453230,0.528995,0.507749,0.086102,0.096285,0.097967,0.097898,0.051018,0.035212,0.036077,0.040795
1830,2.875084,2.882299,4.513599,1.334647,0.056800,0.057816,0.054745,0.056418,0.518291,0.450066,0.529072,0.507842,0.085829,0.096356,0.098452,0.097819,0.042812,0.031768,0.035240,0.035643
1840,2.851591,2.877889,4.507791,1.330796,0.056823,0.058128,0.054340,0.056347,0.517062,0.445870,0.528994,0.506228,0.084810,0.095500,0.097155,0.096152,0.054149,0.036981,0.035386,0.040762
1850,2.860675,2.871634,4.501466,1.325178,0.057068,0.058405,0.054280,0.056580,0.518255,0.443958,0.529314,0.506907,0.083827,0.095614,0.096673,0.096316,0.048830,0.033278,0.035454,0.034658
1860,2.871028,2.868670,4.499996,1.320494,0.057141,0.057912,0.054420,0.056483,0.518541,0.446455,0.529664,0.508030,0.084112,0.096023,0.097051,0.097175,0.048446,0.033118,0.035980,0.033702
1870,2.876736,2.862897,4.484205,1.324403,0.056800,0.057873,0.054424,0.056444,0.517546,0.449780,0.527773,0.506491,0.084590,0.096417,0.097525,0.097444,0.051136,0.032718,0.035208,0.034982
1880,2.877903,2.867491,4.497379,1.319611,0.057360,0.058262,0.054732,0.056660,0.519443,0.453370,0.529155,0.510634,0.084867,0.097584,0.098871,0.098921,0.038893,0.031316,0.036361,0.029503
1890,2.879155,2.858026,4.487435,1.311693,0.057077,0.058089,0.054591,0.056515,0.519444,0.452360,0.529931,0.508890,0.084963,0.097856,0.098854,0.098684,0.049300,0.031720,0.036745,0.036336
1900,2.859286,2.854511,4.486333,1.305255,0.057476,0.058276,0.054494,0.056836,0.519918,0.447644,0.530713,0.509171,0.085417,0.098625,0.099254,0.099143,0.048508,0.033808,0.036624,0.036094
1910,2.851714,2.854151,4.490375,1.300782,0.057079,0.058013,0.054269,0.056637,0.520996,0.451045,0.530663,0.511528,0.084766,0.098357,0.099048,0.098841,0.048236,0.032290,0.036872,0.037349
1920,2.860759,2.848786,4.476046,1.303864,0.057649,0.058225,0.054117,0.056875,0.520443,0.453077,0.530595,0.510813,0.083960,0.098104,0.098824,0.098460,0.050978,0.032256,0.035614,0.035494
1930,2.857122,2.854897,4.489104,1.303330,0.057399,0.058237,0.054440,0.056946,0.519150,0.447285,0.530114,0.509166,0.083621,0.098045,0.099415,0.098024,0.047556,0.030904,0.034680,0.034403
1940,2.866840,2.852120,4.488976,1.298257,0.057751,0.058444,0.054375,0.056973,0.520100,0.447973,0.530832,0.509046,0.084523,0.098902,0.101024,0.099217,0.046897,0.032798,0.033556,0.031126
1950,2.872392,2.851895,4.487479,1.299367,0.057481,0.058397,0.054361,0.056799,0.519471,0.448693,0.529548,0.508963,0.083976,0.098235,0.101088,0.098844,0.042041,0.030197,0.034595,0.029234
1960,2.865911,2.844424,4.479947,1.291500,0.057479,0.058210,0.054328,0.056784,0.519493,0.447310,0.530494,0.507956,0.083832,0.098288,0.101819,0.098749,0.047231,0.032138,0.034449,0.034905
1970,2.849281,2.841660,4.472310,1.293181,0.057566,0.058272,0.054528,0.057201,0.519001,0.447111,0.530470,0.507690,0.083683,0.098545,0.102128,0.098271,0.045382,0.031329,0.035337,0.032060
1980,2.839170,2.838214,4.468971,1.288964,0.057753,0.058193,0.054525,0.057338,0.520129,0.450688,0.530664,0.510406,0.084313,0.099355,0.103226,0.098835,0.048704,0.033070,0.034707,0.036138
1990,2.853575,2.839277,4.471463,1.288155,0.057561,0.058037,0.054618,0.057491,0.518990,0.453736,0.530125,0.505839,0.083546,0.098560,0.102193,0.098939,0.044544,0.032086,0.033445,0.034459
2000,2.827231,2.835256,4.471727,1.281568,0.057674,0.058780,0.054595,0.057609,0.518326,0.450632,0.528956,0.507175,0.083162,0.098291,0.102619,0.098501,0.049531,0.030846,0.032717,0.032211
2010,2.842585,2.828694,4.461256,1.278659,0.057659,0.058734,0.054947,0.057642,0.517939,0.446351,0.530347,0.505826,0.083699,0.099286,0.104364,0.098533,0.048883,0.035167,0.033504,0.034666
2020,2.833345,2.831796,4.470728,1.275247,0.057578,0.058847,0.054637,0.057912,0.518941,0.446527,0.530138,0.506784,0.084468,0.099991,0.105381,0.099712,0.050270,0.030722,0.033732,0.037694
2030,2.840745,2.828724,4.460317,1.279163,0.057682,0.058731,0.054457,0.058011,0.519112,0.447604,0.529956,0.507592,0.083530,0.098863,0.104603,0.098875,0.044068,0.028828,0.033727,0.031166
2040,2.836529,2.827965,4.472836,1.265757,0.057773,0.058732,0.054872,0.058401,0.519458,0.441656,0.530217,0.509101,0.084048,0.099603,0.105741,0.099670,0.044206,0.032506,0.033446,0.031561
2050,2.813198,2.818931,4.456455,1.263743,0.057744,0.058812,0.054878,0.058663,0.517770,0.442552,0.529944,0.505433,0.084040,0.099587,0.105833,0.099530,0.048150,0.032540,0.035136,0.032449
2060,2.826237,2.822170,4.464625,1.261747,0.058057,0.058862,0.054723,0.058884,0.518251,0.444154,0.530104,0.505632,0.082810,0.098956,0.105386,0.098885,0.052693,0.036588,0.037121,0.041024
2070,2.823871,2.815301,4.446504,1.266190,0.058395,0.058997,0.055099,0.059226,0.517907,0.442128,0.530722,0.505648,0.082973,0.098441,0.105529,0.098643,0.038052,0.027581,0.034553,0.028602
2080,2.825109,2.811720,4.441317,1.263974,0.057796,0.058682,0.055143,0.058760,0.518806,0.445125,0.529654,0.507020,0.083811,0.099602,0.106410,0.100141,0.049076,0.039657,0.043746,0.036722
2090,2.803113,2.812234,4.451066,1.255725,0.057428,0.058708,0.055313,0.058980,0.518095,0.442880,0.529886,0.505560,0.084289,0.099536,0.106571,0.100644,0.046593,0.035794,0.038044,0.037853
2100,2.801731,2.810476,4.438414,1.264069,0.057583,0.058706,0.055098,0.059204,0.512765,0.432906,0.527628,0.500220,0.083402,0.098588,0.105815,0.099487,0.050548,0.035171,0.033637,0.039157
2110,2.814195,2.803821,4.434602,1.254987,0.057778,0.058644,0.054739,0.058938,0.514433,0.434409,0.528960,0.502079,0.082566,0.098158,0.105571,0.099565,0.042825,0.031437,0.038099,0.034114
2120,2.813148,2.814309,4.459784,1.251066,0.057804,0.058748,0.054997,0.059235,0.515543,0.432190,0.529685,0.502969,0.083046,0.098194,0.105812,0.099257,0.040115,0.027621,0.031224,0.029520
2130,2.796342,2.801044,4.430144,1.252923,0.057743,0.058890,0.054960,0.059336,0.515535,0.436378,0.529798,0.502700,0.082767,0.098714,0.106599,0.099733,0.049545,0.030457,0.033678,0.035621
2140,2.801614,2.801407,4.440415,1.244049,0.057994,0.058592,0.055015,0.059323,0.517324,0.445063,0.529151,0.503931,0.082621,0.098237,0.106271,0.099638,0.051849,0.034348,0.039437,0.040182
2150,2.813977,2.803557,4.439405,1.249370,0.057524,0.058740,0.055305,0.059300,0.516539,0.438314,0.529523,0.502496,0.083135,0.097979,0.106122,0.099443,0.047650,0.034213,0.035903,0.036135
2160,2.794048,2.802378,4.437526,1.248699,0.057734,0.058802,0.055204,0.059567,0.516973,0.433951,0.529494,0.503896,0.083707,0.098200,0.107279,0.100503,0.051780,0.032850,0.032507,0.035597
2170,2.786921,2.789972,4.427486,1.233784,0.057793,0.059020,0.054945,0.059675,0.517437,0.440582,0.530288,0.504715,0.082619,0.096903,0.105753,0.099093,0.052100,0.032068,0.038147,0.038036
2180,2.790199,2.795855,4.433533,1.239401,0.057606,0.058880,0.055206,0.059385,0.515869,0.429179,0.530011,0.501900,0.083830,0.097171,0.106138,0.099540,0.044536,0.030490,0.034813,0.032144
2190,2.814916,2.794328,4.430121,1.239938,0.058047,0.058959,0.055060,0.059608,0.519088,0.436014,0.529814,0.504982,0.083576,0.097569,0.106957,0.099194,0.051361,0.033529,0.033163,0.037738
2200,2.801136,2.797127,4.428004,1.247733,0.057490,0.058997,0.055492,0.059726,0.515385,0.417475,0.529582,0.501636,0.083916,0.097175,0.106798,0.099206,0.050242,0.031772,0.031108,0.034928
2210,2.806007,2.789140,4.416646,1.241839,0.058078,0.059156,0.055321,0.059718,0.515261,0.426825,0.529355,0.502179,0.084145,0.097854,0.107507,0.100434,0.048886,0.033634,0.042784,0.035734
2220,2.785199,2.785672,4.418981,1.233653,0.058000,0.059060,0.055462,0.059746,0.516106,0.426890,0.529550,0.501840,0.083036,0.097009,0.105935,0.099502,0.051894,0.035626,0.042860,0.038326
2230,2.804871,2.782733,4.405768,1.240613,0.057976,0.059165,0.055244,0.059879,0.515188,0.416078,0.529345,0.500085,0.083057,0.097290,0.106739,0.099374,0.054749,0.034347,0.041895,0.037280
2240,2.788299,2.787277,4.428821,1.227145,0.057867,0.059008,0.055542,0.060043,0.515690,0.430891,0.529803,0.501536,0.083429,0.096502,0.106159,0.098426,0.055075,0.035050,0.043498,0.038430
2250,2.783146,2.780811,4.407351,1.235313,0.057815,0.059034,0.055840,0.060029,0.513180,0.416459,0.528231,0.498966,0.083014,0.096236,0.106119,0.098409,0.047402,0.032304,0.039695,0.035297
2260,2.788144,2.782265,4.421196,1.224493,0.057800,0.059126,0.055595,0.059969,0.516039,0.415930,0.530407,0.501831,0.083041,0.096389,0.105923,0.098416,0.044159,0.030468,0.034235,0.032173
2270,2.785570,2.771832,4.404709,1.220060,0.057967,0.059221,0.055436,0.059990,0.515563,0.415775,0.529636,0.501286,0.083008,0.096985,0.106355,0.098840,0.046751,0.030228,0.034796,0.035654
2280,2.777004,2.781367,4.414606,1.227562,0.057793,0.059428,0.055535,0.060319,0.515548,0.421998,0.530369,0.503747,0.083093,0.096923,0.106595,0.098244,0.051032,0.032942,0.035550,0.042504
2290,2.757113,2.773719,4.402381,1.225662,0.057510,0.059373,0.055973,0.060334,0.513951,0.390355,0.529245,0.499510,0.083035,0.096677,0.106700,0.098489,0.043736,0.030920,0.036151,0.033282
2300,2.769339,2.768442,4.400997,1.216658,0.057881,0.059453,0.055824,0.060477,0.512818,0.393985,0.529331,0.497561,0.082512,0.096372,0.106357,0.098931,0.048172,0.029550,0.039507,0.031676
2310,2.775124,2.766805,4.397578,1.216985,0.057483,0.059286,0.055927,0.060316,0.516479,0.399330,0.529943,0.498993,0.082558,0.095459,0.105913,0.098405,0.056350,0.032186,0.042081,0.038428
2320,2.774838,2.765252,4.398756,1.212437,0.057515,0.059555,0.056097,0.060436,0.515564,0.393989,0.529410,0.500869,0.082368,0.095300,0.106206,0.097624,0.054799,0.033827,0.041482,0.037092
2330,2.749942,2.769789,4.409047,1.211959,0.057347,0.059402,0.056239,0.060320,0.514840,0.388436,0.528970,0.499586,0.083645,0.096611,0.108150,0.099265,0.053095,0.031290,0.040766,0.033304
2340,2.744135,2.759541,4.391667,1.208151,0.057901,0.059455,0.056200,0.060456,0.511069,0.363678,0.528650,0.494530,0.083510,0.096695,0.107405,0.099901,0.052114,0.031043,0.042417,0.038721
2350,2.772761,2.756195,4.392545,1.200436,0.057609,0.059320,0.056449,0.060528,0.515376,0.375971,0.528674,0.498696,0.083242,0.096400,0.106539,0.098935,0.057493,0.033065,0.041934,0.037380
2360,2.772068,2.765070,4.405264,1.206290,0.058076,0.059391,0.056520,0.060736,0.515120,0.364242,0.529049,0.498091,0.082723,0.095883,0.106790,0.098047,0.045272,0.030080,0.045847,0.035243
2370,2.742140,2.760524,4.393377,1.208079,0.057531,0.059433,0.057071,0.060732,0.515637,0.354576,0.527607,0.499511,0.084161,0.096514,0.108132,0.099341,0.062693,0.037770,0.044452,0.046925
2380,2.788555,2.753083,4.385609,1.201801,0.057845,0.059232,0.056777,0.060687,0.512566,0.373039,0.529393,0.496067,0.083986,0.096644,0.108958,0.098914,0.053297,0.034643,0.043632,0.042866
2390,2.767780,2.752963,4.385505,1.200611,0.057685,0.059256,0.056753,0.060719,0.513902,0.354494,0.529319,0.495023,0.083739,0.096035,0.108339,0.098788,0.063033,0.033693,0.042905,0.049089
2400,2.780921,2.749138,4.381201,1.194978,0.057385,0.059182,0.056834,0.060757,0.513051,0.347648,0.528386,0.496565,0.083877,0.095998,0.108089,0.099305,0.057276,0.032627,0.044698,0.045065
2410,2.746256,2.749178,4.377832,1.201708,0.057466,0.059340,0.056744,0.060737,0.508953,0.344932,0.528148,0.489386,0.084385,0.096497,0.107961,0.099539,0.058769,0.036997,0.043590,0.045291
2420,2.740722,2.741815,4.377256,1.187119,0.057393,0.059401,0.056922,0.060982,0.516229,0.337402,0.530452,0.499502,0.084294,0.096083,0.107408,0.099127,0.064997,0.036420,0.043309,0.049746
2430,2.734103,2.740425,4.381945,1.179959,0.057005,0.059120,0.057118,0.061075,0.515000,0.325094,0.530222,0.496804,0.084981,0.096787,0.108226,0.099872,0.054810,0.031606,0.045579,0.043871
2440,2.753594,2.744716,4.378668,1.192145,0.057595,0.059315,0.056775,0.061353,0.511391,0.327412,0.528244,0.491068,0.084864,0.096434,0.108735,0.100002,0.065872,0.039156,0.044054,0.052449
2450,2.749799,2.742903,4.394031,1.172744,0.057078,0.059122,0.057114,0.061127,0.515121,0.313271,0.535194,0.496762,0.083711,0.095117,0.107479,0.098533,0.045990,0.027842,0.042570,0.041485
2460,2.683597,2.698210,4.377490,1.098759,0.056934,0.058930,0.057371,0.060659,0.520226,0.314063,0.544852,0.498034,0.079428,0.090236,0.101894,0.093383,0.058606,0.038235,0.043338,0.043625
2470,2.692286,2.688677,4.370192,1.087088,0.057298,0.059162,0.057120,0.060470,0.524854,0.313539,0.548458,0.505586,0.079387,0.090742,0.102266,0.094064,0.059396,0.038795,0.042637,0.046544
2480,2.690720,2.680690,4.367506,1.073168,0.057071,0.059327,0.057085,0.060240,0.526652,0.296764,0.550822,0.501730,0.079372,0.091085,0.102711,0.094202,0.058281,0.031966,0.044041,0.045417
2490,2.691171,2.684103,4.371958,1.075610,0.056935,0.059071,0.057229,0.060127,0.526197,0.306490,0.549748,0.502591,0.079300,0.090904,0.102350,0.094167,0.057135,0.032690,0.043758,0.044890
2500,2.675645,2.672698,4.363677,1.060965,0.056880,0.059270,0.057235,0.060404,0.530255,0.314622,0.551846,0.508162,0.078745,0.091206,0.102248,0.094476,0.062986,0.038139,0.043077,0.049479
2510,2.665049,2.678835,4.371157,1.065981,0.056270,0.059043,0.057400,0.060222,0.527870,0.285448,0.551786,0.503733,0.079367,0.091838,0.102611,0.095253,0.060034,0.037214,0.043938,0.049870
2520,2.674014,2.679986,4.375035,1.064711,0.056582,0.059873,0.057332,0.060906,0.524096,0.287303,0.550910,0.497622,0.079833,0.090969,0.102273,0.094528,0.050319,0.029272,0.042762,0.045126
2530,2.691255,2.678670,4.369483,1.067443,0.056170,0.059366,0.057122,0.060320,0.529699,0.259034,0.551668,0.500571,0.079278,0.090907,0.102083,0.094400,0.067609,0.036625,0.041266,0.053613
2540,2.688990,2.671601,4.360784,1.061666,0.055898,0.059413,0.056856,0.060158,0.530975,0.256042,0.552789,0.507700,0.078672,0.090183,0.101201,0.093424,0.059390,0.034456,0.040022,0.048697
2550,2.667511,2.674267,4.368617,1.059011,0.056094,0.059504,0.056637,0.060398,0.528653,0.242799,0.552905,0.505789,0.078988,0.090531,0.100839,0.094068,0.053263,0.030825,0.039074,0.044326
2560,2.698291,2.671049,4.361231,1.060241,0.056037,0.059607,0.056373,0.060462,0.533731,0.263833,0.549919,0.510202,0.079125,0.090594,0.100117,0.093983,0.060022,0.038361,0.041602,0.047936
2570,2.659444,2.670671,4.355711,1.064705,0.056063,0.059635,0.056301,0.060441,0.525939,0.212154,0.551746,0.499740,0.079499,0.090960,0.101123,0.093984,0.057838,0.030888,0.041633,0.048737
2580,2.664988,2.666232,4.342129,1.069483,0.055836,0.059587,0.056514,0.060231,0.523732,0.215395,0.550437,0.497267,0.079851,0.091373,0.102081,0.094976,0.057281,0.030596,0.041688,0.047600
2590,2.656467,2.657093,4.343979,1.049225,0.055847,0.059231,0.056439,0.060058,0.528808,0.219620,0.553359,0.499962,0.079566,0.090724,0.101552,0.094252,0.059028,0.034841,0.042905,0.046166
2600,2.650178,2.656139,4.335417,1.055507,0.055649,0.059390,0.056373,0.060168,0.527969,0.222423,0.550955,0.500368,0.079197,0.089885,0.101327,0.093643,0.057212,0.033423,0.041353,0.045169
2610,2.646206,2.656523,4.342051,1.049812,0.056056,0.059388,0.056231,0.060285,0.529320,0.208670,0.553413,0.502144,0.079803,0.090575,0.101166,0.094170,0.056990,0.028452,0.040601,0.047577
2620,2.657622,2.654489,4.345888,1.041918,0.055616,0.059166,0.056356,0.059969,0.530471,0.196531,0.554724,0.501589,0.079787,0.090507,0.101423,0.094039,0.054402,0.027751,0.041216,0.047600
2630,2.665542,2.654900,4.341618,1.046314,0.055762,0.059542,0.056422,0.059931,0.526470,0.179690,0.553527,0.495170,0.080334,0.090609,0.101942,0.094723,0.056589,0.027615,0.042871,0.042976
2640,2.653200,2.653052,4.341524,1.042732,0.055748,0.059240,0.056331,0.059846,0.531283,0.190857,0.551688,0.503136,0.080513,0.090806,0.101613,0.094916,0.060538,0.032394,0.043163,0.049565
2650,2.644857,2.645216,4.327851,1.040580,0.055486,0.059560,0.056253,0.059807,0.528642,0.179338,0.552853,0.501085,0.080786,0.091491,0.102020,0.095136,0.054577,0.029834,0.039735,0.046047
2660,2.652115,2.649263,4.339294,1.037903,0.055606,0.059450,0.056431,0.059655,0.524189,0.174754,0.550784,0.494100,0.080507,0.090797,0.102810,0.095794,0.063123,0.032725,0.039145,0.051986
2670,2.656987,2.650305,4.339762,1.039811,0.055589,0.059230,0.056477,0.059799,0.519634,0.163721,0.550984,0.486177,0.081023,0.091392,0.102636,0.095793,0.052333,0.029074,0.039289,0.049051
2680,2.664258,2.639846,4.321864,1.036361,0.055570,0.059533,0.056412,0.059645,0.529854,0.171502,0.552098,0.500702,0.081601,0.091615,0.101922,0.095752,0.056775,0.029544,0.042023,0.044693
2690,2.637978,2.642194,4.331696,1.031416,0.055342,0.059501,0.056314,0.059568,0.522733,0.157116,0.552025,0.493979,0.080760,0.090973,0.101920,0.095145,0.053367,0.030793,0.040267,0.046984
2700,2.637578,2.642277,4.328494,1.035275,0.055439,0.059226,0.056203,0.059353,0.524711,0.162115,0.550637,0.497958,0.081215,0.091071,0.101702,0.095566,0.062820,0.034209,0.040702,0.054557
2710,2.649587,2.624363,4.305714,1.021237,0.055402,0.059221,0.055868,0.059424,0.521789,0.156842,0.555593,0.493714,0.080165,0.090033,0.100824,0.094280,0.048736,0.029021,0.039890,0.045521
2720,2.587284,2.588006,4.306376,0.947240,0.055386,0.059430,0.056070,0.059543,0.526931,0.151612,0.563405,0.492074,0.078062,0.087731,0.098976,0.091876,0.054198,0.030794,0.039859,0.047988
2730,2.568716,2.572834,4.301056,0.921993,0.055200,0.059139,0.056054,0.059195,0.533924,0.151016,0.567328,0.503375,0.077214,0.086534,0.098331,0.091429,0.057053,0.030737,0.038403,0.049426
2740,2.579937,2.566180,4.300339,0.908794,0.055404,0.059373,0.056078,0.059439,0.543873,0.154697,0.572729,0.511734,0.075869,0.085323,0.096499,0.089626,0.056724,0.030468,0.038694,0.048649
2750,2.567422,2.573933,4.318323,0.906887,0.055368,0.059486,0.056033,0.059315,0.539463,0.146137,0.572770,0.505322,0.076233,0.085524,0.095761,0.089624,0.051153,0.029524,0.038346,0.048834
2760,2.570922,2.577287,4.309816,0.922563,0.055187,0.059136,0.056186,0.058847,0.537704,0.140969,0.569770,0.508831,0.075047,0.085019,0.095546,0.089694,0.051913,0.028865,0.039964,0.045883
2770,2.570412,2.578157,4.303463,0.930976,0.055577,0.059526,0.055890,0.059169,0.531481,0.142505,0.568073,0.494624,0.075440,0.085761,0.096249,0.090623,0.052364,0.028169,0.037262,0.044957
2780,2.548815,2.568409,4.304122,0.909890,0.055687,0.059528,0.055954,0.059384,0.541234,0.134750,0.571240,0.511865,0.076588,0.086695,0.097371,0.091361,0.049852,0.029463,0.039608,0.043722
2790,2.569869,2.569135,4.304397,0.911686,0.055354,0.059208,0.056088,0.059112,0.543165,0.142111,0.572973,0.510153,0.076710,0.086103,0.097253,0.091444,0.053518,0.032409,0.038675,0.048439
2800,2.563702,2.562597,4.302213,0.900973,0.055380,0.059372,0.055913,0.059246,0.545607,0.137286,0.572961,0.513739,0.076142,0.085511,0.096105,0.090175,0.050062,0.028493,0.037389,0.043481
2810,2.550451,2.568850,4.309780,0.906096,0.055417,0.059446,0.055964,0.059092,0.545141,0.139435,0.573196,0.513529,0.076386,0.085614,0.096238,0.090379,0.054645,0.031896,0.039912,0.046708
2820,2.567530,2.568213,4.310547,0.904086,0.055371,0.059470,0.056070,0.058879,0.535912,0.124412,0.573503,0.498403,0.075515,0.084940,0.095515,0.089449,0.048822,0.028064,0.039106,0.044523
2830,2.565058,2.567666,4.299678,0.914066,0.055314,0.059336,0.056241,0.058959,0.542049,0.133431,0.570167,0.509797,0.075334,0.084747,0.096345,0.090227,0.053863,0.032748,0.037405,0.050290
2840,2.553313,2.557738,4.297010,0.896290,0.055534,0.059494,0.055999,0.059192,0.544579,0.128483,0.575576,0.515538,0.076083,0.085234,0.096156,0.090035,0.051046,0.030920,0.038746,0.048336
2850,2.562550,2.556021,4.288214,0.901688,0.055302,0.059688,0.055878,0.059092,0.526615,0.114805,0.572806,0.497047,0.075795,0.084999,0.095345,0.089341,0.046510,0.026968,0.038877,0.045136
2860,2.555405,2.551108,4.289599,0.890702,0.055177,0.059583,0.055995,0.058735,0.545627,0.124240,0.574462,0.512180,0.075766,0.085055,0.095820,0.090643,0.047471,0.026807,0.037661,0.044499
2870,2.567003,2.554910,4.294985,0.893104,0.055859,0.060109,0.055890,0.059036,0.538677,0.120180,0.574442,0.495385,0.076470,0.085311,0.095632,0.090046,0.053698,0.031784,0.036719,0.048993
2880,2.543254,2.550558,4.281883,0.897415,0.055174,0.059590,0.056082,0.058737,0.534721,0.121334,0.570523,0.496960,0.076296,0.085394,0.096542,0.090506,0.045907,0.027193,0.037849,0.046522
2890,2.549604,2.549810,4.281324,0.896379,0.055426,0.059577,0.055968,0.058297,0.539305,0.121297,0.571962,0.502317,0.076858,0.086168,0.096761,0.091179,0.053066,0.030625,0.036963,0.046174
2900,2.547883,2.558802,4.288501,0.907711,0.055331,0.059819,0.056267,0.058541,0.534120,0.115286,0.569572,0.503437,0.075814,0.085377,0.096736,0.091172,0.052576,0.030469,0.037032,0.048671
2910,2.556476,2.551392,4.275594,0.905454,0.055547,0.059661,0.055961,0.058478,0.538472,0.122334,0.570862,0.508920,0.076255,0.085755,0.097143,0.091224,0.043909,0.024790,0.038789,0.042840
2920,2.547413,2.546463,4.275721,0.895012,0.055171,0.059455,0.056113,0.058408,0.544219,0.127969,0.572986,0.506839,0.076360,0.085178,0.097359,0.091572,0.046985,0.027042,0.037581,0.045127
2930,2.532114,2.539935,4.271024,0.886930,0.055545,0.059395,0.055936,0.058574,0.547062,0.128864,0.574449,0.518444,0.076743,0.085287,0.096812,0.091164,0.049207,0.029288,0.038577,0.048526
2940,2.563598,2.551902,4.286321,0.895911,0.055578,0.059605,0.055987,0.058615,0.535975,0.121343,0.572536,0.506628,0.076120,0.084909,0.096877,0.090685,0.047035,0.027236,0.039669,0.044232
2950,2.539397,2.544600,4.281175,0.886137,0.055761,0.059919,0.055964,0.058655,0.539333,0.120823,0.573230,0.506013,0.076932,0.085334,0.097456,0.091474,0.047058,0.027517,0.039958,0.044901
2960,2.551523,2.548438,4.288702,0.886593,0.055354,0.059710,0.055837,0.058859,0.538443,0.119661,0.573976,0.503403,0.075897,0.084609,0.096766,0.090296,0.048073,0.029712,0.036967,0.049330
2970,2.539418,2.537104,4.270631,0.881602,0.055359,0.059671,0.055793,0.058317,0.540698,0.125415,0.574475,0.508964,0.076236,0.085287,0.097260,0.090434,0.046204,0.027551,0.039142,0.047300
2980,2.525208,2.532432,4.273392,0.869865,0.055281,0.059733,0.055985,0.058242,0.542354,0.124961,0.576061,0.505169,0.077075,0.085324,0.097558,0.091428,0.048868,0.028606,0.036777,0.043277
2990,2.532404,2.536604,4.269111,0.882431,0.055534,0.059921,0.056169,0.058307,0.547626,0.118040,0.576102,0.511969,0.075900,0.084850,0.096758,0.090609,0.049586,0.030708,0.037126,0.047657
3000,2.541729,2.547010,4.269024,0.903617,0.055525,0.060007,0.056191,0.058324,0.517251,0.124202,0.570661,0.488980,0.075875,0.085048,0.097505,0.091720,0.044121,0.028402,0.037336,0.046842
3010,2.528220,2.525664,4.261210,0.868152,0.055857,0.059955,0.056068,0.058487,0.542834,0.116522,0.576595,0.507531,0.076406,0.085347,0.096922,0.091804,0.046337,0.027504,0.037327,0.046205
3020,2.540910,2.542647,4.286016,0.877922,0.055652,0.059952,0.055978,0.058548,0.545550,0.122389,0.576179,0.510822,0.076514,0.085221,0.096987,0.092115,0.049546,0.030230,0.038411,0.047348
3030,2.545474,2.545946,4.278914,0.891632,0.055434,0.059974,0.055989,0.058349,0.543257,0.120508,0.574628,0.511762,0.076088,0.085210,0.097131,0.091451,0.049388,0.029563,0.035607,0.047107
3040,2.531596,2.534495,4.270165,0.877216,0.055322,0.060068,0.056052,0.058280,0.532226,0.123163,0.572393,0.502124,0.077298,0.086898,0.098334,0.092439,0.043538,0.027306,0.036242,0.046539
3050,2.519558,2.539963,4.270791,0.887927,0.055592,0.060259,0.056086,0.058305,0.533315,0.116362,0.571673,0.498346,0.077508,0.087101,0.098530,0.092873,0.045921,0.027430,0.037591,0.046565
3060,2.523304,2.526452,4.259831,0.871427,0.055574,0.060277,0.056235,0.058132,0.543420,0.128678,0.574749,0.509115,0.077618,0.086854,0.099087,0.093778,0.047920,0.027720,0.037407,0.047536
3070,2.528299,2.542595,4.284983,0.878970,0.056057,0.060324,0.056238,0.058366,0.533096,0.114314,0.572556,0.503986,0.077607,0.087130,0.098332,0.093125,0.048266,0.028214,0.034983,0.049775
3080,2.516392,2.540817,4.277466,0.882981,0.055638,0.060526,0.056427,0.058310,0.542782,0.127123,0.571409,0.508852,0.076981,0.086394,0.098993,0.093825,0.047608,0.026889,0.038633,0.047396
3090,2.531168,2.521357,4.248369,0.872637,0.056388,0.060934,0.056332,0.058611,0.539819,0.129578,0.573516,0.505959,0.076742,0.086515,0.098356,0.093124,0.047734,0.029574,0.038816,0.047734
3100,2.510142,2.510611,4.262317,0.836990,0.055881,0.060672,0.056425,0.057972,0.536778,0.114906,0.577551,0.500412,0.075536,0.084378,0.096890,0.091295,0.046609,0.028035,0.039122,0.049669
3110,2.511105,2.504917,4.271990,0.815429,0.055508,0.060153,0.056014,0.058098,0.537966,0.123883,0.581825,0.494577,0.072775,0.081332,0.092497,0.088133,0.046039,0.026662,0.039271,0.047246
3120,2.473717,2.468854,4.262181,0.752204,0.055321,0.059928,0.055975,0.058230,0.551034,0.114748,0.594626,0.509492,0.072305,0.081335,0.092945,0.087355,0.046312,0.028158,0.036610,0.046476
3130,2.466511,2.472734,4.259681,0.762930,0.055171,0.059926,0.055944,0.058082,0.551986,0.124380,0.593564,0.511215,0.072072,0.081889,0.093626,0.087321,0.044098,0.025886,0.038806,0.036329
3140,2.457615,2.468947,4.250736,0.764150,0.055517,0.060013,0.055889,0.058090,0.557606,0.128846,0.592933,0.518947,0.072478,0.082151,0.093760,0.088378,0.045873,0.027853,0.037572,0.040383
3150,2.472349,2.463576,4.253785,0.750288,0.055456,0.059973,0.056007,0.058055,0.556580,0.123546,0.596234,0.519823,0.072650,0.082409,0.093723,0.088775,0.043750,0.027391,0.036598,0.040737
3160,2.481191,2.477631,4.262868,0.769596,0.055341,0.059854,0.056182,0.057842,0.557046,0.126144,0.594459,0.512929,0.073166,0.082502,0.093197,0.088443,0.045553,0.028996,0.036286,0.037140
3170,2.462528,2.475350,4.276209,0.751926,0.055456,0.059857,0.055861,0.057906,0.558076,0.126867,0.597429,0.513733,0.072598,0.082416,0.093429,0.088232,0.044476,0.026375,0.035109,0.032986
3180,2.465397,2.477012,4.275360,0.755959,0.055827,0.060165,0.056087,0.057953,0.545481,0.114985,0.594746,0.502192,0.072746,0.081847,0.092805,0.088172,0.044194,0.027479,0.038517,0.036102
3190,2.476566,2.468544,4.257699,0.756668,0.055627,0.059996,0.056288,0.057641,0.547729,0.135284,0.594422,0.504198,0.072650,0.081969,0.093348,0.089296,0.043893,0.027333,0.037440,0.038531
3200,2.472653,2.460827,4.247765,0.750792,0.055390,0.060016,0.056290,0.057974,0.559489,0.126380,0.597796,0.510876,0.072453,0.082038,0.093541,0.089246,0.046954,0.030052,0.037970,0.037307
3210,2.467019,2.468264,4.258546,0.755262,0.055229,0.059946,0.056269,0.057961,0.551748,0.116913,0.594968,0.509411,0.072607,0.082343,0.093221,0.089104,0.046586,0.030568,0.036447,0.037714
3220,2.475998,2.460745,4.246899,0.751385,0.054998,0.059985,0.056147,0.058024,0.552185,0.116624,0.597698,0.508139,0.072579,0.082147,0.092932,0.088616,0.042767,0.025900,0.036869,0.031781
3230,2.453254,2.471981,4.267478,0.753909,0.055603,0.060107,0.056067,0.057754,0.547044,0.122694,0.593277,0.502198,0.072378,0.082027,0.093593,0.089296,0.042197,0.028754,0.035281,0.031545
3240,2.464524,2.464711,4.250728,0.755819,0.055532,0.060117,0.056175,0.057704,0.551587,0.120149,0.594592,0.516296,0.072303,0.082609,0.093966,0.090038,0.042868,0.027973,0.038229,0.032735
3250,2.506099,2.477336,4.253679,0.778693,0.055473,0.059951,0.056073,0.057437,0.543669,0.113500,0.591669,0.510317,0.072442,0.082888,0.094245,0.090294,0.043967,0.027542,0.036650,0.030603
3260,2.476042,2.468122,4.267732,0.745979,0.055949,0.060556,0.056034,0.058015,0.546904,0.119760,0.596200,0.517970,0.073067,0.083086,0.094554,0.090737,0.045873,0.028935,0.036535,0.038986
3270,2.440889,2.452204,4.244501,0.736865,0.055561,0.060448,0.056234,0.057687,0.548676,0.118650,0.598154,0.517742,0.072409,0.082462,0.093627,0.089852,0.041632,0.026174,0.036982,0.035495
3280,2.473785,2.463090,4.252301,0.751234,0.055774,0.060284,0.056373,0.057688,0.550937,0.127908,0.596238,0.514314,0.072442,0.082432,0.094248,0.090493,0.047396,0.027946,0.036833,0.042642
3290,2.432467,2.453819,4.245377,0.739278,0.055884,0.060414,0.056588,0.057776,0.549086,0.124533,0.598011,0.508376,0.072185,0.082493,0.093875,0.090110,0.044898,0.026272,0.036861,0.039240
3300,2.478055,2.459302,4.251369,0.744220,0.055765,0.060134,0.056598,0.057512,0.548397,0.124603,0.594819,0.507937,0.072682,0.083020,0.094153,0.090739,0.047130,0.029053,0.037712,0.044922
3310,2.458411,2.458117,4.256710,0.736696,0.055305,0.060012,0.056441,0.057326,0.552544,0.117730,0.596156,0.511040,0.073178,0.083785,0.094580,0.091832,0.047917,0.027805,0.038151,0.042117
3320,2.445049,2.452719,4.240899,0.741386,0.055576,0.060229,0.056453,0.057457,0.544111,0.120756,0.595404,0.499882,0.073063,0.083792,0.095317,0.091888,0.044083,0.027214,0.036594,0.037887
3330,2.460719,2.457248,4.250410,0.740910,0.055351,0.060219,0.056690,0.057364,0.537573,0.117705,0.592880,0.500642,0.073531,0.083950,0.095721,0.092095,0.041884,0.026737,0.034831,0.038554
3340,2.479186,2.476051,4.254785,0.774743,0.055581,0.060290,0.056788,0.057470,0.534353,0.121549,0.588549,0.506137,0.073115,0.083893,0.095460,0.091853,0.042136,0.027714,0.035165,0.040681
3350,2.454912,2.454664,4.244493,0.741817,0.055965,0.060364,0.056731,0.057541,0.542740,0.110683,0.593174,0.507296,0.073240,0.084179,0.094861,0.091838,0.042830,0.025644,0.036924,0.037610
3360,2.466404,2.447220,4.233704,0.737459,0.055843,0.060409,0.056742,0.057431,0.543662,0.126222,0.594638,0.512151,0.072613,0.083375,0.095480,0.092907,0.042866,0.026012,0.035467,0.036745
3370,2.452183,2.448778,4.238095,0.736466,0.055513,0.060355,0.056541,0.057442,0.535958,0.115347,0.594151,0.508841,0.073184,0.083708,0.095083,0.092448,0.042280,0.025446,0.037660,0.033244
3380,2.454030,2.448141,4.245887,0.727176,0.055723,0.060281,0.056585,0.057667,0.546132,0.122648,0.593180,0.509988,0.074286,0.085221,0.096065,0.093322,0.044262,0.027882,0.036977,0.032339
3390,2.440961,2.442103,4.230992,0.729682,0.055324,0.060095,0.056364,0.057347,0.544250,0.128436,0.597129,0.510364,0.073340,0.084580,0.095738,0.093125,0.044196,0.026979,0.036579,0.032656
3400,2.438636,2.445642,4.251544,0.716618,0.055659,0.060276,0.056550,0.057296,0.528569,0.128080,0.593685,0.496550,0.073490,0.084231,0.096041,0.093560,0.044868,0.028791,0.036379,0.032772
3410,2.458448,2.451663,4.251058,0.729173,0.055599,0.060449,0.056390,0.057392,0.523451,0.128345,0.594159,0.496474,0.073883,0.085017,0.096398,0.093997,0.044289,0.026338,0.034248,0.032577
3420,2.463765,2.448999,4.248611,0.726418,0.055821,0.060323,0.056313,0.057336,0.548708,0.136655,0.594891,0.512455,0.074337,0.085400,0.097344,0.094788,0.043082,0.025659,0.035152,0.036504
3430,2.435158,2.442966,4.239998,0.722731,0.055678,0.059937,0.056240,0.056868,0.539156,0.128638,0.595422,0.501706,0.074971,0.085939,0.098242,0.095235,0.042457,0.026664,0.036717,0.031639
3440,2.456850,2.440196,4.246172,0.711035,0.055794,0.060165,0.056681,0.057226,0.526910,0.120010,0.594568,0.489511,0.074621,0.085472,0.097320,0.095041,0.041720,0.025798,0.035650,0.031054
3450,2.427126,2.437286,4.245379,0.706037,0.055742,0.060165,0.056918,0.056922,0.535434,0.129441,0.596322,0.497538,0.074140,0.086195,0.098215,0.096583,0.042816,0.025359,0.035014,0.031979
3460,2.413627,2.433711,4.247051,0.697054,0.055515,0.060078,0.056812,0.056850,0.523944,0.117299,0.597844,0.496444,0.074721,0.086994,0.100461,0.100008,0.039470,0.024595,0.030944,0.028474
3470,2.435076,2.430515,4.243886,0.693663,0.055428,0.059877,0.056862,0.056503,0.534821,0.116205,0.597114,0.499980,0.074594,0.086289,0.101517,0.100659,0.043168,0.026926,0.027768,0.032776
3480,2.437526,2.425798,4.254116,0.673984,0.055841,0.060351,0.057217,0.057040,0.531428,0.121965,0.593824,0.501959,0.075298,0.087333,0.103643,0.102973,0.043898,0.026705,0.021543,0.033023
3490,2.422316,2.422283,4.240995,0.680033,0.055905,0.060258,0.057177,0.056759,0.519273,0.126165,0.591912,0.500576,0.074825,0.087389,0.106096,0.105371,0.043067,0.026159,0.033231,0.035611
3500,2.423102,2.410228,4.235958,0.660598,0.055804,0.059969,0.056755,0.056384,0.528067,0.132842,0.597285,0.511175,0.075388,0.087765,0.109193,0.108022,0.042416,0.024664,0.032926,0.035061
3510,2.407856,2.410966,4.251815,0.646393,0.056051,0.060051,0.056730,0.056594,0.530757,0.131957,0.593340,0.490444,0.075480,0.088254,0.110048,0.108781,0.042521,0.026953,0.024045,0.032988
3520,2.399316,2.402644,4.236794,0.644445,0.055997,0.060125,0.056435,0.056418,0.528105,0.119059,0.592268,0.492497,0.075710,0.088972,0.110540,0.109965,0.041436,0.026582,0.026504,0.031706
3530,2.404610,2.398745,4.237107,0.636300,0.055850,0.060075,0.056501,0.056351,0.530913,0.133426,0.595063,0.496612,0.076126,0.089682,0.111560,0.112009,0.040163,0.025230,0.030828,0.029622
3540,2.391827,2.401050,4.237086,0.640686,0.055525,0.059854,0.056697,0.055971,0.524454,0.131639,0.594850,0.504994,0.075889,0.089649,0.111570,0.112123,0.048177,0.029271,0.026163,0.036836
3550,2.401167,2.400234,4.251377,0.625245,0.055963,0.060103,0.056721,0.056296,0.529265,0.125058,0.593735,0.489158,0.076085,0.089994,0.111672,0.111443,0.038558,0.025255,0.026037,0.027829
3560,2.426912,2.399823,4.235922,0.639512,0.055687,0.059626,0.056778,0.055944,0.527758,0.132781,0.597744,0.496527,0.076455,0.090011,0.112449,0.111717,0.042427,0.027013,0.024204,0.032595
3570,2.391735,2.404934,4.265783,0.620003,0.056113,0.060284,0.056479,0.056210,0.521013,0.120974,0.593355,0.497347,0.077133,0.091273,0.113501,0.113520,0.043853,0.027061,0.022523,0.034277
3580,2.396764,2.406725,4.252666,0.636869,0.055587,0.059646,0.056275,0.055870,0.510318,0.126635,0.591097,0.484251,0.076144,0.091268,0.112781,0.113860,0.043884,0.028078,0.023627,0.032706
3590,2.390509,2.385984,4.234542,0.612778,0.056252,0.060171,0.056415,0.056218,0.538599,0.141024,0.595958,0.500634,0.076078,0.091125,0.112913,0.113974,0.041526,0.027408,0.020325,0.033402
3600,2.393811,2.392309,4.247471,0.612634,0.056471,0.060258,0.056614,0.055909,0.519040,0.133622,0.596125,0.492525,0.076201,0.091031,0.112333,0.113565,0.043470,0.028113,0.020567,0.035393
3610,2.372406,2.365357,4.242800,0.562880,0.056972,0.060436,0.056590,0.056223,0.521619,0.122781,0.599304,0.495795,0.073857,0.088634,0.109779,0.110298,0.035601,0.026853,0.019621,0.034273
3620,2.341341,2.343935,4.246197,0.515913,0.057031,0.060317,0.056189,0.056172,0.531655,0.130407,0.611466,0.501645,0.072037,0.086957,0.108492,0.109612,0.033530,0.026866,0.020117,0.033612
3630,2.338748,2.345310,4.239587,0.525360,0.056862,0.059929,0.056025,0.056020,0.540972,0.128895,0.610740,0.493786,0.071981,0.087261,0.108593,0.108622,0.031822,0.026771,0.020020,0.033195
3640,2.338091,2.335624,4.240994,0.504141,0.056395,0.059567,0.056132,0.055852,0.549933,0.131079,0.617822,0.503474,0.072326,0.088093,0.109795,0.108968,0.035205,0.026013,0.018573,0.033673
3650,2.334461,2.336081,4.241962,0.504270,0.056612,0.059757,0.056307,0.056281,0.540947,0.123349,0.614638,0.500974,0.072244,0.088597,0.110250,0.109830,0.028916,0.027006,0.019249,0.033437
3660,2.336139,2.335663,4.243504,0.502057,0.056149,0.059694,0.056179,0.055949,0.548103,0.126888,0.617863,0.507198,0.072442,0.088084,0.110253,0.109877,0.031480,0.029652,0.020094,0.038593
3670,2.338024,2.338965,4.246949,0.504936,0.056255,0.059683,0.056231,0.055768,0.544261,0.127778,0.617883,0.513947,0.072848,0.088874,0.111142,0.111743,0.025783,0.025291,0.018691,0.034393
3680,2.338569,2.332822,4.227021,0.512752,0.056453,0.059718,0.056153,0.055852,0.533611,0.121196,0.614588,0.500478,0.073214,0.089439,0.110237,0.110980,0.025557,0.026126,0.019205,0.034953
3690,2.340472,2.333764,4.235211,0.506491,0.056462,0.059852,0.056179,0.056123,0.543838,0.130402,0.610727,0.511297,0.073366,0.089834,0.110145,0.110668,0.028308,0.027735,0.019522,0.036778
3700,2.337308,2.330266,4.243564,0.490924,0.056331,0.059876,0.055757,0.056087,0.552797,0.129915,0.617860,0.507387,0.073371,0.090105,0.110605,0.110304,0.027015,0.025453,0.019916,0.030164
3710,2.324313,2.321144,4.225727,0.490092,0.056147,0.059768,0.055709,0.055982,0.544200,0.119993,0.616660,0.516702,0.073508,0.090166,0.110576,0.110279,0.026636,0.026006,0.018923,0.032120
3720,2.325032,2.322061,4.229126,0.488670,0.056386,0.059849,0.055768,0.056350,0.541113,0.117913,0.611651,0.493492,0.072951,0.090144,0.111110,0.110281,0.023946,0.024676,0.019334,0.033364
3730,2.336217,2.334540,4.250732,0.492682,0.056270,0.059801,0.055762,0.056171,0.546322,0.126342,0.613590,0.510803,0.073136,0.090602,0.110915,0.109900,0.028067,0.026841,0.019573,0.037747
3740,2.320697,2.321826,4.230140,0.487040,0.056605,0.060092,0.055820,0.056275,0.550803,0.128642,0.614874,0.510211,0.073837,0.091154,0.111292,0.110100,0.026107,0.025968,0.019168,0.035911
3750,2.328569,2.328173,4.246964,0.483609,0.056647,0.060272,0.055528,0.056416,0.542119,0.131420,0.615084,0.497337,0.073845,0.091347,0.111352,0.109926,0.026672,0.026836,0.018452,0.037582
3760,2.307711,2.316297,4.229737,0.476620,0.056400,0.060200,0.055554,0.056360,0.549861,0.131008,0.614539,0.510577,0.073705,0.091464,0.111394,0.110721,0.026722,0.025966,0.018556,0.035288
3770,2.308982,2.320409,4.226223,0.487939,0.056058,0.059898,0.055605,0.056155,0.536133,0.129044,0.615437,0.506940,0.074725,0.092445,0.111569,0.110911,0.026936,0.026031,0.019085,0.035134
3780,2.321179,2.328315,4.242185,0.488554,0.056168,0.060065,0.055529,0.056214,0.530061,0.117141,0.610326,0.503089,0.074890,0.092711,0.111162,0.111539,0.028517,0.027734,0.018527,0.040461
3790,2.317876,2.325509,4.232609,0.492561,0.056412,0.060055,0.055597,0.056278,0.536043,0.120139,0.610684,0.506551,0.074704,0.093060,0.112377,0.111780,0.024636,0.024761,0.018624,0.033949
3800,2.340659,2.332933,4.254216,0.485805,0.056127,0.059912,0.055743,0.056006,0.526588,0.124844,0.615982,0.500718,0.074456,0.093191,0.112853,0.111946,0.030097,0.029098,0.018381,0.041350
3810,2.314981,2.319426,4.241299,0.471406,0.056933,0.060261,0.055811,0.056554,0.537100,0.119460,0.616803,0.504974,0.073676,0.092017,0.111320,0.110765,0.024117,0.025644,0.018152,0.035127
3820,2.320099,2.324171,4.235274,0.486991,0.057152,0.060440,0.055963,0.056920,0.526709,0.121726,0.608742,0.491056,0.074193,0.091799,0.111697,0.110509,0.023876,0.024432,0.018330,0.032827
3830,2.301928,2.313647,4.225396,0.475621,0.056925,0.060559,0.055953,0.056937,0.542433,0.126874,0.609986,0.495814,0.074892,0.093412,0.112141,0.111162,0.026561,0.025652,0.018297,0.032952
3840,2.323593,2.319469,4.231363,0.481443,0.056513,0.060340,0.056030,0.056420,0.548757,0.129581,0.610564,0.513062,0.074225,0.093593,0.112451,0.112202,0.026456,0.025777,0.018139,0.037539
3850,2.313476,2.310959,4.225374,0.470208,0.056410,0.060468,0.056043,0.056221,0.538215,0.121042,0.615280,0.503300,0.074893,0.094310,0.112753,0.112475,0.024888,0.025402,0.018246,0.036600
3860,2.304775,2.304590,4.226908,0.455756,0.056294,0.060232,0.055819,0.056073,0.545027,0.118382,0.617444,0.510326,0.076185,0.095702,0.113946,0.113470,0.023683,0.024699,0.018365,0.034372
3870,2.322161,2.311653,4.225093,0.471913,0.056279,0.060249,0.055963,0.056193,0.545635,0.131885,0.612826,0.506752,0.076042,0.095057,0.113438,0.113061,0.025403,0.025903,0.018374,0.035483
3880,2.321817,2.324583,4.232840,0.490460,0.056312,0.060407,0.055832,0.056347,0.542128,0.120522,0.613349,0.493856,0.076339,0.094997,0.112526,0.112752,0.025327,0.025265,0.018038,0.035891
3890,2.328881,2.314446,4.223714,0.479005,0.056159,0.060360,0.055921,0.056423,0.544579,0.135354,0.615364,0.514593,0.075502,0.094520,0.113311,0.113020,0.024947,0.025203,0.017791,0.037930
3900,2.303481,2.307757,4.223291,0.465807,0.056833,0.060521,0.055756,0.056609,0.544688,0.129332,0.617097,0.495579,0.075472,0.095172,0.113165,0.111355,0.024838,0.025923,0.017571,0.039045
3910,2.308174,2.314428,4.240577,0.462233,0.056281,0.060496,0.055514,0.056489,0.535075,0.120533,0.616856,0.517129,0.075914,0.095749,0.114248,0.113596,0.020915,0.023315,0.017597,0.034121
3920,2.303069,2.311567,4.234773,0.461867,0.056888,0.060538,0.055550,0.056757,0.529887,0.119733,0.612286,0.488591,0.076398,0.096244,0.113870,0.113843,0.026063,0.025289,0.017583,0.038319
3930,2.293648,2.306453,4.235254,0.451016,0.056258,0.060453,0.055772,0.056545,0.553103,0.134005,0.618329,0.505273,0.076216,0.095650,0.112688,0.112727,0.021957,0.022602,0.017834,0.034287
3940,2.301951,2.303201,4.233585,0.446321,0.056853,0.060689,0.055727,0.057112,0.540137,0.120173,0.611187,0.497131,0.076605,0.095973,0.114072,0.113211,0.024931,0.025448,0.017452,0.036495
3950,2.329365,2.325784,4.234426,0.491341,0.057110,0.061054,0.056042,0.057313,0.537392,0.115955,0.611059,0.493888,0.075820,0.095631,0.113653,0.112320,0.026872,0.026123,0.017061,0.040383
3960,2.317430,2.300952,4.226778,0.448459,0.056953,0.061033,0.056220,0.057060,0.543081,0.123055,0.615646,0.511328,0.076170,0.096246,0.113592,0.112016,0.024265,0.024675,0.017100,0.037029
3970,2.295451,2.302548,4.226532,0.451809,0.056958,0.061193,0.055816,0.056856,0.548821,0.126541,0.617350,0.498749,0.076630,0.096562,0.114339,0.112799,0.024583,0.024585,0.016853,0.036971
3980,2.290133,2.302093,4.233675,0.443989,0.057163,0.061039,0.055721,0.056653,0.543405,0.119444,0.616994,0.495792,0.076918,0.096648,0.114064,0.113135,0.025762,0.025784,0.016891,0.039856
3990,2.308270,2.308324,4.226663,0.463642,0.056536,0.060530,0.055513,0.056811,0.543790,0.121493,0.611161,0.492205,0.076710,0.096724,0.113124,0.112207,0.024318,0.024548,0.016591,0.040206
4000,2.290613,2.308740,4.216371,0.474664,0.057253,0.061200,0.055376,0.057344,0.541217,0.116212,0.610191,0.502429,0.076813,0.097082,0.114644,0.112919,0.026753,0.025888,0.016541,0.039278
4010,2.302235,2.298978,4.223308,0.448023,0.057327,0.061211,0.055211,0.057206,0.542703,0.127067,0.614775,0.482725,0.077040,0.097167,0.114478,0.113379,0.024293,0.025068,0.016634,0.031136
4020,2.288652,2.294178,4.223299,0.438191,0.057008,0.060972,0.055265,0.056863,0.551777,0.129477,0.617855,0.491972,0.077798,0.098590,0.116021,0.114862,0.025908,0.025578,0.016438,0.036813
4030,2.301915,2.294173,4.230098,0.431522,0.057131,0.060857,0.055269,0.056916,0.549393,0.128553,0.619989,0.500348,0.077469,0.098111,0.115460,0.113799,0.025275,0.025245,0.016314,0.039397
4040,2.297304,2.309302,4.237255,0.455088,0.057020,0.061403,0.055318,0.057097,0.535588,0.128214,0.613941,0.487289,0.076991,0.097276,0.114853,0.112830,0.025164,0.025532,0.015919,0.036145
4050,2.299306,2.306617,4.224739,0.462066,0.056817,0.061582,0.055294,0.057044,0.536573,0.123320,0.614107,0.500799,0.077338,0.097398,0.115345,0.113741,0.026180,0.026435,0.016005,0.037459
4060,2.295687,2.309582,4.235291,0.457409,0.057109,0.061005,0.055238,0.057231,0.543318,0.141872,0.609152,0.498774,0.076933,0.097478,0.114455,0.112906,0.025111,0.025872,0.016360,0.034478
4070,2.279429,2.289816,4.232594,0.420176,0.057500,0.061205,0.055361,0.057437,0.546328,0.128540,0.619207,0.487786,0.077068,0.097394,0.115707,0.113947,0.027163,0.026163,0.015996,0.037382
4080,2.286588,2.287069,4.231348,0.415459,0.057273,0.061628,0.055595,0.057552,0.551868,0.122653,0.624661,0.494150,0.077614,0.097994,0.116056,0.113540,0.028470,0.026602,0.016065,0.041280
4090,2.288354,2.293733,4.229866,0.430612,0.057465,0.062312,0.055364,0.057733,0.549369,0.133827,0.618261,0.491557,0.077915,0.098348,0.117534,0.113671,0.025267,0.025234,0.016185,0.039060
4100,2.295614,2.304617,4.239339,0.443357,0.057285,0.062234,0.055377,0.057841,0.530693,0.114960,0.610741,0.481680,0.078488,0.098262,0.117501,0.114699,0.023156,0.024782,0.015745,0.035647
4110,2.292778,2.302290,4.232376,0.445569,0.057159,0.061974,0.055159,0.057659,0.530992,0.123282,0.609710,0.480705,0.077656,0.097878,0.115286,0.113386,0.025083,0.025329,0.015847,0.033695
4120,2.289419,2.284548,4.223892,0.418127,0.057773,0.062624,0.055165,0.058176,0.535494,0.125551,0.615371,0.487047,0.078056,0.098244,0.115884,0.113544,0.025305,0.026311,0.015843,0.034199
4130,2.283952,2.301543,4.223211,0.453335,0.057566,0.062773,0.055469,0.058177,0.534912,0.118577,0.606429,0.491702,0.077458,0.098258,0.116357,0.114574,0.025196,0.025543,0.015979,0.037554
4140,2.315170,2.295427,4.234370,0.429603,0.057479,0.062513,0.055233,0.057790,0.529851,0.135840,0.614440,0.490270,0.076905,0.098256,0.116999,0.114850,0.021337,0.023069,0.015952,0.031884
4150,2.290477,2.283761,4.216891,0.423589,0.057255,0.062469,0.055268,0.057750,0.548699,0.125696,0.617642,0.489256,0.078512,0.099575,0.117469,0.115811,0.026955,0.026313,0.015526,0.037350
4160,2.283132,2.273347,4.209520,0.409660,0.057292,0.062413,0.055276,0.058025,0.538037,0.116289,0.615479,0.486654,0.079752,0.099969,0.117856,0.115459,0.025993,0.026184,0.015596,0.037783
4170,2.287199,2.275374,4.211918,0.411436,0.057590,0.062569,0.055275,0.058435,0.538387,0.122347,0.613362,0.493978,0.080742,0.100600,0.119491,0.116660,0.025964,0.025118,0.015428,0.037210
4180,2.275958,2.281972,4.224080,0.412524,0.057808,0.062772,0.055368,0.058451,0.531196,0.136205,0.613890,0.495159,0.079858,0.100719,0.119226,0.116394,0.025307,0.026248,0.015512,0.038117
4190,2.309095,2.279533,4.217921,0.413897,0.057617,0.062884,0.055533,0.058370,0.529440,0.132998,0.618169,0.481260,0.080002,0.100849,0.119638,0.116789,0.025127,0.026820,0.015455,0.033892
4200,2.284782,2.290914,4.228112,0.426786,0.057537,0.062624,0.055485,0.058480,0.543141,0.120874,0.613571,0.479780,0.079351,0.099911,0.117599,0.114933,0.027270,0.026880,0.015396,0.034733
4210,2.281376,2.275966,4.217456,0.407101,0.057547,0.063075,0.055215,0.058718,0.551050,0.130388,0.613349,0.492337,0.079961,0.100055,0.117930,0.115479,0.027880,0.026733,0.015122,0.033552
4220,2.275664,2.276213,4.225019,0.400097,0.057167,0.062593,0.055148,0.058402,0.536559,0.116751,0.617109,0.487815,0.080099,0.100340,0.119637,0.116298,0.025119,0.026843,0.014890,0.033475
4230,2.273185,2.274433,4.217017,0.404358,0.057274,0.062596,0.055070,0.058382,0.542397,0.119213,0.616313,0.492891,0.080909,0.101329,0.121107,0.117432,0.027261,0.026558,0.015021,0.037188
4240,2.263625,2.274859,4.221042,0.401283,0.057410,0.062743,0.055116,0.058510,0.537856,0.115727,0.616785,0.494890,0.080326,0.100460,0.120188,0.116861,0.025999,0.026639,0.014781,0.038677
4250,2.276901,2.263907,4.214315,0.385575,0.057587,0.063035,0.055061,0.058833,0.544584,0.121464,0.615102,0.509515,0.080267,0.100430,0.119936,0.117793,0.024502,0.025127,0.014891,0.033753
4260,2.265928,2.268922,4.221204,0.389091,0.057872,0.063090,0.055305,0.059019,0.539418,0.120108,0.611368,0.479662,0.080217,0.099569,0.119004,0.116419,0.027563,0.027306,0.015001,0.036011
4270,2.266493,2.273498,4.215672,0.403873,0.057749,0.062751,0.055273,0.058777,0.533058,0.124252,0.612992,0.479441,0.080187,0.099273,0.119021,0.115238,0.026178,0.027418,0.014514,0.034876
4280,2.271585,2.273537,4.223711,0.395515,0.058184,0.062872,0.055158,0.059215,0.537679,0.120925,0.606064,0.478930,0.080531,0.100267,0.119600,0.116038,0.026873,0.027160,0.014590,0.040755
4290,2.260302,2.266286,4.218041,0.386973,0.057807,0.063113,0.055396,0.059441,0.533640,0.115665,0.606278,0.491336,0.080904,0.100827,0.119826,0.117740,0.026491,0.026696,0.014530,0.036621
4300,2.261292,2.259329,4.208632,0.382201,0.058089,0.063255,0.055528,0.059444,0.554409,0.131154,0.612472,0.493432,0.080429,0.100481,0.119783,0.117316,0.027298,0.028237,0.013979,0.039773
4310,2.277132,2.280451,4.218340,0.415490,0.057995,0.063218,0.055380,0.059322,0.547211,0.134408,0.605431,0.477873,0.080457,0.099852,0.118965,0.115944,0.027564,0.028297,0.013970,0.037171
4320,2.250860,2.265195,4.209146,0.393643,0.058030,0.063066,0.055152,0.059309,0.536404,0.117523,0.609797,0.480960,0.080509,0.099538,0.118687,0.114266,0.026745,0.027467,0.014060,0.036677
4330,2.262480,2.256630,4.210031,0.375327,0.057803,0.062836,0.055152,0.059093,0.547858,0.125229,0.611880,0.482885,0.081107,0.099710,0.119036,0.114877,0.025896,0.026771,0.013833,0.033867
4340,2.275089,2.277571,4.234447,0.393454,0.057535,0.062830,0.055273,0.058948,0.523561,0.118977,0.607268,0.465531,0.080698,0.099546,0.118668,0.116554,0.027466,0.027901,0.013841,0.039420
4350,2.266308,2.258758,4.214030,0.375626,0.057381,0.062701,0.055185,0.058701,0.540907,0.122838,0.612358,0.475363,0.081696,0.100404,0.118607,0.116993,0.028533,0.027630,0.013566,0.037466
4360,2.261273,2.261933,4.207345,0.388740,0.057330,0.062587,0.055270,0.058755,0.521232,0.111082,0.608884,0.469981,0.080693,0.099233,0.118090,0.115625,0.025520,0.026906,0.013275,0.036990
4370,2.246014,2.263661,4.210244,0.389270,0.057588,0.063053,0.055203,0.058981,0.523098,0.124874,0.602909,0.470273,0.078953,0.098019,0.117513,0.116116,0.026235,0.028033,0.013601,0.039871
4380,2.259212,2.261363,4.224019,0.371004,0.057008,0.062800,0.055267,0.058920,0.535118,0.122030,0.613852,0.493813,0.080897,0.099415,0.119189,0.117940,0.029786,0.028789,0.013030,0.044288
4390,2.270636,2.265817,4.227812,0.376191,0.057551,0.062830,0.055149,0.059009,0.534928,0.106853,0.608962,0.466713,0.081195,0.098970,0.119078,0.116383,0.031121,0.029145,0.013351,0.046007
4400,2.261526,2.265531,4.223877,0.379348,0.057796,0.062954,0.054987,0.059223,0.526235,0.113693,0.603319,0.439951,0.080459,0.098591,0.118870,0.115139,0.027732,0.028750,0.012821,0.039812
4410,2.257772,2.270019,4.234626,0.377955,0.057545,0.062832,0.055020,0.059133,0.547233,0.123740,0.603317,0.455914,0.081373,0.099215,0.119059,0.116266,0.030758,0.029108,0.012897,0.045688
4420,2.261446,2.259575,4.223519,0.367865,0.057484,0.062796,0.055039,0.059154,0.548338,0.120467,0.610053,0.470460,0.081609,0.100010,0.119884,0.116852,0.028985,0.029254,0.012355,0.045967
4430,2.257664,2.256028,4.214988,0.369204,0.057966,0.063028,0.055091,0.059187,0.521063,0.104466,0.605591,0.437403,0.081138,0.099576,0.119510,0.116642,0.026827,0.027219,0.013305,0.040567
4440,2.254251,2.259273,4.218663,0.372099,0.057378,0.062822,0.055032,0.058919,0.519531,0.100115,0.605733,0.453151,0.080168,0.098472,0.117890,0.115670,0.027716,0.027627,0.012578,0.037966
4450,2.248170,2.256677,4.213685,0.371828,0.057536,0.063011,0.055263,0.058602,0.542833,0.131992,0.606444,0.473166,0.080540,0.098638,0.118172,0.116084,0.027470,0.028494,0.012579,0.037295
4460,2.272852,2.261333,4.226212,0.368827,0.058215,0.063281,0.055293,0.059125,0.544529,0.106535,0.607640,0.467387,0.079705,0.097828,0.117703,0.114567,0.027938,0.028106,0.012482,0.039400
4470,2.247177,2.258773,4.210089,0.379726,0.057681,0.062784,0.055251,0.058839,0.537487,0.129501,0.604554,0.479421,0.079783,0.097731,0.117205,0.114872,0.029150,0.029035,0.012132,0.040981
4480,2.252487,2.250579,4.202404,0.370762,0.057584,0.062774,0.055599,0.058725,0.547400,0.126811,0.607958,0.474895,0.080680,0.098551,0.118727,0.115480,0.029395,0.030805,0.011879,0.042369
4490,2.258935,2.258416,4.220222,0.368679,0.057499,0.062882,0.055633,0.058804,0.534124,0.118074,0.606638,0.475326,0.080901,0.099420,0.120115,0.116233,0.028278,0.029201,0.011500,0.040600
4500,2.262470,2.262048,4.205469,0.390891,0.057654,0.062774,0.055671,0.058835,0.526207,0.125462,0.603723,0.464408,0.081680,0.099569,0.119066,0.116233,0.028397,0.029064,0.011615,0.039645
4510,2.246460,2.248504,4.201959,0.366978,0.057741,0.063113,0.055412,0.058930,0.533591,0.123592,0.605491,0.459993,0.082540,0.100514,0.120229,0.117929,0.028880,0.029310,0.011169,0.040769
4520,2.236207,2.240488,4.203133,0.349512,0.058020,0.063404,0.055236,0.058871,0.548933,0.114893,0.609516,0.475786,0.081329,0.098698,0.118370,0.116630,0.027034,0.027571,0.011357,0.043388
4530,2.249150,2.256211,4.222378,0.362281,0.057569,0.062937,0.055415,0.058688,0.557169,0.112192,0.608667,0.466481,0.081866,0.099233,0.119064,0.117545,0.027116,0.027820,0.010863,0.043502
4540,2.253920,2.253228,4.212640,0.365944,0.058310,0.063356,0.055585,0.059403,0.519203,0.112644,0.603199,0.450762,0.081620,0.099390,0.119406,0.117766,0.027383,0.028043,0.011025,0.042069
4550,2.267608,2.254997,4.211051,0.371054,0.058221,0.063601,0.055249,0.059757,0.541217,0.121483,0.601945,0.479468,0.082758,0.100877,0.120192,0.118487,0.025160,0.026104,0.010799,0.041982
4560,2.244657,2.243647,4.209907,0.349255,0.057808,0.063298,0.055328,0.059621,0.542619,0.130788,0.602547,0.464878,0.082417,0.099891,0.120005,0.117878,0.028824,0.027588,0.011052,0.043453
4570,2.234780,2.236876,4.203033,0.342355,0.057642,0.063051,0.054852,0.059488,0.542501,0.112016,0.603821,0.466641,0.082077,0.099799,0.119899,0.116818,0.028589,0.027653,0.010162,0.044140
4580,2.239355,2.249299,4.212357,0.358332,0.057878,0.062996,0.055012,0.059526,0.539332,0.117794,0.600533,0.457442,0.082065,0.099874,0.119593,0.116447,0.029408,0.027886,0.009811,0.048126
4590,2.257502,2.254757,4.227795,0.353949,0.057477,0.062621,0.055276,0.059265,0.540092,0.122296,0.603394,0.449516,0.083006,0.100551,0.119851,0.117842,0.028901,0.027984,0.010251,0.041520
4600,2.250006,2.255174,4.229833,0.352816,0.058039,0.062638,0.055255,0.059516,0.545761,0.122844,0.603207,0.443359,0.081547,0.099536,0.119338,0.117657,0.025892,0.027487,0.009783,0.040021
4610,2.245963,2.251101,4.213939,0.360316,0.058382,0.062976,0.055470,0.059644,0.556041,0.128100,0.601659,0.462198,0.081375,0.099668,0.119630,0.118417,0.030480,0.029575,0.009766,0.042482
4620,2.262949,2.251741,4.219944,0.355660,0.058308,0.063113,0.055646,0.059627,0.536978,0.110538,0.602306,0.442597,0.081033,0.099104,0.118877,0.117498,0.030988,0.029936,0.009827,0.045392
4630,2.241416,2.238178,4.211131,0.336885,0.058142,0.063194,0.055675,0.059691,0.535293,0.117292,0.604646,0.449549,0.081660,0.099572,0.119191,0.117812,0.030528,0.029008,0.009108,0.048875
4640,2.245612,2.247534,4.217642,0.349407,0.058141,0.062943,0.055704,0.059597,0.534950,0.109826,0.601655,0.444047,0.081872,0.099943,0.119326,0.118070,0.028225,0.027187,0.008825,0.043694
4650,2.242121,2.239721,4.202416,0.348719,0.057669,0.062825,0.055614,0.059220,0.531409,0.103979,0.598776,0.443463,0.082322,0.100675,0.119718,0.118248,0.028972,0.028628,0.009215,0.044986
4660,2.247131,2.239403,4.214852,0.335744,0.057710,0.062912,0.055880,0.059182,0.538265,0.116870,0.603251,0.453647,0.083708,0.101774,0.120651,0.119356,0.030750,0.030019,0.008722,0.047961
4670,2.225795,2.237324,4.201473,0.344863,0.058212,0.063378,0.055395,0.059593,0.525059,0.108416,0.601813,0.443510,0.082828,0.101123,0.120398,0.118639,0.031561,0.029833,0.008734,0.048656
4680,2.240608,2.237146,4.212393,0.333575,0.058291,0.064123,0.054980,0.059988,0.534913,0.120484,0.602134,0.427560,0.082251,0.099484,0.118922,0.116419,0.029996,0.029365,0.009035,0.038671
4690,2.239464,2.246464,4.202875,0.361977,0.058272,0.064218,0.054815,0.060077,0.527282,0.112064,0.595804,0.414058,0.082745,0.100851,0.119877,0.118255,0.031910,0.030167,0.008770,0.041429
4700,2.230836,2.240110,4.217307,0.334705,0.058074,0.064110,0.054959,0.060086,0.524621,0.113469,0.600258,0.415568,0.080760,0.098271,0.116662,0.115718,0.030699,0.030371,0.008327,0.040085
4710,2.262212,2.251286,4.230915,0.343659,0.058116,0.063812,0.055212,0.059887,0.532989,0.121056,0.600748,0.436175,0.081523,0.098985,0.118080,0.116629,0.028054,0.029740,0.007693,0.043739
4720,2.249540,2.242279,4.216959,0.339387,0.058059,0.063634,0.055553,0.059728,0.530191,0.118798,0.601838,0.433760,0.080668,0.098618,0.117029,0.116448,0.031343,0.030172,0.007741,0.047153
4730,2.224446,2.241791,4.211541,0.343767,0.057831,0.063405,0.055485,0.059464,0.529299,0.109311,0.599467,0.448877,0.081447,0.098785,0.116728,0.115876,0.031063,0.030274,0.007408,0.043595
4740,2.224269,2.233118,4.210094,0.327724,0.057828,0.063121,0.055502,0.059170,0.528643,0.118549,0.601614,0.454536,0.081806,0.099625,0.117639,0.116796,0.031790,0.031892,0.007590,0.046331
4750,2.240504,2.251770,4.226073,0.349616,0.057431,0.062775,0.055661,0.058611,0.541781,0.142324,0.602273,0.433036,0.083503,0.101128,0.118943,0.118658,0.034562,0.033649,0.007018,0.049181
4760,2.226405,2.244871,4.209002,0.352608,0.058008,0.063313,0.055829,0.059194,0.524406,0.123637,0.601948,0.425035,0.080832,0.097738,0.116109,0.115506,0.032807,0.031862,0.007446,0.044626
4770,2.252563,2.239870,4.211149,0.340309,0.058061,0.063079,0.055822,0.059271,0.534583,0.117336,0.599952,0.431677,0.081198,0.098061,0.117517,0.116246,0.032981,0.030971,0.007044,0.044685
4780,2.244356,2.234751,4.202178,0.338752,0.058081,0.062978,0.056173,0.059431,0.509650,0.115875,0.598272,0.436447,0.082071,0.099528,0.118765,0.116836,0.031581,0.029825,0.007639,0.045166
4790,2.237637,2.237754,4.201608,0.345596,0.057878,0.063026,0.055720,0.059248,0.529361,0.129081,0.598850,0.437421,0.081603,0.099150,0.117593,0.115611,0.029708,0.029926,0.007128,0.043631
4800,2.231654,2.243895,4.208323,0.351402,0.057646,0.062952,0.056003,0.059132,0.517073,0.116076,0.598498,0.435302,0.082695,0.100244,0.118859,0.117923,0.029397,0.030239,0.006521,0.042681
4810,2.215179,2.229058,4.196423,0.333165,0.057249,0.062550,0.055586,0.059098,0.523251,0.122904,0.600071,0.451646,0.081627,0.100320,0.118742,0.118001,0.030594,0.030484,0.006387,0.044628
4820,2.247041,2.241733,4.216630,0.338727,0.057364,0.062695,0.055806,0.058944,0.526605,0.129460,0.599913,0.435121,0.081523,0.099089,0.118040,0.115937,0.033381,0.031154,0.006699,0.052532
4830,2.239623,2.242355,4.220311,0.336237,0.057053,0.062905,0.055694,0.058848,0.532488,0.121614,0.602921,0.445380,0.082588,0.100632,0.120250,0.117700,0.030324,0.029176,0.005892,0.047533
4840,2.237339,2.235090,4.210795,0.331108,0.057233,0.062993,0.055851,0.058864,0.529065,0.124580,0.600373,0.438540,0.081008,0.099995,0.119198,0.116809,0.033039,0.031384,0.006727,0.048321
4850,2.241260,2.254119,4.213731,0.366847,0.058089,0.063559,0.056101,0.059176,0.522242,0.127642,0.597960,0.402799,0.080639,0.100069,0.120051,0.116240,0.033712,0.032511,0.005206,0.048304
4860,2.218930,2.227566,4.196904,0.329641,0.058062,0.063884,0.056099,0.059754,0.534031,0.117016,0.602685,0.444769,0.080128,0.099677,0.119404,0.115812,0.032789,0.032757,0.005828,0.046211
4870,2.217802,2.224153,4.203642,0.315877,0.058327,0.064153,0.056086,0.060308,0.525311,0.111423,0.603730,0.451114,0.079396,0.098623,0.117882,0.114558,0.033353,0.032370,0.006046,0.046778
4880,2.244750,2.241024,4.229000,0.324925,0.058576,0.064442,0.055686,0.060603,0.520755,0.108001,0.602825,0.434466,0.079276,0.098232,0.117816,0.114131,0.029162,0.029648,0.005238,0.043179
4890,2.257993,2.244190,4.228862,0.331469,0.058593,0.065189,0.055575,0.060614,0.519530,0.111820,0.602667,0.434965,0.080451,0.099978,0.119708,0.115606,0.033552,0.030540,0.005509,0.047518
4900,2.232497,2.236140,4.205528,0.338454,0.058651,0.065349,0.055682,0.060693,0.528006,0.121635,0.602274,0.442632,0.081345,0.099910,0.119196,0.114695,0.033173,0.032428,0.005698,0.046017
4910,2.227750,2.225684,4.196009,0.326694,0.058972,0.065016,0.055274,0.060763,0.525157,0.114001,0.601829,0.429970,0.081233,0.099416,0.119058,0.114042,0.030937,0.031413,0.006099,0.042017
4920,2.238863,2.227919,4.208971,0.318280,0.058497,0.064364,0.055784,0.060531,0.527677,0.113717,0.602539,0.430817,0.081653,0.099188,0.119108,0.114859,0.034741,0.032588,0.005485,0.047611
4930,2.228087,2.253973,4.212326,0.367909,0.058041,0.064141,0.055898,0.060168,0.519741,0.116069,0.600182,0.442262,0.081171,0.100236,0.119622,0.116055,0.032402,0.031607,0.005270,0.049371
4940,2.225432,2.242410,4.207446,0.349364,0.058063,0.064229,0.056118,0.060263,0.518345,0.117222,0.598676,0.428008,0.080780,0.099839,0.119805,0.115741,0.029909,0.030882,0.004898,0.043502
4950,2.229188,2.229721,4.202034,0.328922,0.058469,0.064178,0.056112,0.060620,0.512266,0.116763,0.600651,0.426263,0.080440,0.100058,0.119657,0.116109,0.034292,0.032132,0.005036,0.044197
4960,2.243047,2.230066,4.198575,0.333047,0.058727,0.064268,0.056051,0.060406,0.514050,0.118081,0.600706,0.411628,0.080612,0.099325,0.118939,0.114770,0.033130,0.033385,0.005320,0.042111
4970,2.221309,2.222229,4.204937,0.310755,0.058918,0.064357,0.055781,0.060239,0.509290,0.122119,0.602151,0.422287,0.081733,0.100403,0.119720,0.115961,0.033469,0.032110,0.006828,0.047279
4980,2.224444,2.224777,4.206962,0.313939,0.058258,0.063753,0.056088,0.060098,0.528522,0.130288,0.602890,0.448892,0.081483,0.099968,0.119667,0.115871,0.032595,0.031953,0.004414,0.045580
4990,2.229408,2.232098,4.226605,0.309151,0.057864,0.063527,0.055784,0.059920,0.516070,0.118608,0.601659,0.425043,0.081865,0.099490,0.118678,0.115242,0.034576,0.030977,0.005069,0.046095
5000,2.231833,2.235157,4.224032,0.317956,0.057730,0.063454,0.056227,0.060022,0.515965,0.120616,0.600547,0.416170,0.081207,0.099939,0.119601,0.116056,0.035165,0.032868,0.004436,0.050501
5010,2.232713,2.225918,4.205554,0.317717,0.057976,0.063570,0.057002,0.060090,0.529298,0.133236,0.603086,0.433786,0.081694,0.099748,0.119626,0.116837,0.033930,0.034000,0.004658,0.047198
5020,2.227160,2.221939,4.212595,0.302538,0.058202,0.063970,0.056376,0.060102,0.522436,0.125609,0.608213,0.442539,0.081613,0.099290,0.117945,0.115317,0.034974,0.033428,0.004826,0.044679
5030,2.206883,2.216821,4.200743,0.303977,0.058655,0.064019,0.056005,0.060273,0.516772,0.127412,0.613926,0.421314,0.081170,0.100226,0.118530,0.115855,0.034422,0.034429,0.004726,0.044527
5040,2.201609,2.216469,4.194763,0.309239,0.058507,0.063824,0.055877,0.060419,0.524945,0.135614,0.610740,0.419827,0.081162,0.099467,0.118427,0.116212,0.034539,0.034585,0.004160,0.044287
5050,2.200193,2.209505,4.195106,0.294846,0.058517,0.063631,0.056354,0.060457,0.552599,0.140483,0.615747,0.419628,0.080833,0.097953,0.117027,0.115424,0.036704,0.034860,0.004259,0.046801
5060,2.202274,2.205675,4.197235,0.284872,0.058710,0.063634,0.056403,0.060533,0.538151,0.123110,0.623174,0.420795,0.079537,0.096764,0.114966,0.113812,0.035244,0.033824,0.004183,0.046584
5070,2.230752,2.218528,4.210267,0.297856,0.058647,0.063853,0.056477,0.060426,0.532528,0.132762,0.627473,0.421650,0.080024,0.097862,0.117033,0.114810,0.032473,0.033621,0.003785,0.045942
5080,2.195717,2.209296,4.204348,0.285083,0.058892,0.063997,0.056339,0.060727,0.535053,0.128755,0.626478,0.429110,0.080428,0.098020,0.116669,0.114325,0.035280,0.034700,0.003443,0.049322
5090,2.206195,2.208823,4.205127,0.283317,0.058994,0.063980,0.056578,0.060880,0.523976,0.138936,0.626755,0.398430,0.080474,0.096679,0.115906,0.113306,0.035785,0.035345,0.004057,0.045864
5100,2.208977,2.213494,4.198871,0.299034,0.058773,0.064012,0.056140,0.061053,0.538130,0.129232,0.623964,0.408360,0.079165,0.096127,0.115068,0.112205,0.035279,0.034485,0.004188,0.045491
5110,2.214796,2.225032,4.215768,0.305593,0.058938,0.064128,0.056438,0.061211,0.517967,0.115725,0.624619,0.409859,0.078726,0.097295,0.115587,0.113038,0.035508,0.034717,0.004021,0.046490
5120,2.218865,2.201449,4.190907,0.282570,0.058998,0.064149,0.056270,0.061034,0.537714,0.141450,0.626672,0.408930,0.079650,0.097129,0.115575,0.112606,0.035112,0.033777,0.003950,0.044074
5130,2.211154,2.206784,4.197842,0.286472,0.059067,0.064255,0.055969,0.061144,0.539394,0.131500,0.625404,0.417570,0.079515,0.097408,0.115539,0.112683,0.034055,0.034505,0.003741,0.042829
5140,2.205419,2.213664,4.212555,0.285716,0.059256,0.064435,0.056027,0.061554,0.534283,0.122839,0.622737,0.413598,0.079690,0.097060,0.114944,0.112535,0.035901,0.034323,0.003482,0.045174
5150,2.210385,2.204343,4.198994,0.280423,0.058804,0.064143,0.055937,0.061505,0.538872,0.136278,0.627016,0.429862,0.079774,0.096904,0.115755,0.113037,0.033801,0.033771,0.003552,0.043042
5160,2.199384,2.205223,4.201893,0.279290,0.058919,0.064418,0.056097,0.061574,0.557194,0.136207,0.629821,0.431266,0.079464,0.096242,0.115481,0.112130,0.034420,0.034574,0.003383,0.043968
5170,2.218216,2.204888,4.203156,0.277287,0.058967,0.064479,0.056044,0.061306,0.538048,0.125758,0.629159,0.409545,0.079784,0.096926,0.115939,0.111526,0.038226,0.036216,0.003530,0.047285
5180,2.212420,2.207015,4.205636,0.279084,0.059382,0.064484,0.056243,0.061507,0.542284,0.124159,0.626906,0.439020,0.079162,0.098269,0.117012,0.112128,0.038704,0.036411,0.003958,0.048963
5190,2.212241,2.202590,4.197888,0.277809,0.059359,0.064454,0.056518,0.061596,0.548793,0.133452,0.630822,0.435103,0.078454,0.096163,0.115446,0.109902,0.038337,0.037732,0.003010,0.048901
5200,2.222389,2.210751,4.199475,0.292944,0.059459,0.064978,0.056360,0.061759,0.537557,0.134657,0.627995,0.409112,0.080210,0.096688,0.114748,0.110012,0.040061,0.037236,0.004218,0.051431
5210,2.196413,2.202673,4.190705,0.285278,0.059598,0.064864,0.056188,0.061678,0.529631,0.126635,0.628095,0.407425,0.079799,0.097305,0.116507,0.111689,0.037757,0.036041,0.003167,0.047335
5220,2.194900,2.205714,4.193412,0.288710,0.059751,0.064648,0.056394,0.061645,0.543320,0.127079,0.626766,0.408943,0.079862,0.097171,0.116616,0.111190,0.036412,0.036240,0.003450,0.043927
5230,2.206234,2.201593,4.197373,0.276401,0.059648,0.064907,0.056180,0.061545,0.539200,0.129044,0.629249,0.400635,0.078877,0.096965,0.116898,0.110866,0.036805,0.036055,0.003043,0.043904
5240,2.224138,2.219493,4.223015,0.287175,0.059231,0.064600,0.056467,0.061283,0.552474,0.123938,0.627734,0.424062,0.079209,0.097096,0.116078,0.112091,0.036825,0.036184,0.003062,0.045096
5250,2.203350,2.212411,4.196385,0.299384,0.059058,0.064371,0.056520,0.061069,0.539621,0.115752,0.623014,0.412303,0.080552,0.098165,0.116306,0.113205,0.036456,0.035924,0.003248,0.045513
5260,2.211106,2.205255,4.211851,0.269405,0.058786,0.064153,0.056759,0.060644,0.546472,0.127563,0.629654,0.419560,0.080586,0.097979,0.115978,0.112344,0.036279,0.035989,0.003606,0.041768
5270,2.203287,2.204604,4.208487,0.271503,0.058929,0.064340,0.056208,0.060661,0.558214,0.130062,0.625419,0.403157,0.080295,0.096290,0.114035,0.111082,0.034609,0.035598,0.002908,0.039936
5280,2.196418,2.192896,4.198682,0.257466,0.058969,0.064326,0.055953,0.060583,0.549011,0.136528,0.636428,0.411850,0.080991,0.097926,0.114714,0.112591,0.039003,0.036473,0.003178,0.042695
5290,2.193402,2.181318,4.199195,0.233414,0.059166,0.064150,0.056758,0.060907,0.555258,0.126408,0.643450,0.426397,0.081765,0.097071,0.112884,0.111143,0.038762,0.037289,0.003005,0.045773
5300,2.181149,2.179658,4.195099,0.234088,0.059374,0.064262,0.057329,0.061272,0.527474,0.127067,0.647912,0.415709,0.082475,0.096557,0.112771,0.109414,0.037901,0.037276,0.002928,0.044997
5310,2.164099,2.168382,4.192136,0.214141,0.058773,0.065108,0.056419,0.061577,0.535001,0.118737,0.651200,0.403300,0.082484,0.094795,0.109146,0.105503,0.038667,0.037608,0.003354,0.041472
5320,2.167434,2.170628,4.208556,0.202288,0.058820,0.065801,0.056109,0.062369,0.510582,0.108985,0.651017,0.380424,0.081548,0.092999,0.106642,0.103511,0.036745,0.037273,0.002484,0.038417
5330,2.168288,2.168000,4.206473,0.198885,0.059632,0.065778,0.056584,0.062504,0.552344,0.120535,0.655850,0.379925,0.081847,0.092295,0.106667,0.102727,0.039101,0.038007,0.002779,0.041328
5340,2.168347,2.165196,4.206152,0.193537,0.059768,0.065173,0.056620,0.062237,0.557315,0.126507,0.655373,0.396968,0.081386,0.091111,0.106597,0.101804,0.038246,0.037217,0.002391,0.046585
5350,2.166293,2.162206,4.205255,0.188279,0.059842,0.064982,0.056630,0.062164,0.541544,0.102343,0.652612,0.393997,0.081428,0.091197,0.106458,0.102271,0.037912,0.036420,0.002235,0.044922
5360,2.160377,2.164448,4.197916,0.200221,0.059466,0.064636,0.057013,0.061961,0.535617,0.108592,0.652671,0.388510,0.081743,0.091081,0.105951,0.102138,0.038094,0.037289,0.002326,0.044743
5370,2.157801,2.159635,4.200984,0.187408,0.059019,0.064353,0.057064,0.061768,0.547845,0.122718,0.656158,0.380247,0.081038,0.089356,0.104909,0.100279,0.038808,0.038436,0.002362,0.045317
5380,2.154999,2.154374,4.196290,0.181383,0.059076,0.064269,0.057369,0.061657,0.551302,0.112461,0.655483,0.371606,0.082356,0.090924,0.106332,0.101362,0.040090,0.039105,0.002702,0.046534
5390,2.164843,2.157503,4.201093,0.182967,0.059005,0.064312,0.056884,0.061497,0.547738,0.119728,0.656461,0.364184,0.082019,0.090249,0.106288,0.100976,0.037989,0.037544,0.002239,0.047433
5400,2.156246,2.155879,4.196176,0.184434,0.058932,0.064443,0.056651,0.061687,0.550330,0.101108,0.655047,0.377055,0.081863,0.089089,0.105318,0.100068,0.037603,0.037220,0.002027,0.047512
5410,2.165701,2.164956,4.204058,0.195140,0.059134,0.064446,0.056461,0.061838,0.534127,0.117541,0.655006,0.383532,0.081872,0.089412,0.104159,0.100098,0.036165,0.036355,0.002606,0.048881
5420,2.152716,2.159954,4.200433,0.188458,0.059264,0.064728,0.056390,0.061931,0.553590,0.121617,0.655867,0.369195,0.082861,0.091258,0.105019,0.101217,0.037548,0.037321,0.002167,0.045542
5430,2.152441,2.155539,4.194180,0.185818,0.059028,0.065084,0.056768,0.061923,0.546537,0.117703,0.654308,0.378187,0.081648,0.090630,0.104196,0.100236,0.040216,0.038316,0.002154,0.044294
5440,2.151223,2.148282,4.186070,0.179207,0.059066,0.064713,0.056748,0.061860,0.558695,0.120327,0.653304,0.372247,0.082069,0.090590,0.104645,0.101026,0.040219,0.038442,0.002351,0.042981
5450,2.154927,2.158857,4.204427,0.182360,0.059137,0.064637,0.056268,0.061826,0.570361,0.115331,0.655555,0.395423,0.081378,0.089505,0.103234,0.100006,0.039762,0.037900,0.002105,0.047208
5460,2.152344,2.154402,4.194898,0.182838,0.058958,0.064633,0.056272,0.061646,0.564484,0.117437,0.654567,0.396485,0.081914,0.089402,0.102273,0.099836,0.039138,0.038307,0.001939,0.050108
5470,2.150677,2.146039,4.186165,0.174602,0.058299,0.064329,0.056226,0.061202,0.564670,0.114703,0.656390,0.394881,0.081264,0.089430,0.102517,0.099493,0.037975,0.037592,0.002221,0.049576
5480,2.156455,2.148906,4.191009,0.175473,0.057960,0.063992,0.056756,0.061173,0.563270,0.107844,0.656598,0.378602,0.081904,0.089694,0.102998,0.099432,0.037623,0.037722,0.002207,0.048136
5490,2.153501,2.159337,4.209816,0.177971,0.057850,0.064047,0.056462,0.061192,0.569475,0.111312,0.656229,0.383449,0.082172,0.089175,0.103872,0.100097,0.037956,0.037637,0.002015,0.047228
5500,2.155667,2.149128,4.193448,0.173565,0.057912,0.064073,0.056141,0.061099,0.553838,0.106062,0.657109,0.378276,0.081840,0.089151,0.103625,0.099750,0.036837,0.036286,0.002060,0.048998
5510,2.145631,2.153061,4.202612,0.172419,0.058279,0.064165,0.056470,0.061278,0.579657,0.114316,0.657416,0.393624,0.081821,0.088486,0.102700,0.098942,0.035753,0.035367,0.002033,0.050250
5520,2.149912,2.148874,4.194650,0.171815,0.058059,0.064063,0.056571,0.061402,0.576264,0.113229,0.657230,0.385033,0.082508,0.089083,0.103200,0.099146,0.035004,0.034597,0.002204,0.047349
5530,2.150851,2.151593,4.193239,0.178703,0.058033,0.064155,0.056319,0.061533,0.559658,0.107433,0.654976,0.374111,0.081238,0.088181,0.102703,0.099048,0.034333,0.034144,0.001854,0.047029
5540,2.146365,2.156992,4.196242,0.186750,0.058708,0.064512,0.056496,0.062089,0.579030,0.104702,0.652992,0.380544,0.080534,0.088248,0.101352,0.098589,0.035562,0.035367,0.001878,0.048080
5550,2.147189,2.150647,4.186370,0.183801,0.059149,0.064380,0.056564,0.062412,0.564823,0.123086,0.654263,0.377635,0.081842,0.089106,0.101538,0.099043,0.036763,0.036532,0.001765,0.046857
5560,2.142477,2.143417,4.191869,0.163680,0.058199,0.064153,0.056383,0.061754,0.566660,0.114884,0.657124,0.372898,0.082754,0.089980,0.101779,0.099832,0.036492,0.036107,0.001852,0.047093
5570,2.147027,2.150424,4.194831,0.174811,0.057815,0.064039,0.056307,0.061588,0.566324,0.105320,0.655332,0.350808,0.082539,0.089369,0.101078,0.099072,0.035638,0.035741,0.001720,0.045218
5580,2.155189,2.148619,4.192660,0.173371,0.057870,0.064053,0.056150,0.061647,0.568048,0.103078,0.656265,0.356346,0.082049,0.090116,0.102174,0.098551,0.035727,0.035097,0.001841,0.042069
5590,2.144708,2.147892,4.193333,0.171232,0.057882,0.064372,0.056107,0.061731,0.578323,0.109697,0.654023,0.356288,0.082456,0.089288,0.101613,0.098660,0.035696,0.035003,0.001585,0.041635
5600,2.151525,2.152695,4.202485,0.171894,0.058315,0.064450,0.056276,0.062205,0.577761,0.111349,0.656284,0.359149,0.082696,0.088881,0.100650,0.098643,0.034093,0.034764,0.001896,0.044195
5610,2.146613,2.148143,4.187277,0.177816,0.058077,0.064113,0.056233,0.061743,0.582346,0.108839,0.654752,0.368226,0.082549,0.090231,0.102546,0.100563,0.034673,0.034720,0.001481,0.043078
5620,2.149340,2.159650,4.202703,0.185792,0.058057,0.063549,0.056116,0.061328,0.566893,0.104091,0.652573,0.348497,0.083169,0.089969,0.103528,0.099645,0.034558,0.035226,0.002059,0.043907
5630,2.141213,2.147851,4.194227,0.170337,0.058901,0.064290,0.056141,0.062156,0.585263,0.107329,0.655794,0.353016,0.082715,0.090370,0.104264,0.100081,0.034493,0.034492,0.001472,0.043325
5640,2.137172,2.146694,4.193380,0.168849,0.058912,0.064293,0.055935,0.062331,0.600879,0.114736,0.656429,0.356182,0.081680,0.089142,0.102849,0.098463,0.034300,0.034505,0.001380,0.043186
5650,2.151711,2.146959,4.193924,0.168708,0.058469,0.064380,0.056546,0.062167,0.591364,0.115932,0.657377,0.371404,0.081871,0.089918,0.103419,0.098980,0.034333,0.033704,0.001439,0.040181
5660,2.161746,2.146234,4.192217,0.168998,0.058393,0.064811,0.056189,0.062021,0.565821,0.095417,0.656433,0.337172,0.081796,0.088669,0.100559,0.097826,0.035303,0.034332,0.001748,0.042844
5670,2.150299,2.147443,4.196234,0.167547,0.058746,0.065189,0.056005,0.062842,0.578014,0.099162,0.656952,0.350405,0.080829,0.088384,0.099745,0.097215,0.034109,0.034100,0.001442,0.045391
5680,2.139858,2.146809,4.195085,0.167493,0.059065,0.064987,0.055967,0.063179,0.574921,0.104603,0.656725,0.352594,0.080618,0.087513,0.100096,0.096356,0.034830,0.034517,0.001572,0.044798
5690,2.139978,2.142031,4.188840,0.163949,0.059178,0.065217,0.056128,0.063363,0.578018,0.105319,0.657591,0.359383,0.081290,0.088652,0.101158,0.096838,0.034438,0.033909,0.001376,0.042648
5700,2.144165,2.141560,4.189297,0.162637,0.058803,0.064907,0.056728,0.063344,0.580473,0.108504,0.655732,0.352270,0.081328,0.090176,0.101705,0.097841,0.033230,0.033561,0.001406,0.040084
5710,2.153736,2.143609,4.195227,0.160842,0.059725,0.065242,0.056822,0.063358,0.583906,0.110999,0.658016,0.346882,0.081680,0.090388,0.101622,0.097647,0.033493,0.033125,0.001503,0.039623
5720,2.135488,2.137903,4.186779,0.157658,0.059373,0.064945,0.056513,0.062668,0.576584,0.107495,0.656547,0.371521,0.080565,0.089444,0.100661,0.096098,0.033428,0.033871,0.001452,0.040208
5730,2.136185,2.136079,4.187637,0.153118,0.059221,0.065213,0.056261,0.062785,0.591398,0.110894,0.658755,0.361144,0.080522,0.090396,0.100296,0.097247,0.033589,0.034006,0.001362,0.031862
5740,2.139165,2.138686,4.195425,0.150639,0.058522,0.064814,0.055763,0.062480,0.590212,0.104098,0.657770,0.376792,0.079366,0.088879,0.100261,0.094637,0.033681,0.033818,0.001664,0.034328
5750,2.136169,2.139731,4.200148,0.148032,0.058367,0.064092,0.056104,0.062170,0.602705,0.110015,0.658448,0.371177,0.079509,0.089649,0.101462,0.096045,0.033729,0.034202,0.001389,0.041843
5760,2.135281,2.137500,4.189116,0.154517,0.058168,0.063946,0.056181,0.062046,0.594331,0.111468,0.658287,0.373345,0.080056,0.090921,0.101470,0.096738,0.034263,0.034147,0.001178,0.046052
5770,2.134892,2.133804,4.195385,0.140768,0.058236,0.063811,0.056411,0.062071,0.608951,0.105364,0.658651,0.369340,0.081924,0.091812,0.101303,0.097841,0.033907,0.033776,0.001433,0.047052
5780,2.134021,2.135656,4.200336,0.139587,0.058279,0.063618,0.056453,0.062056,0.595531,0.103977,0.658896,0.369528,0.081708,0.091293,0.100762,0.097213,0.034242,0.034163,0.001382,0.045075
5790,2.129346,2.132990,4.197722,0.136743,0.058221,0.063507,0.056397,0.061979,0.592121,0.103135,0.657458,0.371819,0.082281,0.092290,0.100737,0.097787,0.033277,0.033657,0.001377,0.045637
5800,2.126410,2.134151,4.197662,0.139180,0.058302,0.063533,0.056438,0.062162,0.610305,0.111349,0.656619,0.366135,0.082366,0.092365,0.100476,0.098191,0.032936,0.033481,0.001282,0.044242
5810,2.135379,2.131578,4.194852,0.136791,0.058271,0.063509,0.056834,0.062104,0.598104,0.111788,0.656483,0.371926,0.081990,0.091932,0.100179,0.097890,0.032916,0.032942,0.001671,0.042520
5820,2.122708,2.126974,4.186841,0.135443,0.058211,0.063467,0.056597,0.062207,0.589440,0.114378,0.657348,0.348417,0.081021,0.091795,0.100347,0.097583,0.033340,0.033438,0.002649,0.039876
5830,2.119256,2.138904,4.179067,0.167463,0.057954,0.063523,0.056346,0.061971,0.565537,0.102015,0.655105,0.372138,0.081655,0.092427,0.099954,0.097245,0.033469,0.033566,0.002661,0.038343
5840,2.115142,2.130670,4.183639,0.146187,0.057838,0.063959,0.056187,0.062196,0.592731,0.113054,0.656489,0.369858,0.081854,0.091119,0.099472,0.095409,0.033104,0.033352,0.002560,0.039614
5850,2.123329,2.123643,4.186158,0.129364,0.058261,0.063869,0.055412,0.062559,0.601414,0.107803,0.658394,0.348480,0.079974,0.089059,0.100161,0.094508,0.033023,0.033400,0.001234,0.037667
5860,2.124679,2.134153,4.195204,0.141685,0.058850,0.063500,0.055821,0.062514,0.592752,0.111503,0.655633,0.362697,0.080528,0.090312,0.100559,0.094771,0.032958,0.033027,0.001341,0.040495
5870,2.125753,2.130517,4.195164,0.134326,0.058666,0.063029,0.056122,0.062477,0.575922,0.122236,0.657448,0.359866,0.081969,0.092919,0.102157,0.096862,0.032680,0.032649,0.001165,0.039737
5880,2.128061,2.134487,4.210456,0.127108,0.058556,0.063160,0.056283,0.062533,0.602750,0.105336,0.656949,0.358721,0.081385,0.092756,0.101459,0.097366,0.032787,0.032981,0.001076,0.044121
5890,2.120429,2.128314,4.190205,0.134757,0.058133,0.062987,0.056248,0.062110,0.601381,0.106004,0.656819,0.355369,0.080052,0.091315,0.099935,0.096052,0.032722,0.032970,0.001126,0.041381
5900,2.133222,2.138003,4.213088,0.131430,0.057578,0.062717,0.056443,0.061586,0.567657,0.109209,0.657468,0.346552,0.080924,0.092907,0.101364,0.097838,0.032714,0.033023,0.001321,0.042659
5910,2.129628,2.127146,4.193449,0.129194,0.057825,0.062695,0.056987,0.061103,0.597387,0.096073,0.655803,0.357118,0.080891,0.092368,0.099227,0.096322,0.032791,0.032658,0.001226,0.040808
5920,2.120036,2.124553,4.188236,0.129156,0.057696,0.062767,0.056438,0.061248,0.607829,0.107273,0.658024,0.349236,0.080585,0.091340,0.098673,0.095031,0.033034,0.032995,0.000988,0.041572
5930,2.124565,2.124217,4.193882,0.122817,0.057678,0.062523,0.056509,0.061339,0.607665,0.106675,0.657265,0.375971,0.079055,0.089399,0.097606,0.093750,0.033184,0.033291,0.001075,0.039489
5940,2.117507,2.122593,4.197859,0.115508,0.058463,0.062824,0.056626,0.061910,0.616336,0.109534,0.658885,0.358450,0.079811,0.090535,0.100741,0.095439,0.032479,0.033105,0.001092,0.036498
5950,2.115745,2.120193,4.189426,0.119115,0.058245,0.062589,0.056806,0.062094,0.612278,0.112083,0.658091,0.332288,0.080523,0.091692,0.102286,0.097490,0.032239,0.032854,0.001075,0.036804
5960,2.120460,2.123843,4.193624,0.122287,0.057860,0.061909,0.056677,0.061642,0.600827,0.107208,0.657028,0.339877,0.080747,0.091658,0.102177,0.097613,0.031863,0.032589,0.000950,0.038757
5970,2.118080,2.120997,4.191319,0.118815,0.058329,0.062511,0.056817,0.062089,0.590934,0.117867,0.659122,0.321443,0.081086,0.091697,0.101795,0.097606,0.032168,0.032380,0.001092,0.039753
5980,2.118300,2.122860,4.193906,0.120002,0.058153,0.062368,0.056815,0.061923,0.601059,0.118381,0.658177,0.357569,0.080970,0.091545,0.100634,0.096523,0.032300,0.032780,0.001057,0.043937
5990,2.111330,2.134314,4.195688,0.141484,0.058109,0.062648,0.056572,0.062352,0.598524,0.110314,0.656962,0.355199,0.080034,0.090899,0.100515,0.095508,0.032333,0.032903,0.000936,0.042278
6000,2.137698,2.123003,4.195480,0.118729,0.058358,0.063047,0.056246,0.062863,0.606305,0.113292,0.658144,0.357271,0.079437,0.089566,0.099549,0.093745,0.030836,0.031862,0.000855,0.038766
6010,2.120095,2.120386,4.191730,0.117182,0.058665,0.063112,0.055879,0.062629,0.593044,0.108561,0.659275,0.357702,0.079539,0.090586,0.100746,0.095129,0.030737,0.031664,0.001055,0.039940
6020,2.115956,2.120805,4.195121,0.114630,0.058492,0.063174,0.056538,0.062308,0.599431,0.107147,0.656716,0.363154,0.080433,0.091269,0.101415,0.096784,0.030419,0.031442,0.000904,0.038168
6030,2.116745,2.115879,4.188220,0.111591,0.058252,0.062998,0.056168,0.061976,0.603090,0.106822,0.658536,0.356422,0.080786,0.091056,0.100700,0.096733,0.030610,0.031649,0.001083,0.037949
6040,2.112669,2.114743,4.190385,0.107122,0.058025,0.062848,0.055986,0.061747,0.599319,0.105671,0.658910,0.352019,0.080743,0.090796,0.101001,0.096622,0.031063,0.031981,0.000925,0.038876
6050,2.116996,2.121669,4.191990,0.119530,0.058260,0.062311,0.056348,0.061895,0.606369,0.109885,0.657710,0.343533,0.080508,0.091400,0.101061,0.097707,0.031516,0.032146,0.001086,0.042959
6060,2.113391,2.116329,4.192743,0.107957,0.058452,0.062284,0.056275,0.061923,0.599820,0.108960,0.659067,0.344118,0.080383,0.092241,0.101691,0.098350,0.031656,0.032073,0.000885,0.038257
6070,2.116051,2.115794,4.195817,0.103838,0.058699,0.062499,0.055842,0.062334,0.621895,0.118684,0.658422,0.345701,0.079932,0.090082,0.099093,0.095773,0.032039,0.032595,0.001155,0.037730
6080,2.114343,2.115781,4.190847,0.108771,0.058946,0.062697,0.055426,0.062795,0.604358,0.111689,0.658484,0.361094,0.081123,0.091709,0.100299,0.097860,0.031753,0.032361,0.000955,0.035790
6090,2.116315,2.116429,4.197160,0.103674,0.059212,0.062420,0.055503,0.062742,0.598619,0.114733,0.658424,0.352914,0.080173,0.090522,0.100862,0.096266,0.031310,0.032037,0.001058,0.040298
6100,2.111193,2.118692,4.188466,0.117020,0.058957,0.062261,0.055280,0.062452,0.606678,0.124999,0.656594,0.346083,0.080559,0.090903,0.100766,0.095785,0.031516,0.032048,0.001092,0.039643
6110,2.121006,2.123280,4.197966,0.116707,0.059121,0.061872,0.055977,0.062139,0.602029,0.111812,0.658845,0.348171,0.081127,0.091829,0.102268,0.097703,0.031612,0.032036,0.000989,0.040197
6120,2.116647,2.126110,4.199947,0.120561,0.058867,0.061740,0.055645,0.062055,0.585781,0.119138,0.657288,0.331853,0.079811,0.090156,0.099627,0.095208,0.031489,0.031705,0.001141,0.040027
6130,2.117746,2.116961,4.194632,0.107337,0.058880,0.061657,0.056016,0.062178,0.590452,0.117490,0.658601,0.346787,0.080350,0.090889,0.100173,0.096191,0.032014,0.032335,0.000942,0.040116
6140,2.118203,2.120456,4.195445,0.113620,0.059006,0.061541,0.056674,0.062085,0.601165,0.119103,0.657844,0.326696,0.080638,0.090681,0.099742,0.095602,0.031221,0.031643,0.000971,0.036600
6150,2.103191,2.111672,4.193023,0.098123,0.058678,0.061464,0.056153,0.062259,0.605377,0.102206,0.659200,0.332023,0.081404,0.090830,0.101181,0.096731,0.031259,0.031626,0.000846,0.035025
6160,2.116140,2.113487,4.193507,0.101392,0.058840,0.061323,0.056074,0.062331,0.604603,0.101721,0.659142,0.332808,0.081660,0.091214,0.101559,0.097560,0.031878,0.031884,0.000825,0.037754
6170,2.109695,2.112958,4.190628,0.103187,0.058926,0.061291,0.056296,0.062407,0.605585,0.108527,0.657345,0.320334,0.083052,0.092322,0.101966,0.098915,0.031261,0.031877,0.001011,0.037636
6180,2.112540,2.111860,4.192262,0.099305,0.058932,0.061282,0.056410,0.062723,0.596901,0.115658,0.658206,0.338621,0.081895,0.090809,0.102533,0.097933,0.030974,0.031643,0.000773,0.036424
6190,2.105040,2.105116,4.179296,0.098583,0.058975,0.061400,0.056083,0.062763,0.605121,0.112465,0.658011,0.338608,0.080428,0.089466,0.101202,0.095753,0.031353,0.031956,0.000756,0.039584
6200,2.112072,2.112501,4.193567,0.099372,0.059014,0.061218,0.056107,0.062882,0.608742,0.104474,0.658622,0.335944,0.081875,0.091244,0.103209,0.097058,0.031223,0.031840,0.001041,0.039129
6210,2.112473,2.123580,4.201735,0.113593,0.059067,0.061087,0.056196,0.062774,0.624293,0.104151,0.657453,0.335765,0.080672,0.089594,0.102104,0.094858,0.031040,0.031622,0.000711,0.036701
6220,2.113713,2.112736,4.192658,0.100743,0.059264,0.061762,0.055488,0.063707,0.603493,0.112651,0.658957,0.331515,0.081343,0.090642,0.101368,0.094881,0.030410,0.031129,0.000957,0.032517
6230,2.107058,2.111002,4.194095,0.095807,0.059551,0.062192,0.055070,0.064634,0.624385,0.134241,0.658401,0.344918,0.080094,0.089662,0.101642,0.095487,0.030800,0.031528,0.000875,0.035933
6240,2.108359,2.109680,4.186128,0.101021,0.059681,0.062018,0.055244,0.064175,0.607998,0.128809,0.656735,0.373528,0.080233,0.090018,0.101801,0.096457,0.030951,0.031639,0.001017,0.040085
6250,2.102875,2.114238,4.192652,0.103782,0.059091,0.061368,0.055660,0.063221,0.601765,0.116771,0.657736,0.336875,0.080873,0.091100,0.102335,0.097950,0.031242,0.031750,0.000956,0.040098
6260,2.108531,2.109584,4.194392,0.092570,0.058965,0.060967,0.055365,0.062575,0.600986,0.116970,0.658755,0.344787,0.080177,0.089895,0.100418,0.097103,0.030887,0.031483,0.000964,0.040037
6270,2.109409,2.110716,4.194992,0.094238,0.059136,0.061021,0.055912,0.062792,0.608692,0.117512,0.659031,0.341253,0.080167,0.091054,0.099954,0.097854,0.030877,0.031702,0.000815,0.039460
6280,2.106198,2.112966,4.200774,0.093117,0.059458,0.061370,0.056039,0.063115,0.603201,0.116324,0.659603,0.331022,0.080334,0.090845,0.098924,0.097330,0.031149,0.031823,0.000770,0.037709
6290,2.099393,2.107941,4.196895,0.086758,0.059004,0.061117,0.055795,0.062264,0.627453,0.112023,0.659750,0.329223,0.080427,0.090629,0.101312,0.097226,0.031018,0.031723,0.000657,0.037704
6300,2.102047,2.109631,4.199222,0.087916,0.058143,0.060834,0.056211,0.061930,0.629051,0.112092,0.659360,0.320323,0.080422,0.090865,0.101925,0.097581,0.030582,0.031421,0.000710,0.036690
6310,2.108276,2.106038,4.193169,0.086670,0.058780,0.060510,0.056187,0.062255,0.618167,0.122139,0.659708,0.310885,0.080723,0.090583,0.101792,0.096968,0.030840,0.031286,0.000774,0.034573
6320,2.105941,2.105683,4.196913,0.082198,0.058892,0.060488,0.056602,0.062564,0.626218,0.132062,0.659788,0.324400,0.080033,0.090137,0.101812,0.096420,0.030766,0.031091,0.000850,0.034235
6330,2.108820,2.110969,4.202106,0.087721,0.058779,0.060603,0.056293,0.062684,0.615490,0.116893,0.658785,0.331344,0.079982,0.090376,0.101398,0.096753,0.030374,0.031200,0.000916,0.033630
6340,2.094260,2.101541,4.185441,0.085227,0.058740,0.060419,0.056288,0.062684,0.619778,0.118306,0.658794,0.334093,0.080374,0.090947,0.103278,0.098141,0.030684,0.031404,0.000687,0.035230
6350,2.106514,2.104284,4.193478,0.082824,0.058682,0.060551,0.055938,0.063767,0.626850,0.132170,0.659796,0.343241,0.080986,0.090984,0.102291,0.097355,0.030164,0.031292,0.000690,0.032526
6360,2.105035,2.104521,4.188584,0.088197,0.059252,0.060455,0.055832,0.064123,0.618296,0.121625,0.658690,0.339287,0.081919,0.091498,0.102448,0.098055,0.030376,0.030965,0.000895,0.033417
6370,2.104339,2.109046,4.188663,0.097288,0.059121,0.060330,0.055923,0.063749,0.609901,0.122449,0.657320,0.328931,0.079814,0.089682,0.101470,0.095905,0.029838,0.030694,0.000686,0.033054
6380,2.109192,2.111064,4.197371,0.092376,0.059020,0.060299,0.056438,0.063064,0.581774,0.117047,0.659050,0.323258,0.080765,0.090923,0.102875,0.097639,0.029983,0.030667,0.000800,0.034487
6390,2.105760,2.109278,4.197300,0.089110,0.058763,0.060357,0.056715,0.063036,0.603616,0.124882,0.658667,0.328701,0.082017,0.092430,0.103368,0.099169,0.030278,0.030967,0.000701,0.036926
6400,2.106033,2.105880,4.190057,0.089464,0.059014,0.060402,0.057115,0.062901,0.612911,0.125945,0.658622,0.331205,0.081156,0.090477,0.101283,0.095911,0.030632,0.031346,0.000852,0.035883
6410,2.103138,2.105886,4.187945,0.091520,0.058521,0.060364,0.057219,0.062353,0.611617,0.110831,0.657860,0.328790,0.079789,0.090776,0.102023,0.096295,0.030080,0.030540,0.000934,0.034568
6420,2.116190,2.117673,4.203357,0.100014,0.058200,0.059775,0.056664,0.061472,0.611607,0.108669,0.656667,0.331986,0.079960,0.091344,0.101419,0.096904,0.030590,0.030982,0.001031,0.037993
6430,2.116729,2.103604,4.188926,0.085927,0.058523,0.060524,0.056186,0.062336,0.597076,0.113036,0.658555,0.315913,0.078879,0.089717,0.101798,0.096817,0.030081,0.030968,0.000568,0.036162
6440,2.112884,2.107189,4.191818,0.090358,0.058242,0.060643,0.056086,0.062650,0.596105,0.116370,0.658376,0.325028,0.079602,0.090045,0.102089,0.097254,0.030611,0.030863,0.000761,0.038958
6450,2.098395,2.103538,4.195639,0.079110,0.058844,0.060619,0.056923,0.062888,0.613564,0.120564,0.659654,0.340228,0.079841,0.090787,0.101825,0.097526,0.029996,0.030744,0.001034,0.036268
6460,2.105447,2.103780,4.185459,0.089780,0.059160,0.060620,0.057358,0.063003,0.605358,0.119023,0.657712,0.332708,0.080040,0.090572,0.101422,0.097110,0.030278,0.030770,0.003404,0.036851
6470,2.106313,2.104355,4.198085,0.078372,0.059055,0.060551,0.056586,0.062886,0.624849,0.119816,0.659159,0.332535,0.080262,0.089977,0.100969,0.096390,0.030606,0.031094,0.000686,0.037790
6480,2.097102,2.104701,4.192791,0.084362,0.058852,0.060688,0.056168,0.063074,0.612171,0.122067,0.659357,0.335869,0.081675,0.090495,0.101161,0.097180,0.030601,0.031123,0.000717,0.036760
6490,2.106219,2.108305,4.179623,0.104819,0.059074,0.060513,0.057163,0.063101,0.588205,0.126006,0.657485,0.341926,0.081436,0.088725,0.099019,0.096349,0.030555,0.031072,0.000650,0.034142
6500,2.100233,2.104545,4.196486,0.080390,0.058779,0.060279,0.057048,0.063103,0.601291,0.117515,0.658978,0.327554,0.080904,0.088380,0.098231,0.096983,0.030464,0.031110,0.001207,0.036162
6510,2.101104,2.107550,4.200656,0.082291,0.058878,0.060282,0.056600,0.063158,0.606322,0.106458,0.658209,0.334974,0.080241,0.088740,0.100197,0.097221,0.030549,0.030908,0.000544,0.034040
6520,2.099486,2.103008,4.192726,0.080989,0.058169,0.059968,0.055781,0.062837,0.619289,0.100157,0.658406,0.323541,0.080721,0.088318,0.099654,0.096698,0.029954,0.030620,0.000608,0.032841
6530,2.096208,2.107430,4.192231,0.090479,0.058442,0.060339,0.055672,0.062885,0.619196,0.106642,0.657822,0.338015,0.079775,0.088691,0.100341,0.096904,0.030057,0.030752,0.000753,0.034666
6540,2.103456,2.108485,4.197046,0.087717,0.058990,0.060731,0.055773,0.063303,0.614869,0.114026,0.657455,0.323178,0.080436,0.088759,0.100616,0.097245,0.030054,0.030854,0.000712,0.036303
6550,2.099635,2.102937,4.193563,0.080006,0.058734,0.060744,0.055748,0.063325,0.615840,0.115900,0.659035,0.354789,0.080707,0.089168,0.100366,0.096577,0.028953,0.029816,0.001083,0.035974
6560,2.099124,2.099096,4.193354,0.072411,0.058608,0.060638,0.055738,0.063244,0.614772,0.110582,0.659844,0.334639,0.081179,0.090673,0.101436,0.097204,0.029251,0.030037,0.000576,0.036614
6570,2.092705,2.106895,4.210478,0.071092,0.058168,0.060706,0.056087,0.063317,0.606122,0.108499,0.659414,0.337514,0.080444,0.090197,0.099786,0.096340,0.029073,0.029950,0.000588,0.033923
6580,2.102960,2.105717,4.200138,0.079064,0.058436,0.060862,0.055847,0.063260,0.615407,0.111066,0.659385,0.345840,0.081693,0.090748,0.102404,0.096736,0.029760,0.030226,0.000780,0.035565
6590,2.120136,2.106575,4.195740,0.085059,0.058222,0.060660,0.056326,0.062898,0.628180,0.106324,0.658822,0.336979,0.080590,0.089979,0.102446,0.096561,0.029325,0.030207,0.000423,0.034618
6600,2.098157,2.103333,4.189066,0.085307,0.057733,0.060408,0.056491,0.062491,0.620252,0.111300,0.656879,0.340150,0.080246,0.090287,0.101841,0.097616,0.030052,0.030632,0.000559,0.036252
6610,2.096777,2.103390,4.197640,0.076869,0.058192,0.060237,0.056935,0.062494,0.618698,0.110869,0.658986,0.323327,0.080570,0.090249,0.102392,0.097674,0.029514,0.030203,0.000473,0.036143
6620,2.100843,2.102621,4.201913,0.070971,0.058030,0.059985,0.056856,0.062272,0.616087,0.112533,0.659753,0.327744,0.079924,0.089126,0.101395,0.097183,0.029758,0.030280,0.000457,0.039750
6630,2.098542,2.105448,4.208199,0.070175,0.058044,0.059937,0.057064,0.061997,0.612323,0.098680,0.659410,0.329818,0.081177,0.090519,0.101641,0.098815,0.029223,0.030118,0.000550,0.039126
6640,2.103215,2.102942,4.197767,0.075778,0.058479,0.060215,0.057077,0.062112,0.603506,0.103288,0.658079,0.311857,0.080410,0.090177,0.102066,0.098081,0.029170,0.030073,0.000519,0.037652
6650,2.103333,2.104661,4.199069,0.077989,0.058312,0.060201,0.057195,0.062208,0.585892,0.107296,0.658687,0.328456,0.081660,0.091354,0.103661,0.099205,0.029347,0.029894,0.000408,0.036051
6660,2.106510,2.097704,4.185495,0.077441,0.058641,0.060157,0.056773,0.062440,0.603912,0.111224,0.659050,0.340170,0.081400,0.090278,0.102788,0.098849,0.029213,0.030137,0.000452,0.035370
6670,2.104496,2.091221,4.184076,0.065716,0.058503,0.060287,0.056536,0.062805,0.618858,0.106906,0.659882,0.322809,0.080395,0.088800,0.101353,0.097397,0.029537,0.030360,0.000475,0.036871
6680,2.108331,2.104226,4.198893,0.077267,0.058316,0.060175,0.056341,0.062762,0.605340,0.100835,0.658537,0.328514,0.080933,0.089944,0.101951,0.098162,0.029465,0.030151,0.000539,0.036536
6690,2.104366,2.102522,4.200039,0.072704,0.058515,0.060084,0.057183,0.062898,0.610787,0.126213,0.659003,0.329833,0.081601,0.090492,0.104063,0.097918,0.029481,0.030323,0.000610,0.036819
6700,2.099813,2.100951,4.188831,0.080713,0.058525,0.060043,0.056971,0.062849,0.625946,0.113176,0.657035,0.330196,0.083005,0.091265,0.104492,0.098614,0.029874,0.030477,0.000441,0.039195
6710,2.102737,2.109160,4.196003,0.090230,0.059781,0.060501,0.056509,0.064162,0.608979,0.123144,0.657124,0.333549,0.082358,0.090448,0.103626,0.098337,0.029359,0.030121,0.000637,0.035503
6720,2.102017,2.099234,4.194545,0.071317,0.059661,0.060447,0.056466,0.063943,0.617982,0.111185,0.659284,0.318488,0.081448,0.089762,0.104337,0.098352,0.029793,0.030445,0.000457,0.036504
6730,2.100364,2.107573,4.197016,0.085886,0.059825,0.060258,0.056459,0.063789,0.590024,0.092212,0.657735,0.307373,0.081600,0.089885,0.104306,0.098160,0.029828,0.030504,0.000503,0.037950
6740,2.099131,2.095264,4.191114,0.066911,0.059385,0.060348,0.056766,0.063711,0.622141,0.111726,0.659238,0.327741,0.082117,0.090648,0.103873,0.098515,0.028972,0.029813,0.000480,0.034409
6750,2.099542,2.094143,4.185509,0.070218,0.058109,0.059989,0.056853,0.062818,0.607852,0.103651,0.659518,0.325956,0.081597,0.091484,0.104861,0.098957,0.029745,0.030336,0.000514,0.034938
6760,2.094242,2.093830,4.189813,0.065262,0.057503,0.060123,0.057112,0.062419,0.597052,0.096755,0.659808,0.322348,0.081895,0.091556,0.105221,0.098466,0.029384,0.030125,0.000446,0.032817
6770,2.095462,2.096935,4.197093,0.064241,0.057483,0.060184,0.056437,0.062398,0.638545,0.102558,0.659152,0.329775,0.081096,0.090593,0.104727,0.096765,0.029694,0.030348,0.000352,0.036496
6780,2.094386,2.095296,4.196609,0.061454,0.057519,0.060072,0.055974,0.062203,0.642626,0.106294,0.659727,0.338189,0.080308,0.090002,0.104690,0.096006,0.030057,0.030604,0.000351,0.035166
6790,2.093182,2.096891,4.193771,0.067493,0.057565,0.060294,0.056460,0.062473,0.632150,0.108189,0.659640,0.323769,0.081044,0.091184,0.105435,0.096723,0.029662,0.030516,0.000358,0.035212
6800,2.126377,2.100313,4.194827,0.073250,0.057606,0.060042,0.056781,0.062384,0.617250,0.109048,0.659289,0.330526,0.080835,0.090877,0.104394,0.096382,0.029423,0.030138,0.000466,0.032077
6810,2.104237,2.099811,4.195788,0.071360,0.057739,0.059923,0.057221,0.062249,0.624748,0.113582,0.659291,0.329089,0.081474,0.092915,0.105941,0.099561,0.029150,0.029991,0.000490,0.032952
6820,2.089540,2.095511,4.187612,0.070752,0.057809,0.059930,0.057607,0.062166,0.604360,0.097956,0.659080,0.324447,0.081182,0.092052,0.105101,0.099152,0.029353,0.030054,0.000484,0.032822
6830,2.098609,2.095493,4.190627,0.067706,0.057033,0.059646,0.056636,0.061993,0.599194,0.092640,0.658919,0.327050,0.080509,0.092184,0.105095,0.099470,0.029114,0.029844,0.000371,0.031479
6840,2.088950,2.094971,4.194931,0.062289,0.057580,0.059838,0.056664,0.062120,0.604151,0.103936,0.659832,0.326524,0.080220,0.092521,0.104850,0.099278,0.029215,0.029898,0.000365,0.030740
6850,2.096416,2.097456,4.195843,0.066586,0.057547,0.059693,0.056601,0.062126,0.603909,0.106532,0.658864,0.321979,0.080080,0.091328,0.104242,0.098546,0.029767,0.030488,0.000353,0.032253
6860,2.093866,2.093306,4.194103,0.059917,0.057529,0.059598,0.056549,0.062143,0.622791,0.111825,0.659531,0.322968,0.080176,0.090642,0.103124,0.098221,0.029251,0.030087,0.000326,0.033387
6870,2.086920,2.093371,4.195957,0.058219,0.057655,0.059554,0.056594,0.062068,0.626535,0.121250,0.659772,0.312237,0.080397,0.091125,0.103738,0.099403,0.028934,0.029756,0.000338,0.033126
6880,2.092432,2.093929,4.199955,0.055322,0.057773,0.059567,0.056997,0.062082,0.634514,0.114056,0.660079,0.309511,0.080732,0.091481,0.104347,0.100011,0.028960,0.029829,0.000292,0.035338
6890,2.085092,2.088944,4.189720,0.055459,0.057897,0.059602,0.057093,0.062086,0.630043,0.105231,0.659673,0.305194,0.081321,0.092365,0.104796,0.100581,0.028939,0.029773,0.000220,0.035259
6900,2.090378,2.092557,4.195869,0.056627,0.058076,0.059659,0.057429,0.061958,0.633540,0.107950,0.659860,0.314824,0.080937,0.092590,0.104878,0.100842,0.029450,0.030279,0.000232,0.035186
6910,2.085491,2.094191,4.196129,0.059695,0.057968,0.059568,0.057815,0.061799,0.636116,0.113667,0.659840,0.331650,0.081283,0.093390,0.105514,0.101825,0.029478,0.030383,0.000233,0.035508
6920,2.094408,2.090188,4.194233,0.053467,0.057967,0.059565,0.057730,0.061813,0.626478,0.111390,0.659592,0.331154,0.081407,0.093074,0.103393,0.101045,0.029940,0.030474,0.000232,0.037984
6930,2.081158,2.092352,4.199487,0.052614,0.058022,0.059645,0.057648,0.061909,0.623990,0.106896,0.659352,0.326982,0.081777,0.093172,0.104708,0.101048,0.029799,0.030460,0.000248,0.037855
6940,2.090034,2.085660,4.185665,0.052821,0.058081,0.059703,0.057372,0.061980,0.629969,0.109409,0.658790,0.335891,0.082345,0.093845,0.106234,0.101546,0.029535,0.030218,0.000296,0.039126
6950,2.083058,2.092112,4.196313,0.055316,0.057959,0.059603,0.056921,0.061775,0.634353,0.107015,0.659583,0.328555,0.082560,0.093988,0.106145,0.101727,0.029927,0.030571,0.000253,0.041600
6960,2.083845,2.088315,4.188917,0.054957,0.057991,0.059557,0.056768,0.061814,0.621524,0.114821,0.659245,0.334709,0.081937,0.094040,0.105383,0.101867,0.029452,0.030379,0.000275,0.039919
6970,2.094397,2.099241,4.198593,0.067499,0.058222,0.059551,0.056957,0.062088,0.618333,0.117086,0.657960,0.312888,0.081699,0.094521,0.105918,0.103127,0.029706,0.030431,0.000230,0.039063
6980,2.094173,2.096821,4.188778,0.072385,0.058225,0.059570,0.056827,0.062286,0.612457,0.121287,0.658125,0.324774,0.082336,0.094709,0.105387,0.102274,0.028776,0.029654,0.000337,0.038321
6990,2.102582,2.089966,4.180238,0.066989,0.058301,0.059621,0.057223,0.062119,0.613156,0.107192,0.657965,0.320623,0.083167,0.095282,0.105744,0.101632,0.028517,0.029322,0.000308,0.038506
7000,2.088009,2.097736,4.190515,0.072539,0.058502,0.059652,0.057551,0.062212,0.600934,0.110459,0.657659,0.335537,0.082615,0.097073,0.106701,0.101744,0.029152,0.029638,0.000350,0.038396
7010,2.092868,2.095561,4.188819,0.069594,0.058270,0.059543,0.057226,0.062378,0.609448,0.114431,0.658362,0.322062,0.082893,0.095999,0.106119,0.100104,0.029134,0.030029,0.000245,0.037178
7020,2.085593,2.094047,4.187886,0.067450,0.059411,0.059955,0.056171,0.063865,0.610093,0.107000,0.658670,0.335472,0.082117,0.096527,0.105616,0.100252,0.029315,0.030265,0.000242,0.037977
7030,2.097053,2.093022,4.182094,0.071322,0.060292,0.060564,0.056876,0.064822,0.594908,0.107190,0.658996,0.313136,0.083049,0.097122,0.105875,0.102219,0.029735,0.030433,0.000423,0.038798
7040,2.083167,2.090579,4.185741,0.062407,0.059985,0.060181,0.056664,0.064415,0.614895,0.117044,0.658640,0.334830,0.082296,0.095168,0.105979,0.100700,0.028806,0.029600,0.000914,0.034383
7050,2.090106,2.099951,4.201642,0.065879,0.059276,0.059865,0.056783,0.064063,0.619427,0.107403,0.658765,0.348039,0.082148,0.095075,0.107087,0.101569,0.027940,0.029064,0.000831,0.031081
7060,2.099990,2.099463,4.198238,0.068309,0.059009,0.059902,0.057586,0.063705,0.624953,0.107273,0.658445,0.311767,0.083321,0.095755,0.108507,0.103211,0.027925,0.028791,0.000360,0.032963
7070,2.097812,2.098017,4.203466,0.060139,0.059036,0.059505,0.057001,0.063336,0.638649,0.107474,0.659669,0.325844,0.083080,0.095551,0.108459,0.102968,0.027566,0.028617,0.000312,0.033719
7080,2.087120,2.091277,4.193652,0.056270,0.059387,0.059751,0.056611,0.063602,0.616585,0.116944,0.659465,0.321247,0.082463,0.095714,0.108809,0.103117,0.027662,0.028781,0.000266,0.036005
7090,2.091146,2.091712,4.190866,0.059894,0.059690,0.060097,0.057124,0.063672,0.607167,0.113537,0.659579,0.301309,0.081967,0.095035,0.108540,0.102896,0.028316,0.029172,0.000261,0.038453
7100,2.094470,2.088963,4.190482,0.054725,0.059243,0.059882,0.057437,0.063549,0.612550,0.107300,0.659491,0.320919,0.082304,0.095453,0.108729,0.103188,0.029099,0.029886,0.001517,0.039968
7110,2.098560,2.092504,4.194214,0.058215,0.058997,0.059390,0.057889,0.062982,0.614790,0.116034,0.659244,0.340139,0.081671,0.095002,0.107977,0.103359,0.028481,0.029183,0.001243,0.037427
7120,2.085689,2.090235,4.191229,0.056578,0.059169,0.059521,0.057644,0.063042,0.627734,0.122505,0.659010,0.331670,0.082067,0.095161,0.107534,0.103108,0.028163,0.028881,0.008349,0.036231
7130,2.091254,2.097686,4.195649,0.067316,0.059618,0.060287,0.057174,0.063777,0.623291,0.109415,0.658066,0.322330,0.080735,0.093458,0.105332,0.101172,0.028251,0.029091,0.003243,0.036014
7140,2.083996,2.086359,4.188251,0.051713,0.059331,0.060422,0.056946,0.063882,0.616226,0.111328,0.659178,0.324463,0.080876,0.093571,0.106504,0.101341,0.028548,0.029220,0.000894,0.035640
7150,2.082623,2.089200,4.193586,0.052144,0.059015,0.060251,0.057352,0.063630,0.626259,0.116316,0.659826,0.320660,0.081196,0.093954,0.106413,0.101493,0.028101,0.028823,0.000469,0.032717
7160,2.088468,2.086504,4.186026,0.054224,0.058871,0.060316,0.057210,0.063531,0.619486,0.102490,0.659789,0.311554,0.081728,0.094674,0.106923,0.102106,0.027843,0.028823,0.000497,0.032160
7170,2.088096,2.084453,4.184541,0.051481,0.058783,0.060354,0.056815,0.063185,0.631212,0.119466,0.659800,0.326276,0.081567,0.095145,0.108107,0.101925,0.027703,0.028659,0.000680,0.034649
7180,2.086108,2.090843,4.195353,0.053702,0.058787,0.060354,0.057095,0.063135,0.625383,0.107985,0.659299,0.299599,0.081924,0.095300,0.108059,0.101782,0.028466,0.029159,0.000346,0.034551
7190,2.091536,2.093291,4.201477,0.052523,0.058902,0.060007,0.057965,0.062908,0.629626,0.107513,0.659508,0.325009,0.082401,0.096083,0.108442,0.102590,0.028224,0.028985,0.000392,0.033431
7200,2.091048,2.087226,4.188142,0.053539,0.059288,0.060475,0.058946,0.063269,0.628201,0.123020,0.659824,0.337689,0.085548,0.099037,0.111245,0.105427,0.027975,0.028962,0.000203,0.034075
7210,2.090745,2.095363,4.191492,0.066764,0.060151,0.061133,0.058450,0.064303,0.626984,0.103999,0.658021,0.338235,0.085968,0.100240,0.111280,0.106039,0.028044,0.028920,0.000235,0.034334
7220,2.089084,2.088431,4.192964,0.051189,0.059915,0.060906,0.057456,0.064026,0.631119,0.099196,0.659733,0.326671,0.083163,0.097465,0.108662,0.104258,0.028026,0.028823,0.000273,0.035501
7230,2.092795,2.089599,4.193754,0.052722,0.058852,0.060522,0.057241,0.063219,0.637526,0.100141,0.659636,0.316207,0.081054,0.095899,0.107060,0.101079,0.028158,0.028976,0.000327,0.036221
7240,2.084379,2.092999,4.193393,0.059965,0.058336,0.060121,0.058308,0.062882,0.628062,0.100013,0.659088,0.325813,0.082158,0.096381,0.108102,0.101246,0.027985,0.028911,0.000203,0.035271
7250,2.089431,2.089781,4.195340,0.051552,0.060428,0.060710,0.057750,0.065176,0.631466,0.116528,0.659832,0.331319,0.083375,0.097199,0.108999,0.102585,0.027513,0.028633,0.001094,0.032077
7260,2.093202,2.090777,4.197840,0.050320,0.061094,0.061146,0.056462,0.065631,0.629948,0.108100,0.659450,0.336975,0.082188,0.096498,0.108942,0.102428,0.027462,0.028402,0.000196,0.034918
7270,2.090646,2.089952,4.199743,0.046804,0.061319,0.061105,0.057187,0.066036,0.621254,0.098554,0.659444,0.319113,0.082411,0.097596,0.110469,0.104061,0.027609,0.028533,0.000250,0.035929
7280,2.105093,2.091305,4.189205,0.060013,0.061411,0.061070,0.058218,0.066008,0.609054,0.100795,0.657016,0.337274,0.082589,0.097462,0.108781,0.103281,0.027364,0.028076,0.000243,0.036478
7290,2.081293,2.092358,4.189991,0.061672,0.061404,0.061015,0.058312,0.066047,0.632273,0.099583,0.657783,0.317899,0.082028,0.097891,0.108758,0.103208,0.026621,0.027726,0.004171,0.035843
7300,2.079543,2.088957,4.186709,0.058136,0.061100,0.060873,0.058322,0.065811,0.619440,0.110018,0.658882,0.320687,0.082551,0.097942,0.109100,0.103734,0.026082,0.026853,0.000501,0.033395
7310,2.080883,2.082466,4.181745,0.050274,0.060954,0.060609,0.058735,0.065583,0.623876,0.112744,0.659387,0.321783,0.082351,0.096868,0.108477,0.102651,0.026656,0.027566,0.000309,0.035184
7320,2.078504,2.097842,4.204710,0.058551,0.060709,0.060556,0.057918,0.064810,0.621225,0.100115,0.659119,0.316620,0.082054,0.097347,0.108431,0.103837,0.027614,0.028039,0.000419,0.037182
7330,2.093507,2.086384,4.188627,0.051315,0.060052,0.060571,0.057435,0.064496,0.634499,0.102165,0.659552,0.322470,0.082045,0.098147,0.109617,0.104455,0.027424,0.028094,0.000641,0.035977
7340,2.084336,2.082707,4.185458,0.047078,0.059610,0.060208,0.056690,0.064286,0.631568,0.105929,0.659636,0.333656,0.082204,0.098144,0.109846,0.104700,0.026507,0.027314,0.000525,0.034671
7350,2.086085,2.086957,4.192405,0.048724,0.060138,0.060393,0.057254,0.064749,0.633429,0.109108,0.660119,0.331654,0.082546,0.097584,0.108812,0.104530,0.027182,0.027951,0.001496,0.033253
7360,2.087725,2.085712,4.190773,0.047868,0.060639,0.060387,0.058321,0.064959,0.625118,0.112570,0.659908,0.322050,0.083877,0.098908,0.109382,0.105855,0.026454,0.027491,0.001825,0.032532
7370,2.079413,2.087426,4.193717,0.048388,0.060209,0.060273,0.058295,0.064745,0.627537,0.109398,0.659904,0.301482,0.083092,0.099308,0.109616,0.105765,0.026468,0.027518,0.000245,0.032395
7380,2.083466,2.081946,4.186069,0.044900,0.059790,0.060194,0.058158,0.064252,0.640849,0.107387,0.660161,0.305948,0.081972,0.097353,0.106506,0.103153,0.026727,0.027206,0.000218,0.032491
7390,2.080279,2.089075,4.185353,0.060119,0.059897,0.060209,0.057752,0.064506,0.631269,0.112301,0.659491,0.297941,0.081920,0.096692,0.105777,0.102294,0.027016,0.027744,0.000437,0.033773
7400,2.077184,2.085510,4.192116,0.046102,0.060334,0.060134,0.058169,0.064843,0.628961,0.117108,0.659689,0.309256,0.082942,0.097671,0.108489,0.103005,0.027674,0.028169,0.000241,0.031954
7410,2.084194,2.087597,4.196807,0.045670,0.060507,0.059877,0.058219,0.064515,0.624058,0.101682,0.659137,0.310301,0.082765,0.097529,0.108696,0.103615,0.027843,0.028423,0.000244,0.029299
7420,2.089115,2.086297,4.191510,0.048320,0.060459,0.059949,0.058160,0.064333,0.627295,0.120173,0.659431,0.312849,0.082570,0.098051,0.110060,0.104215,0.026913,0.027548,0.000236,0.026148
7430,2.087585,2.090500,4.185608,0.062742,0.059899,0.059785,0.058151,0.064005,0.630884,0.115434,0.658764,0.329967,0.084701,0.098594,0.112819,0.104803,0.027259,0.028000,0.000246,0.027648
7440,2.086263,2.081984,4.183840,0.047176,0.059917,0.059666,0.058878,0.063872,0.623832,0.100238,0.658381,0.328747,0.084102,0.097056,0.111898,0.103474,0.027738,0.028695,0.000201,0.030268
7450,2.081135,2.085323,4.186405,0.051407,0.059892,0.059349,0.058482,0.063722,0.614803,0.106070,0.658896,0.340057,0.083070,0.096909,0.110690,0.103190,0.027625,0.028068,0.000209,0.032821
7460,2.085953,2.102328,4.196996,0.075359,0.059808,0.059193,0.057887,0.063768,0.621918,0.102564,0.657586,0.324557,0.082893,0.096161,0.109995,0.102807,0.027931,0.028332,0.000340,0.035226
7470,2.082737,2.086182,4.188232,0.051295,0.060236,0.059447,0.058495,0.064026,0.634648,0.098263,0.659378,0.312366,0.083763,0.097429,0.112231,0.104742,0.028543,0.029364,0.000702,0.036873
7480,2.086689,2.086622,4.189020,0.051427,0.060803,0.060088,0.058606,0.064523,0.627179,0.098577,0.658770,0.303176,0.082410,0.096184,0.112129,0.103685,0.028712,0.029090,0.000317,0.036513
7490,2.081068,2.086668,4.197635,0.042794,0.060228,0.060010,0.057793,0.064010,0.631739,0.101701,0.658714,0.321738,0.081558,0.095500,0.110208,0.102993,0.027889,0.028347,0.000301,0.034535
7500,2.096542,2.083021,4.185591,0.047424,0.058813,0.059719,0.057054,0.062736,0.609909,0.090241,0.659187,0.300316,0.082001,0.096784,0.110387,0.104027,0.028048,0.028618,0.000250,0.033115
7510,2.083144,2.083850,4.192051,0.042775,0.059544,0.059775,0.057063,0.062810,0.634705,0.099573,0.659945,0.327603,0.081797,0.097257,0.110269,0.103201,0.029082,0.028945,0.000306,0.034435
7520,2.084609,2.080322,4.182941,0.044739,0.060175,0.059972,0.057094,0.063049,0.635277,0.095599,0.659363,0.327592,0.082182,0.096912,0.110047,0.103305,0.029067,0.029407,0.000250,0.033374
7530,2.076312,2.087303,4.187363,0.054474,0.060422,0.060070,0.057720,0.063368,0.624051,0.119591,0.657772,0.339076,0.083195,0.097352,0.111307,0.103697,0.029571,0.029975,0.000443,0.033996
7540,2.078897,2.089261,4.196555,0.049201,0.060788,0.060254,0.059567,0.063640,0.632185,0.121564,0.659482,0.320356,0.083741,0.098146,0.112000,0.104607,0.028692,0.029401,0.000567,0.032514
7550,2.079197,2.083491,4.191675,0.042319,0.060494,0.060150,0.059324,0.063629,0.632019,0.118313,0.660017,0.328198,0.083067,0.096663,0.111488,0.102772,0.030532,0.030239,0.000247,0.032123
7560,2.073956,2.080251,4.186532,0.040998,0.060404,0.060035,0.058943,0.063389,0.633301,0.108773,0.659741,0.313228,0.083673,0.098229,0.113346,0.105124,0.030045,0.030025,0.000256,0.032963
7570,2.073378,2.084076,4.192084,0.043229,0.060106,0.059762,0.058579,0.062682,0.645081,0.113863,0.658961,0.305287,0.083570,0.099144,0.113443,0.106199,0.030287,0.030523,0.001026,0.033057
7580,2.076599,2.077598,4.183362,0.038783,0.060059,0.059827,0.058782,0.062781,0.645350,0.108345,0.659673,0.289900,0.084418,0.099662,0.112946,0.106961,0.030746,0.030751,0.000236,0.030384
7590,2.076833,2.081280,4.188919,0.040707,0.060596,0.059850,0.058589,0.063236,0.636925,0.118927,0.659485,0.293896,0.083336,0.099362,0.112309,0.106706,0.029823,0.029749,0.000336,0.031909
7600,2.076464,2.079612,4.184495,0.041750,0.060658,0.059717,0.057942,0.063258,0.637195,0.094552,0.660149,0.302164,0.083724,0.099481,0.111283,0.106477,0.029412,0.030027,0.000243,0.033299
7610,2.075829,2.081991,4.186094,0.044985,0.060625,0.059770,0.057753,0.063378,0.627462,0.093211,0.658882,0.289824,0.084407,0.099955,0.110661,0.107507,0.030312,0.030476,0.000253,0.033646
7620,2.076728,2.078117,4.182465,0.040642,0.060568,0.059641,0.058367,0.063387,0.642927,0.100931,0.659764,0.314714,0.082749,0.098289,0.109801,0.106119,0.030000,0.030583,0.000194,0.033927
7630,2.079860,2.081681,4.189368,0.040992,0.060637,0.059785,0.058985,0.063705,0.633648,0.098946,0.659664,0.305878,0.082935,0.097480,0.109024,0.105214,0.030693,0.030771,0.000225,0.035299
7640,2.078378,2.079670,4.185400,0.040948,0.060598,0.059792,0.059166,0.063769,0.646601,0.102259,0.659563,0.309393,0.082486,0.096603,0.108570,0.104734,0.030012,0.030326,0.000462,0.036292
7650,2.087124,2.084308,4.195703,0.040103,0.060486,0.059674,0.059343,0.063682,0.645517,0.102063,0.659737,0.314574,0.083752,0.097702,0.110156,0.106267,0.030219,0.030567,0.000606,0.035529
7660,2.098525,2.087042,4.192697,0.048647,0.060253,0.059578,0.058590,0.063643,0.631608,0.097467,0.659557,0.305654,0.085010,0.099022,0.111583,0.106775,0.029626,0.030078,0.000245,0.036496
7670,2.084068,2.085899,4.189880,0.049131,0.060719,0.059843,0.059474,0.063868,0.632245,0.108493,0.658801,0.290494,0.084719,0.098720,0.112463,0.106186,0.030312,0.030494,0.000223,0.034824
7680,2.081935,2.083320,4.186541,0.047064,0.060882,0.060022,0.058620,0.063850,0.627794,0.101978,0.659144,0.321881,0.084855,0.100309,0.115007,0.106651,0.029898,0.030542,0.000398,0.034222
7690,2.094773,2.109154,4.186955,0.095811,0.061006,0.060007,0.058774,0.063708,0.626165,0.096497,0.657531,0.312052,0.085812,0.099617,0.113456,0.108030,0.030936,0.030799,0.005045,0.034152
7700,2.091954,2.083103,4.189922,0.043153,0.060772,0.060072,0.057866,0.063839,0.624396,0.100361,0.659547,0.303141,0.084356,0.099491,0.110916,0.106971,0.031222,0.031113,0.003201,0.035092
7710,2.079390,2.093300,4.184745,0.069160,0.060801,0.059738,0.057622,0.063872,0.635788,0.111450,0.658724,0.305797,0.083774,0.097984,0.109670,0.104389,0.031365,0.031276,0.000768,0.035295
7720,2.078768,2.078291,4.180920,0.042636,0.060841,0.059481,0.057934,0.063542,0.630195,0.093844,0.659351,0.305834,0.082595,0.096790,0.110610,0.103611,0.031004,0.031196,0.000309,0.032157
7730,2.089638,2.081848,4.191740,0.039028,0.060980,0.059938,0.058127,0.063346,0.641369,0.119792,0.660011,0.317095,0.083368,0.098220,0.110043,0.104810,0.031123,0.031238,0.001202,0.031367
7740,2.085954,2.083459,4.194056,0.039958,0.060723,0.059876,0.058193,0.062939,0.645146,0.107047,0.660099,0.323579,0.084132,0.099925,0.110699,0.105900,0.031262,0.031254,0.005067,0.031219
7750,2.080115,2.081820,4.186643,0.044010,0.060701,0.059754,0.058379,0.062398,0.631264,0.102830,0.659652,0.324709,0.084489,0.099737,0.110678,0.105732,0.030734,0.030812,0.000457,0.033820
7760,2.074337,2.081285,4.181099,0.048485,0.060722,0.059612,0.058844,0.062267,0.638432,0.106589,0.659514,0.350206,0.083979,0.098709,0.109837,0.105056,0.030479,0.030700,0.000202,0.034165
7770,2.077899,2.083274,4.187766,0.045904,0.060742,0.059634,0.059222,0.062880,0.636138,0.109782,0.659820,0.331652,0.083954,0.100426,0.112045,0.105680,0.031172,0.031148,0.000220,0.032549
7780,2.082709,2.087321,4.186048,0.055793,0.061037,0.059681,0.059930,0.063081,0.644730,0.121041,0.658718,0.321215,0.083913,0.099800,0.112122,0.106138,0.031270,0.031303,0.001726,0.032193
7790,2.081322,2.083413,4.189559,0.044405,0.061059,0.060034,0.058668,0.063261,0.644207,0.100050,0.659583,0.325947,0.083537,0.099608,0.111208,0.105781,0.031394,0.031338,0.000391,0.030861
7800,2.074767,2.077800,4.183218,0.039329,0.061167,0.060340,0.058736,0.063266,0.637914,0.095907,0.659904,0.311319,0.082481,0.099468,0.111147,0.105627,0.031265,0.031281,0.000279,0.027850
7810,2.083121,2.085336,4.200301,0.037557,0.061082,0.060391,0.059365,0.063237,0.631263,0.105287,0.660096,0.310788,0.082740,0.098919,0.110135,0.105375,0.031357,0.031424,0.000266,0.027932
7820,2.085313,2.082186,4.192156,0.039330,0.061282,0.060526,0.059606,0.063528,0.644611,0.098651,0.659632,0.313171,0.082547,0.099195,0.112356,0.105968,0.031410,0.031537,0.000205,0.030639
7830,2.081973,2.085203,4.193362,0.044234,0.061275,0.060318,0.059201,0.063276,0.638833,0.107296,0.659538,0.317294,0.082995,0.097820,0.112573,0.105632,0.031552,0.031610,0.000185,0.030222
7840,2.077144,2.079850,4.187728,0.039024,0.061140,0.059960,0.059329,0.063354,0.645885,0.096320,0.659392,0.317670,0.083440,0.096649,0.111765,0.104729,0.031638,0.031681,0.000288,0.031664
7850,2.075425,2.083020,4.188039,0.045129,0.061371,0.060079,0.059159,0.063468,0.646479,0.101668,0.659103,0.331711,0.083928,0.096637,0.111110,0.104457,0.031452,0.031566,0.000327,0.033088
7860,2.078065,2.082747,4.186122,0.046517,0.061528,0.060220,0.058989,0.063467,0.644812,0.101422,0.659794,0.321814,0.085994,0.099038,0.112858,0.106185,0.031567,0.031575,0.000498,0.033642
7870,2.075255,2.076680,4.183474,0.036832,0.061577,0.060132,0.058873,0.063533,0.632706,0.100836,0.660047,0.322166,0.083663,0.097797,0.110944,0.104393,0.031430,0.031560,0.000301,0.033143
7880,2.084588,2.082407,4.196260,0.035647,0.061689,0.060056,0.059529,0.063364,0.646394,0.100485,0.659714,0.325533,0.082653,0.097348,0.110258,0.103611,0.031433,0.031479,0.000184,0.030831
7890,2.080163,2.082611,4.194468,0.037860,0.061494,0.060013,0.059189,0.063208,0.638953,0.099713,0.660001,0.339985,0.082982,0.098080,0.110580,0.104767,0.031228,0.031194,0.000445,0.029512
7900,2.074392,2.076234,4.182798,0.036604,0.061423,0.060092,0.059521,0.063223,0.645022,0.094970,0.659805,0.339880,0.082734,0.097678,0.110790,0.105346,0.031293,0.031250,0.000303,0.029594
7910,2.078393,2.081363,4.187459,0.042349,0.061417,0.060217,0.059664,0.063299,0.646222,0.103069,0.658608,0.335948,0.082867,0.096886,0.110115,0.105121,0.031393,0.031491,0.000176,0.030688
7920,2.079296,2.083515,4.194229,0.039942,0.061858,0.060300,0.060140,0.063792,0.638918,0.110122,0.659622,0.330015,0.084046,0.098207,0.111164,0.105471,0.031282,0.031563,0.000109,0.030906
7930,2.078084,2.082607,4.191981,0.040355,0.061936,0.060705,0.059171,0.064188,0.632385,0.091304,0.659076,0.338654,0.085059,0.098971,0.111681,0.106161,0.031078,0.031334,0.000142,0.034199
7940,2.086087,2.083757,4.198365,0.036317,0.061620,0.060492,0.059685,0.064078,0.628166,0.086691,0.659887,0.319760,0.084982,0.098911,0.110888,0.105768,0.031346,0.031468,0.000179,0.035353
7950,2.109354,2.080585,4.194386,0.033837,0.060938,0.059814,0.059906,0.063020,0.636529,0.102837,0.659710,0.331385,0.085624,0.098875,0.110800,0.106467,0.031516,0.031647,0.000146,0.034439
7960,2.092648,2.086979,4.198536,0.042543,0.060056,0.059411,0.059784,0.062248,0.637998,0.111747,0.659297,0.323586,0.085140,0.099881,0.112141,0.106810,0.031586,0.031738,0.001066,0.036980
7970,2.085998,2.080591,4.189300,0.038187,0.059944,0.059414,0.059993,0.062066,0.650026,0.102720,0.659949,0.317287,0.084309,0.100293,0.111363,0.106335,0.031565,0.031702,0.000935,0.038216
7980,2.098427,2.088877,4.196823,0.047612,0.060154,0.059330,0.060363,0.062057,0.651936,0.101489,0.659144,0.319529,0.085397,0.101198,0.113012,0.107199,0.031578,0.031704,0.002320,0.037923
7990,2.087496,2.082972,4.195233,0.037434,0.060874,0.059373,0.060249,0.062335,0.644891,0.101454,0.659829,0.302823,0.085120,0.099445,0.110887,0.105877,0.031603,0.031599,0.000229,0.038688
8000,2.081217,2.088233,4.195757,0.047511,0.061310,0.059547,0.059734,0.062717,0.645313,0.107449,0.659544,0.341835,0.086413,0.099274,0.111413,0.105989,0.031535,0.031370,0.000209,0.037768
8010,2.069243,2.083627,4.191196,0.043078,0.060606,0.059461,0.059250,0.062064,0.641416,0.114880,0.659392,0.306531,0.084995,0.099276,0.112179,0.106170,0.031531,0.031502,0.000255,0.036673
8020,2.086693,2.079334,4.187349,0.038288,0.060302,0.059572,0.058785,0.061957,0.653314,0.112321,0.659559,0.323094,0.084555,0.098417,0.110905,0.105452,0.031235,0.031273,0.000294,0.035416
8030,2.072891,2.085166,4.200666,0.036868,0.060509,0.059683,0.058647,0.062185,0.652417,0.093312,0.659797,0.308873,0.085122,0.098609,0.109904,0.106009,0.031327,0.031369,0.000352,0.033612
8040,2.085165,2.077426,4.186337,0.035473,0.060156,0.059450,0.058951,0.062013,0.649284,0.094615,0.659928,0.345380,0.085094,0.099464,0.109713,0.106304,0.031279,0.031279,0.000485,0.033554
8050,2.074427,2.082096,4.193302,0.038003,0.060340,0.059320,0.059181,0.062105,0.646919,0.096488,0.659586,0.316232,0.084805,0.099524,0.109673,0.106367,0.031621,0.031663,0.000328,0.034261
8060,2.080157,2.076556,4.186792,0.033240,0.060500,0.059372,0.059216,0.062391,0.652098,0.106972,0.660255,0.326899,0.083995,0.097852,0.108718,0.104951,0.031650,0.031728,0.000247,0.034025
8070,2.076109,2.081867,4.191208,0.039602,0.060366,0.059056,0.059179,0.062171,0.650935,0.106388,0.659876,0.336955,0.084947,0.098265,0.108407,0.105556,0.031515,0.031540,0.000195,0.031998
8080,2.072009,2.077591,4.187497,0.034661,0.060670,0.058944,0.059152,0.062014,0.643482,0.110913,0.660031,0.332033,0.084260,0.097678,0.108980,0.104674,0.031604,0.031649,0.000197,0.030812
8090,2.072038,2.074651,4.180038,0.036139,0.060670,0.058835,0.059320,0.061787,0.645517,0.106599,0.659241,0.347890,0.084341,0.098645,0.110096,0.105942,0.031540,0.031625,0.000199,0.031032
8100,2.081540,2.082487,4.198849,0.033237,0.060969,0.059474,0.059340,0.062335,0.644756,0.113436,0.659801,0.308693,0.084315,0.099744,0.110453,0.106013,0.031632,0.031679,0.000205,0.031109
8110,2.086763,2.078203,4.183783,0.039582,0.061561,0.059927,0.060312,0.063029,0.637998,0.109773,0.659655,0.289725,0.085963,0.101561,0.112587,0.108351,0.031558,0.031672,0.000198,0.029733
8120,2.083091,2.086396,4.192758,0.047263,0.061797,0.060198,0.060704,0.063261,0.643744,0.108383,0.659226,0.294360,0.083301,0.098607,0.110079,0.105683,0.031615,0.031729,0.002398,0.031491
8130,2.081762,2.078405,4.188790,0.035022,0.061550,0.060166,0.059735,0.063231,0.652119,0.105242,0.659841,0.313405,0.084287,0.098507,0.109051,0.105207,0.031636,0.031713,0.000313,0.032730
8140,2.085299,2.080202,4.186021,0.041459,0.061601,0.059966,0.060424,0.063143,0.649520,0.098972,0.658863,0.320005,0.086720,0.100988,0.110680,0.106812,0.031265,0.031528,0.000279,0.030650
8150,2.071923,2.082688,4.184100,0.048400,0.061499,0.059502,0.061241,0.062649,0.639838,0.097648,0.659459,0.317986,0.086833,0.098709,0.108440,0.105268,0.030832,0.031107,0.000261,0.032113
8160,2.095754,2.080260,4.186656,0.040847,0.061548,0.059833,0.061038,0.063158,0.617325,0.099192,0.659759,0.308926,0.087347,0.100613,0.111912,0.107356,0.031537,0.031583,0.000184,0.030193
8170,2.072570,2.082426,4.192948,0.038953,0.060449,0.059508,0.059923,0.061838,0.647604,0.090243,0.659183,0.326705,0.086911,0.100398,0.112137,0.107596,0.031535,0.031646,0.000193,0.029622
8180,2.092382,2.076423,4.183450,0.036330,0.060387,0.059571,0.059840,0.061808,0.650890,0.098280,0.659729,0.338016,0.086914,0.099575,0.111757,0.107041,0.031508,0.031580,0.000171,0.030033
8190,2.076061,2.076288,4.187338,0.032176,0.060649,0.059764,0.060023,0.061961,0.651994,0.091808,0.660117,0.316622,0.087188,0.101103,0.112496,0.107863,0.031561,0.031624,0.000186,0.029222
8200,2.075436,2.074249,4.181368,0.033988,0.060661,0.059727,0.059894,0.061998,0.645084,0.103631,0.659763,0.309200,0.086305,0.101902,0.113742,0.108693,0.031615,0.031705,0.000238,0.030490
8210,2.077460,2.080780,4.197903,0.030714,0.060887,0.059547,0.059199,0.061886,0.649739,0.113527,0.660105,0.320262,0.085350,0.101164,0.112797,0.108380,0.031456,0.031616,0.000282,0.031744
8220,2.079748,2.080831,4.192788,0.035963,0.061053,0.059497,0.059092,0.061902,0.649552,0.114112,0.659023,0.320233,0.087265,0.100854,0.112998,0.108264,0.031656,0.031551,0.000344,0.033966
8230,2.070884,2.081748,4.183141,0.047469,0.061339,0.059757,0.060455,0.062249,0.641924,0.105251,0.658025,0.309286,0.088736,0.101533,0.113828,0.108685,0.031585,0.031646,0.000359,0.032680
8240,2.088356,2.090309,4.195163,0.052836,0.062080,0.059784,0.060510,0.062283,0.650637,0.113091,0.659590,0.313917,0.087278,0.099674,0.111744,0.107400,0.031628,0.031695,0.000345,0.033569
8250,2.095289,2.080128,4.182220,0.045109,0.062348,0.059965,0.060022,0.062514,0.628344,0.091983,0.659142,0.299837,0.086626,0.099039,0.111744,0.107046,0.031457,0.031476,0.000167,0.033398
8260,2.080680,2.077466,4.187956,0.033950,0.062507,0.059948,0.059977,0.062458,0.652258,0.108235,0.659952,0.306432,0.087008,0.099385,0.112317,0.107873,0.031570,0.031692,0.000209,0.035193
8270,2.078272,2.075663,4.183773,0.034457,0.062259,0.059953,0.059714,0.062519,0.656955,0.098942,0.659916,0.321428,0.087201,0.098909,0.110852,0.106834,0.031398,0.031705,0.000299,0.036500
8280,2.076437,2.078366,4.192564,0.031129,0.061932,0.059746,0.059846,0.062424,0.639690,0.096902,0.659769,0.313047,0.087363,0.100086,0.109336,0.107114,0.031599,0.031683,0.000502,0.036314
8290,2.083091,2.081646,4.195195,0.035155,0.061999,0.059777,0.059138,0.062785,0.634655,0.095608,0.660069,0.314983,0.088273,0.100765,0.108142,0.107406,0.031622,0.031640,0.000397,0.036058
8300,2.078640,2.079837,4.191509,0.035148,0.062280,0.059965,0.059173,0.062849,0.648939,0.091141,0.659861,0.322114,0.087051,0.100002,0.108448,0.106261,0.031597,0.031519,0.000264,0.036356
8310,2.077171,2.080844,4.197174,0.031575,0.061889,0.059813,0.059717,0.062224,0.649567,0.085465,0.659725,0.327487,0.087380,0.100659,0.109412,0.107061,0.031370,0.031612,0.000160,0.035580
8320,2.086104,2.085055,4.193501,0.043836,0.061765,0.059566,0.059815,0.061873,0.650644,0.096757,0.659200,0.295179,0.088334,0.103742,0.114329,0.110192,0.031664,0.031705,0.000212,0.034624
8330,2.081823,2.080577,4.185886,0.042343,0.062051,0.059546,0.059789,0.061995,0.639726,0.098291,0.658978,0.287887,0.088171,0.102648,0.113781,0.109416,0.031703,0.031772,0.000147,0.033773
8340,2.068373,2.073951,4.183156,0.031609,0.062227,0.059558,0.059917,0.062057,0.651605,0.117096,0.659888,0.321137,0.087750,0.099967,0.110650,0.107795,0.031638,0.031659,0.000275,0.034725
8350,2.080066,2.077974,4.193774,0.029158,0.062299,0.059905,0.059599,0.062267,0.644046,0.111947,0.659931,0.317509,0.085144,0.099991,0.112005,0.107467,0.031627,0.031651,0.000140,0.034947
8360,2.071385,2.075696,4.188920,0.029394,0.062466,0.059981,0.059391,0.062558,0.660029,0.113219,0.659978,0.309379,0.084802,0.100244,0.112288,0.107429,0.031611,0.031651,0.000183,0.033668
8370,2.068112,2.074496,4.187461,0.028420,0.062222,0.059939,0.059120,0.062553,0.642134,0.101749,0.660059,0.296848,0.086418,0.100742,0.111066,0.107339,0.031646,0.031693,0.000155,0.032399
8380,2.076999,2.080447,4.194401,0.028863,0.062298,0.059937,0.058909,0.062584,0.656362,0.111013,0.659812,0.304212,0.086889,0.101707,0.111534,0.107941,0.031572,0.031666,0.000119,0.031184
8390,2.084676,2.077839,4.193759,0.028898,0.062338,0.059873,0.058800,0.062360,0.653276,0.107984,0.659565,0.288073,0.086510,0.101815,0.112251,0.108687,0.031622,0.031699,0.000141,0.031828
8400,2.076283,2.083742,4.196853,0.037812,0.061861,0.059610,0.058510,0.061835,0.649666,0.096454,0.658757,0.314044,0.087893,0.101878,0.112406,0.109539,0.031548,0.031595,0.000140,0.032301
8410,2.077659,2.078470,4.194274,0.029668,0.061391,0.059549,0.057974,0.061754,0.646798,0.099505,0.659947,0.317200,0.087706,0.099676,0.110240,0.108162,0.031658,0.031683,0.004142,0.032081
8420,2.093591,2.081457,4.192606,0.037426,0.060885,0.059377,0.057961,0.061285,0.641922,0.089864,0.659246,0.288896,0.087911,0.099812,0.109668,0.108376,0.031622,0.031728,0.000967,0.031110
8430,2.072597,2.075817,4.183097,0.035422,0.060986,0.059125,0.058947,0.061117,0.647718,0.097228,0.659793,0.317578,0.089648,0.101820,0.110329,0.110296,0.031431,0.031680,0.000200,0.031803
8440,2.081967,2.080649,4.193201,0.035082,0.061007,0.058867,0.059716,0.061162,0.647677,0.101833,0.659440,0.319737,0.089815,0.103163,0.109764,0.111158,0.031149,0.031656,0.005610,0.033795
8450,2.077099,2.082914,4.195659,0.037307,0.061481,0.058702,0.060564,0.061423,0.637591,0.095948,0.659585,0.298326,0.090593,0.103286,0.109810,0.110346,0.031455,0.031671,0.001747,0.034196
8460,2.079584,2.082353,4.192182,0.039650,0.061752,0.058930,0.060223,0.061730,0.652929,0.095856,0.658917,0.289768,0.089008,0.101337,0.111116,0.108264,0.031650,0.031663,0.005219,0.033582
8470,2.076391,2.077127,4.190006,0.031198,0.061798,0.059447,0.059487,0.062364,0.657530,0.098716,0.659161,0.289559,0.085986,0.100423,0.110682,0.106958,0.031685,0.031764,0.009217,0.034627
8480,2.076604,2.079645,4.188864,0.037425,0.061542,0.059444,0.059113,0.062332,0.646232,0.097169,0.658912,0.299031,0.088147,0.101897,0.111837,0.107731,0.031714,0.031782,0.012943,0.034577
8490,2.081699,2.085084,4.192339,0.045000,0.062071,0.059484,0.058818,0.062547,0.641538,0.095661,0.659661,0.296996,0.090447,0.102877,0.113133,0.108993,0.031684,0.031775,0.000252,0.035895
8500,2.075716,2.075784,4.185766,0.032672,0.062143,0.059348,0.058247,0.062626,0.652587,0.108739,0.660029,0.308876,0.089226,0.101827,0.110577,0.108192,0.031714,0.031774,0.000129,0.036027
8510,2.075958,2.083348,4.189637,0.044233,0.061999,0.058976,0.058419,0.062085,0.653876,0.119937,0.659639,0.302416,0.087405,0.100982,0.110105,0.107138,0.031516,0.031688,0.000202,0.035084
8520,2.067923,2.073686,4.186190,0.028042,0.061441,0.058779,0.058406,0.061221,0.650125,0.104379,0.659986,0.282607,0.088312,0.102186,0.111353,0.108298,0.031578,0.031572,0.000095,0.035736
8530,2.069918,2.071982,4.184225,0.026522,0.061280,0.058725,0.058416,0.061064,0.650797,0.105253,0.660195,0.287816,0.089304,0.103637,0.112505,0.109717,0.031666,0.031585,0.000082,0.037098
8540,2.073149,2.073816,4.189273,0.025160,0.061541,0.058787,0.058892,0.061257,0.651151,0.103996,0.659946,0.299115,0.088367,0.102622,0.112278,0.108441,0.031736,0.031881,0.001039,0.037772
8550,2.070469,2.074689,4.188254,0.027996,0.061997,0.058936,0.058899,0.061403,0.655348,0.104015,0.659957,0.296862,0.086989,0.102095,0.111654,0.108366,0.031703,0.031648,0.000118,0.037936
8560,2.077809,2.075657,4.189979,0.028251,0.062178,0.058878,0.059192,0.061885,0.649579,0.094588,0.659761,0.290616,0.088500,0.103631,0.111253,0.109928,0.031574,0.031577,0.000096,0.036119
8570,2.071514,2.073954,4.184770,0.029952,0.061791,0.058689,0.058872,0.061537,0.653550,0.093611,0.660073,0.288461,0.088231,0.103664,0.112373,0.109733,0.031650,0.032351,0.000137,0.035380
8580,2.081344,2.071789,4.184160,0.026225,0.060842,0.059109,0.058157,0.061416,0.658855,0.105496,0.659958,0.296392,0.086402,0.101905,0.111931,0.108479,0.031679,0.031791,0.000123,0.035531
8590,2.074815,2.074150,4.186061,0.029129,0.060810,0.059500,0.058743,0.061571,0.648887,0.108241,0.659966,0.283675,0.086788,0.102258,0.112471,0.108449,0.031716,0.031767,0.000135,0.032862
8600,2.070864,2.077011,4.192695,0.028315,0.061263,0.059640,0.059310,0.061507,0.647804,0.102728,0.659091,0.281820,0.088046,0.102879,0.112895,0.109091,0.031685,0.032042,0.000195,0.031680
8610,2.073559,2.076407,4.190058,0.029708,0.061805,0.059682,0.058978,0.061663,0.652944,0.103295,0.659654,0.295007,0.086935,0.101227,0.110852,0.107316,0.031485,0.031963,0.000136,0.030398
8620,2.071450,2.077469,4.194327,0.027604,0.062153,0.059790,0.058195,0.062133,0.655333,0.105086,0.659956,0.312597,0.088470,0.103429,0.111057,0.107363,0.031723,0.031809,0.000157,0.031855
8630,2.071261,2.077081,4.185276,0.035860,0.062239,0.059825,0.058177,0.062452,0.638935,0.096025,0.659171,0.290509,0.087772,0.103288,0.109813,0.107182,0.031718,0.031836,0.000131,0.031184
8640,2.069608,2.077741,4.188076,0.034402,0.061928,0.059652,0.057970,0.062289,0.659880,0.105345,0.659676,0.303473,0.087395,0.102267,0.109441,0.107562,0.031705,0.031713,0.004142,0.033811
8650,2.072112,2.074574,4.187010,0.029044,0.062218,0.059497,0.058705,0.062446,0.653008,0.113504,0.660170,0.283727,0.086827,0.102847,0.112022,0.109226,0.031773,0.031877,0.000656,0.035757
8660,2.071623,2.075201,4.188085,0.029131,0.062118,0.058988,0.059133,0.062028,0.639940,0.104013,0.659685,0.290450,0.088545,0.103085,0.111917,0.109163,0.031691,0.032195,0.000224,0.037188
8670,2.087108,2.069560,4.180993,0.024798,0.062793,0.058931,0.059721,0.061825,0.646769,0.106098,0.660044,0.307956,0.089179,0.102698,0.111641,0.108117,0.031550,0.031731,0.000244,0.035886
8680,2.074988,2.072409,4.184237,0.027407,0.062777,0.059306,0.059088,0.062088,0.646983,0.100408,0.659837,0.307853,0.087962,0.103181,0.112045,0.109234,0.031340,0.031805,0.000156,0.034211
8690,2.071023,2.069752,4.182618,0.023630,0.062316,0.059139,0.058389,0.061890,0.647668,0.098071,0.660193,0.298627,0.087829,0.103407,0.111097,0.109132,0.031671,0.032154,0.000220,0.035350
8700,2.074495,2.069781,4.183861,0.022436,0.061977,0.059182,0.057905,0.062033,0.647004,0.101099,0.660254,0.311179,0.088092,0.103447,0.110644,0.108996,0.031670,0.031815,0.000222,0.036778
8710,2.070205,2.073092,4.188339,0.024686,0.062193,0.059334,0.057932,0.062203,0.652497,0.104889,0.659999,0.315857,0.087895,0.103634,0.110954,0.108797,0.031677,0.031843,0.000119,0.035868
8720,2.079501,2.074341,4.190035,0.025464,0.062632,0.059274,0.059383,0.062174,0.648012,0.112669,0.660026,0.297554,0.089244,0.105726,0.112500,0.110499,0.031720,0.031913,0.000224,0.035999
8730,2.064633,2.077148,4.193643,0.027592,0.062821,0.059241,0.059741,0.062214,0.640588,0.102659,0.659507,0.295463,0.088536,0.105236,0.112789,0.110541,0.031680,0.031770,0.000167,0.033188
8740,2.077169,2.073507,4.188792,0.025045,0.062664,0.059046,0.059024,0.062137,0.649430,0.114560,0.659918,0.292612,0.086109,0.104051,0.111530,0.108680,0.031580,0.032187,0.000213,0.033647
8750,2.071714,2.070059,4.178448,0.028374,0.062538,0.059375,0.059044,0.062309,0.645637,0.102512,0.659669,0.268178,0.088468,0.105033,0.111275,0.108636,0.031597,0.032064,0.000097,0.032247
8760,2.065354,2.072597,4.186232,0.025789,0.061856,0.059092,0.058129,0.061922,0.654131,0.114613,0.660094,0.267704,0.088757,0.105042,0.110727,0.108325,0.031479,0.033405,0.000132,0.031124
8770,2.070546,2.071936,4.182495,0.028172,0.061484,0.058963,0.057490,0.061581,0.655016,0.119961,0.660264,0.281916,0.086918,0.103806,0.112258,0.108142,0.031727,0.031767,0.000141,0.031281
8780,2.075578,2.071366,4.185821,0.023401,0.061661,0.058894,0.058200,0.061362,0.654340,0.123633,0.660159,0.302140,0.085406,0.103612,0.111425,0.108500,0.031729,0.032089,0.000254,0.032210
8790,2.074549,2.077418,4.194403,0.027347,0.061777,0.058778,0.058362,0.061349,0.654972,0.114488,0.660328,0.298853,0.088212,0.104077,0.110862,0.109102,0.031706,0.031714,0.000163,0.031914
8800,2.076420,2.072473,4.187291,0.024497,0.061554,0.058707,0.058029,0.061472,0.660224,0.116624,0.660474,0.310819,0.085007,0.100008,0.108061,0.105289,0.031648,0.032057,0.000170,0.032419
8810,2.069045,2.070879,4.179847,0.028678,0.061592,0.058804,0.057654,0.061148,0.657653,0.122804,0.660116,0.312647,0.085686,0.101532,0.110622,0.107340,0.031694,0.031786,0.000171,0.032337
8820,2.064893,2.071955,4.185090,0.025630,0.061952,0.058682,0.059496,0.061408,0.650737,0.101995,0.660129,0.298398,0.088639,0.102554,0.111664,0.109400,0.032423,0.031887,0.003689,0.033056
8830,2.078497,2.071773,4.185727,0.024631,0.061906,0.058472,0.059850,0.061135,0.657015,0.104161,0.659633,0.310029,0.088460,0.101186,0.110029,0.108779,0.037813,0.031940,0.011752,0.033520
8840,2.077359,2.070441,4.185230,0.022417,0.061608,0.058460,0.058323,0.061193,0.659737,0.103903,0.659895,0.313295,0.087713,0.101220,0.110223,0.108855,0.038140,0.032012,0.014451,0.034813
8850,2.064668,2.070677,4.187201,0.020911,0.061535,0.058521,0.057737,0.061398,0.661888,0.110675,0.659895,0.318138,0.087581,0.101715,0.110126,0.109211,0.037269,0.032068,0.015227,0.035776
8860,2.068518,2.069440,4.186348,0.019247,0.061688,0.058618,0.057730,0.061559,0.659257,0.105335,0.659900,0.312542,0.087499,0.102360,0.110326,0.109586,0.034309,0.031822,0.015172,0.036314
8870,2.068972,2.069868,4.186393,0.020056,0.061769,0.058630,0.057701,0.061543,0.660774,0.100376,0.659886,0.308292,0.087764,0.102936,0.110675,0.110093,0.032739,0.032372,0.014797,0.035602
8880,2.065758,2.070650,4.189309,0.018752,0.061738,0.058589,0.057724,0.061510,0.662068,0.101764,0.659849,0.314525,0.088166,0.103655,0.110738,0.110776,0.035010,0.031974,0.015457,0.036922
8890,2.069508,2.070042,4.187888,0.018921,0.061904,0.058668,0.058030,0.061569,0.661219,0.105502,0.659846,0.308613,0.088530,0.104236,0.111222,0.111325,0.037072,0.031801,0.015500,0.038083
8900,2.069542,2.070075,4.188161,0.018705,0.061977,0.058666,0.058045,0.061485,0.660731,0.109261,0.659888,0.307534,0.088413,0.103884,0.110889,0.111006,0.035794,0.031967,0.015287,0.038245
8910,2.064651,2.067687,4.183262,0.018767,0.061842,0.058586,0.057973,0.061470,0.661656,0.112343,0.659921,0.309037,0.088611,0.104418,0.111495,0.111562,0.036253,0.032155,0.014659,0.037419
8920,2.066024,2.068846,4.186730,0.017647,0.061833,0.058607,0.058170,0.061509,0.663085,0.112846,0.659944,0.311555,0.088603,0.104651,0.111682,0.111560,0.036178,0.032613,0.014603,0.037999
8930,2.069474,2.073445,4.194111,0.019616,0.061703,0.058638,0.058111,0.061462,0.666023,0.113118,0.659911,0.314911,0.088548,0.104733,0.111793,0.111871,0.036816,0.032241,0.014480,0.038995
8940,2.068434,2.067869,4.183908,0.018509,0.061872,0.058711,0.058061,0.061445,0.663554,0.106064,0.659855,0.315145,0.089709,0.106059,0.112432,0.113136,0.036597,0.032278,0.014227,0.038812
8950,2.070231,2.068649,4.185053,0.018905,0.062247,0.058679,0.058598,0.061621,0.663296,0.109464,0.659796,0.312106,0.090456,0.107813,0.113539,0.114415,0.037999,0.031928,0.014702,0.038868
8960,2.067276,2.070242,4.185511,0.021680,0.062663,0.058631,0.059821,0.061563,0.656158,0.108348,0.659431,0.299872,0.091029,0.108413,0.114153,0.115162,0.045936,0.032051,0.015741,0.041417
8970,2.070377,2.082073,4.185961,0.045252,0.062032,0.059036,0.059103,0.061994,0.654018,0.109761,0.659164,0.314056,0.089063,0.105865,0.112517,0.113279,0.044281,0.031774,0.016028,0.041056
8980,2.090027,2.102843,4.185369,0.088054,0.061909,0.059593,0.059303,0.062107,0.654791,0.109695,0.657674,0.308096,0.088738,0.104927,0.111958,0.112474,0.041842,0.031836,0.014821,0.041270
8990,2.081590,2.086111,4.186757,0.052706,0.062547,0.059931,0.060337,0.061924,0.635219,0.111363,0.658840,0.285907,0.090518,0.104375,0.112156,0.112664,0.042929,0.031842,0.015998,0.036993
9000,2.097528,2.078800,4.186658,0.037922,0.062208,0.059382,0.058734,0.061599,0.652803,0.123060,0.659072,0.298117,0.092489,0.105846,0.111961,0.113866,0.039897,0.031723,0.015886,0.038182
9010,2.069098,2.074702,4.182306,0.033988,0.062309,0.059505,0.057828,0.061582,0.659535,0.115271,0.659442,0.300653,0.088574,0.103027,0.107660,0.111291,0.040431,0.031749,0.015808,0.038505
9020,2.067444,2.071316,4.182834,0.026588,0.061940,0.059561,0.057513,0.061833,0.660530,0.114544,0.659668,0.283354,0.087339,0.101503,0.105741,0.109276,0.034010,0.031775,0.012308,0.036992
9030,2.077640,2.075014,4.186719,0.030134,0.062024,0.059733,0.057665,0.061975,0.648181,0.111166,0.659036,0.265415,0.088969,0.102386,0.106554,0.110482,0.031870,0.031965,0.008952,0.035859
9040,2.071327,2.077011,4.189611,0.031088,0.062348,0.059781,0.057669,0.061893,0.658917,0.123067,0.660070,0.276958,0.089717,0.104509,0.108409,0.112518,0.031638,0.031637,0.006427,0.036348
9050,2.077610,2.079175,4.187284,0.038048,0.062147,0.059700,0.057851,0.061955,0.652229,0.105822,0.659077,0.272845,0.087687,0.106284,0.108962,0.113115,0.031634,0.031740,0.000240,0.036731
9060,2.074268,2.074053,4.187109,0.027778,0.062229,0.059728,0.057430,0.062187,0.648567,0.109531,0.660124,0.296874,0.086347,0.102113,0.106957,0.109949,0.031681,0.031952,0.000233,0.035789
9070,2.067537,2.075879,4.183031,0.035677,0.061972,0.059829,0.057455,0.061916,0.642161,0.102651,0.660007,0.276390,0.088989,0.103227,0.108212,0.111328,0.032400,0.031861,0.000236,0.035640
9080,2.092124,2.080236,4.196032,0.031482,0.062252,0.059741,0.058186,0.061673,0.651859,0.109078,0.659883,0.287885,0.089337,0.106204,0.111789,0.113285,0.032481,0.031808,0.007196,0.035256
9090,2.071941,2.076055,4.185706,0.033341,0.062334,0.059379,0.058489,0.061528,0.645264,0.099109,0.658996,0.283122,0.088026,0.104718,0.110075,0.111114,0.031658,0.031837,0.001563,0.034594
9100,2.076206,2.074987,4.184497,0.032358,0.062154,0.059413,0.058369,0.061781,0.650120,0.100682,0.659295,0.280398,0.086965,0.102309,0.109172,0.109254,0.031938,0.031782,0.002742,0.034218
9110,2.072728,2.072028,4.186586,0.024288,0.061960,0.059571,0.058137,0.061671,0.657130,0.100341,0.659741,0.280735,0.086278,0.101958,0.108875,0.109004,0.031817,0.032340,0.002606,0.033847
9120,2.071369,2.067503,4.180724,0.020964,0.062348,0.059717,0.058012,0.061656,0.655954,0.105211,0.659848,0.281518,0.087344,0.103471,0.109832,0.110595,0.032539,0.031784,0.006681,0.034323
9130,2.070607,2.071096,4.187376,0.021600,0.062545,0.059751,0.057893,0.061781,0.655963,0.095836,0.660218,0.281844,0.088163,0.104712,0.111064,0.111782,0.031766,0.032715,0.000886,0.033361
9140,2.072803,2.069309,4.182911,0.022429,0.062753,0.059784,0.057802,0.061854,0.653922,0.103720,0.659898,0.288231,0.088747,0.104704,0.110252,0.112585,0.032241,0.031801,0.004386,0.031856
9150,2.070254,2.074773,4.182946,0.033510,0.062907,0.059769,0.058309,0.061765,0.654969,0.104052,0.659333,0.287907,0.090017,0.106290,0.110839,0.114475,0.032629,0.031863,0.008217,0.031656
9160,2.072763,2.075037,4.192802,0.024189,0.062689,0.059750,0.058419,0.061964,0.657163,0.109734,0.660096,0.296323,0.089824,0.105897,0.109611,0.113748,0.032000,0.031917,0.000745,0.032775
9170,2.080079,2.072778,4.190954,0.021440,0.062428,0.059975,0.058251,0.062181,0.658391,0.106600,0.660151,0.280707,0.089787,0.105211,0.108706,0.113716,0.033645,0.031890,0.002678,0.033929
9180,2.066140,2.074104,4.188772,0.026315,0.062197,0.059750,0.057762,0.061584,0.657715,0.121336,0.658746,0.293921,0.087950,0.104379,0.108291,0.113379,0.032926,0.031878,0.009152,0.033891
9190,2.068715,2.073716,4.191803,0.022509,0.061888,0.059492,0.057422,0.061276,0.658442,0.119628,0.659981,0.286548,0.088653,0.105017,0.106874,0.112568,0.032087,0.032577,0.006677,0.032778
9200,2.076254,2.070282,4.185801,0.021534,0.061993,0.059471,0.057520,0.061315,0.663013,0.116494,0.660097,0.283399,0.088041,0.106329,0.108878,0.113092,0.032064,0.031768,0.009079,0.032277
9210,2.074834,2.071198,4.184813,0.024378,0.062245,0.059433,0.057819,0.061561,0.659821,0.115434,0.660246,0.270232,0.088677,0.106319,0.109077,0.113897,0.031719,0.031772,0.004369,0.032140
9220,2.070393,2.071544,4.184637,0.025262,0.062221,0.059483,0.057879,0.061828,0.652415,0.119758,0.660324,0.262462,0.088520,0.106288,0.107839,0.113230,0.031567,0.031791,0.001355,0.031641
9230,2.071861,2.069895,4.185350,0.021195,0.062892,0.059360,0.059487,0.061878,0.652415,0.121978,0.660259,0.273390,0.089564,0.106504,0.106832,0.112884,0.031672,0.031801,0.003358,0.032985
9240,2.072997,2.072522,4.179123,0.032767,0.062778,0.059854,0.059452,0.061575,0.646395,0.120014,0.659544,0.282581,0.089494,0.106079,0.108801,0.113302,0.031726,0.031976,0.000716,0.031378
9250,2.071144,2.072672,4.183474,0.028696,0.062396,0.060219,0.058698,0.061971,0.643387,0.117744,0.659409,0.279686,0.089028,0.106213,0.109435,0.113250,0.031740,0.031761,0.000128,0.030685
9260,2.067062,2.068739,4.182728,0.021455,0.062192,0.060256,0.058351,0.062203,0.653085,0.094996,0.660336,0.280337,0.089174,0.107904,0.110750,0.114103,0.031739,0.031764,0.000336,0.031616
9270,2.068263,2.071948,4.187194,0.023476,0.062183,0.060293,0.058340,0.062116,0.654181,0.105296,0.660137,0.287994,0.088517,0.107068,0.109362,0.113305,0.031739,0.031829,0.000344,0.032978
9280,2.080480,2.071656,4.189991,0.020106,0.062217,0.059398,0.059009,0.061263,0.654721,0.100485,0.660240,0.278225,0.088189,0.106526,0.108873,0.112950,0.031692,0.033043,0.000180,0.033580
9290,2.068336,2.070314,4.187398,0.019975,0.061508,0.059027,0.058380,0.060743,0.647528,0.106193,0.660186,0.286149,0.089300,0.106711,0.108156,0.113213,0.031664,0.031825,0.000129,0.032360
9300,2.074393,2.071145,4.187895,0.021193,0.061593,0.059265,0.057868,0.060957,0.653114,0.110574,0.660271,0.289071,0.090085,0.106024,0.107769,0.112557,0.031681,0.032616,0.000281,0.032357
9310,2.070078,2.071155,4.186158,0.022887,0.061884,0.059555,0.058057,0.061125,0.658289,0.107287,0.660091,0.288121,0.090053,0.105950,0.108355,0.112369,0.031734,0.031795,0.001027,0.032510
9320,2.066524,2.074076,4.189441,0.025518,0.061743,0.059789,0.058029,0.061202,0.642533,0.099895,0.660092,0.279474,0.089014,0.105290,0.108865,0.112364,0.031736,0.032239,0.000366,0.033096
9330,2.082347,2.070878,4.185821,0.022692,0.061976,0.059932,0.058305,0.061321,0.653024,0.103151,0.660377,0.274979,0.090142,0.105469,0.108593,0.112537,0.031740,0.032039,0.000150,0.032924
9340,2.088419,2.072101,4.182326,0.028693,0.062032,0.060027,0.057793,0.061458,0.657526,0.110368,0.659708,0.279776,0.089859,0.105471,0.108171,0.112531,0.031719,0.031865,0.000195,0.034164
9350,2.078602,2.076433,4.192818,0.026972,0.062295,0.060221,0.057330,0.061834,0.653807,0.110211,0.659740,0.276925,0.088186,0.105211,0.107528,0.111905,0.031745,0.032244,0.000192,0.036601
9360,2.074801,2.073639,4.184091,0.030001,0.062841,0.060594,0.057479,0.062212,0.653387,0.114098,0.659638,0.288874,0.088988,0.105340,0.108389,0.112104,0.031707,0.031836,0.000474,0.036719
9370,2.076617,2.073933,4.191318,0.023373,0.063521,0.060689,0.058455,0.062188,0.653049,0.106978,0.660029,0.277337,0.088571,0.105154,0.108934,0.111593,0.031726,0.031797,0.000133,0.033598
9380,2.071507,2.071177,4.180268,0.028874,0.062990,0.059915,0.058349,0.061713,0.653003,0.102457,0.659579,0.265566,0.087604,0.105499,0.109380,0.111991,0.031700,0.031973,0.000296,0.032803
9390,2.067884,2.072361,4.182630,0.028884,0.062758,0.060199,0.057710,0.062042,0.645403,0.101809,0.660234,0.264082,0.088245,0.105880,0.109861,0.112640,0.031700,0.031894,0.000141,0.032979
9400,2.076044,2.072618,4.188576,0.023433,0.062739,0.060762,0.057131,0.062605,0.654514,0.112410,0.660093,0.271019,0.087840,0.104434,0.108786,0.111361,0.031738,0.031799,0.002059,0.033626
9410,2.068049,2.070236,4.180826,0.026345,0.062631,0.060974,0.056972,0.062838,0.639102,0.104774,0.660001,0.264004,0.091498,0.106393,0.110476,0.113415,0.031706,0.031687,0.002132,0.034379
9420,2.068967,2.068599,4.182696,0.021142,0.062596,0.060894,0.056941,0.062850,0.654827,0.108548,0.660058,0.279880,0.089315,0.106069,0.109357,0.112983,0.031652,0.031685,0.000550,0.036026
9430,2.065324,2.071197,4.187724,0.021468,0.062640,0.060881,0.056986,0.062860,0.653120,0.107267,0.660155,0.275886,0.087653,0.105220,0.108340,0.112213,0.031741,0.032113,0.000127,0.035083
9440,2.069401,2.071095,4.188816,0.020169,0.062663,0.060806,0.057122,0.062517,0.656716,0.106940,0.660299,0.278068,0.087261,0.104820,0.107894,0.111888,0.031745,0.031765,0.000113,0.034072
9450,2.069121,2.069868,4.185485,0.020998,0.062724,0.060824,0.057225,0.062361,0.656650,0.106259,0.660096,0.280741,0.087081,0.104739,0.108076,0.111835,0.031745,0.031826,0.000273,0.033749
9460,2.068759,2.070004,4.183044,0.023695,0.062648,0.060751,0.057389,0.062297,0.650378,0.102867,0.659943,0.265467,0.088171,0.105013,0.107894,0.112128,0.031746,0.031783,0.000084,0.033954
9470,2.067451,2.069282,4.186381,0.018890,0.062580,0.060691,0.057414,0.062223,0.654611,0.103620,0.660365,0.272491,0.088250,0.105795,0.108281,0.113070,0.031748,0.031871,0.000068,0.034940
9480,2.071025,2.066862,4.182439,0.017899,0.062575,0.060632,0.057344,0.062060,0.653081,0.104471,0.660246,0.274863,0.088693,0.106430,0.108759,0.113935,0.031749,0.031798,0.000072,0.035411
9490,2.074923,2.066887,4.184210,0.016177,0.062605,0.060682,0.057308,0.061984,0.655651,0.100794,0.660419,0.272259,0.089383,0.107351,0.109485,0.114967,0.031744,0.031815,0.000065,0.035213
9500,2.069436,2.068488,4.186583,0.017093,0.062696,0.060619,0.057402,0.061933,0.658516,0.102749,0.660442,0.269364,0.090272,0.107150,0.109450,0.115336,0.031740,0.032341,0.000084,0.035409
9510,2.071242,2.071979,4.192510,0.018259,0.062733,0.060704,0.057300,0.061944,0.655908,0.106080,0.660293,0.279402,0.090850,0.106403,0.108481,0.115388,0.031734,0.032241,0.000096,0.034279
9520,2.074314,2.067590,4.180232,0.021618,0.062561,0.060691,0.057033,0.061580,0.657932,0.105071,0.659128,0.289177,0.090649,0.106650,0.108059,0.115655,0.031753,0.032132,0.000119,0.033871
9530,2.067300,2.071855,4.184636,0.025885,0.062654,0.060673,0.057213,0.061621,0.654794,0.119391,0.659392,0.274608,0.091796,0.109648,0.109591,0.117467,0.031744,0.031804,0.000144,0.033902
9540,2.060586,2.069571,4.176548,0.029316,0.062889,0.060679,0.057499,0.061939,0.654226,0.113349,0.659616,0.288857,0.092752,0.110206,0.109795,0.116548,0.031718,0.031903,0.000647,0.034257
9550,2.071978,2.073393,4.185615,0.028045,0.062853,0.060614,0.057452,0.061891,0.650832,0.109859,0.660012,0.273292,0.093643,0.112079,0.112437,0.118421,0.031574,0.031742,0.000430,0.033673
9560,2.089647,2.090591,4.183828,0.064754,0.063027,0.061027,0.057793,0.061851,0.644982,0.110047,0.657214,0.273128,0.091819,0.111452,0.111720,0.118888,0.031713,0.031918,0.009849,0.036373
9570,2.067252,2.078671,4.179679,0.044691,0.062429,0.059839,0.057131,0.060953,0.644475,0.118511,0.658847,0.288868,0.091210,0.109161,0.109833,0.117267,0.032295,0.031779,0.009866,0.036932
9580,2.072528,2.083559,4.186263,0.048045,0.062016,0.059413,0.056197,0.060944,0.654026,0.121804,0.658565,0.292825,0.087480,0.106948,0.108611,0.114815,0.031857,0.031809,0.008451,0.039021
9590,2.073135,2.077817,4.194207,0.028441,0.061853,0.059231,0.056621,0.060996,0.654332,0.101939,0.659869,0.289339,0.092055,0.108202,0.109937,0.115882,0.031724,0.031799,0.000921,0.036766
9600,2.074452,2.072467,4.187119,0.024634,0.062407,0.059015,0.058043,0.060966,0.662930,0.113031,0.660213,0.285563,0.091747,0.107004,0.110326,0.115666,0.031707,0.031767,0.000151,0.034358
9610,2.070673,2.073671,4.191461,0.022734,0.062719,0.059039,0.059059,0.060683,0.659177,0.102628,0.660094,0.282120,0.093432,0.108102,0.111372,0.117603,0.031624,0.031759,0.000133,0.034048
9620,2.067188,2.072096,4.183660,0.027319,0.062501,0.059287,0.058487,0.060870,0.661993,0.119413,0.659935,0.294409,0.092013,0.105961,0.109341,0.116351,0.031658,0.032238,0.000165,0.034430
9630,2.066205,2.068421,4.182137,0.021392,0.062122,0.059461,0.057700,0.060910,0.660472,0.103966,0.659992,0.285775,0.090913,0.106582,0.108827,0.117017,0.031739,0.031753,0.000203,0.032761
9640,2.086958,2.071676,4.186461,0.023658,0.061940,0.059359,0.057335,0.061108,0.655706,0.108572,0.659919,0.296781,0.090934,0.107563,0.109268,0.117242,0.031754,0.031844,0.004632,0.034093
9650,2.072806,2.075955,4.191789,0.027016,0.062128,0.059444,0.057537,0.061077,0.648935,0.101438,0.660047,0.278049,0.092655,0.106304,0.108177,0.116491,0.031749,0.031755,0.000311,0.032110
9660,2.069140,2.071984,4.187484,0.023247,0.062915,0.060152,0.058145,0.061484,0.608404,0.100905,0.660267,0.281600,0.092419,0.106896,0.106954,0.115610,0.031713,0.031755,0.000260,0.031445
9670,2.066473,2.069324,4.179801,0.025573,0.063165,0.060104,0.058654,0.062004,0.620947,0.100503,0.659966,0.289212,0.094007,0.109094,0.106075,0.118272,0.031599,0.032419,0.001358,0.033745
9680,2.066354,2.069403,4.184412,0.021103,0.062808,0.060060,0.058487,0.061906,0.621716,0.098720,0.660120,0.278036,0.093147,0.108625,0.106541,0.118273,0.031715,0.031970,0.001124,0.033446
9690,2.070827,2.071453,4.189389,0.020290,0.062466,0.060082,0.058193,0.061994,0.629444,0.097798,0.660070,0.274533,0.091763,0.107839,0.107129,0.117338,0.031834,0.031891,0.002342,0.035844
9700,2.067629,2.074718,4.195676,0.020671,0.062250,0.060072,0.057899,0.061946,0.637074,0.099977,0.660073,0.276772,0.091174,0.107357,0.107736,0.117024,0.032411,0.032378,0.007464,0.037009
9710,2.065029,2.067185,4.179142,0.021875,0.062223,0.060103,0.057810,0.061888,0.626238,0.101677,0.659785,0.278190,0.091856,0.107880,0.109197,0.118356,0.035362,0.031769,0.015270,0.038016
9720,2.068394,2.069558,4.186701,0.019132,0.062347,0.060293,0.057813,0.061932,0.644343,0.104018,0.659938,0.280273,0.092020,0.108860,0.108383,0.118722,0.043955,0.032300,0.016192,0.040755
9730,2.066290,2.067689,4.183864,0.018196,0.062354,0.060292,0.057668,0.061965,0.641423,0.106142,0.659931,0.284562,0.092205,0.108822,0.108053,0.118755,0.042130,0.031769,0.016055,0.039897
9740,2.073549,2.069480,4.182407,0.023251,0.062276,0.060282,0.057485,0.061855,0.648143,0.104350,0.659765,0.279449,0.092945,0.108948,0.107977,0.119680,0.041544,0.031835,0.016035,0.040893
9750,2.070192,2.071468,4.183124,0.026618,0.062042,0.060323,0.057089,0.061927,0.644009,0.105780,0.659383,0.273731,0.093044,0.109492,0.109601,0.120674,0.042947,0.032724,0.016055,0.039849
9760,2.071987,2.079116,4.196761,0.028526,0.062596,0.060413,0.058174,0.062009,0.641066,0.102377,0.659434,0.270724,0.091449,0.106200,0.106770,0.117354,0.043636,0.031930,0.015900,0.037729
9770,2.078652,2.075013,4.192732,0.024208,0.063178,0.061017,0.058676,0.062364,0.654553,0.105211,0.659816,0.276105,0.092111,0.105812,0.108103,0.117785,0.037834,0.031858,0.015705,0.036925
9780,2.070301,2.069822,4.185020,0.021361,0.063614,0.061386,0.058771,0.062391,0.663333,0.114798,0.659843,0.279520,0.093589,0.105756,0.109145,0.118575,0.036883,0.031783,0.015789,0.039309
9790,2.069172,2.067745,4.178574,0.023601,0.063522,0.061629,0.058368,0.061974,0.663532,0.113993,0.659250,0.286052,0.094634,0.107343,0.110777,0.120820,0.034146,0.033040,0.014771,0.037723
9800,2.061243,2.065440,4.175398,0.022056,0.063171,0.061397,0.058033,0.061956,0.664634,0.103335,0.659900,0.272509,0.093520,0.106727,0.110422,0.120210,0.036441,0.031745,0.015701,0.036727
9810,2.076370,2.074505,4.181973,0.033932,0.063365,0.061127,0.058641,0.062249,0.654543,0.113374,0.658653,0.258235,0.092839,0.105418,0.108132,0.119045,0.032142,0.032023,0.010804,0.036501
9820,2.073582,2.070021,4.179613,0.027189,0.063314,0.060919,0.058260,0.062358,0.650934,0.110428,0.659336,0.244760,0.092582,0.107352,0.108891,0.117868,0.035052,0.031759,0.016156,0.036289
9830,2.073986,2.069423,4.184146,0.021439,0.063079,0.061001,0.057616,0.062476,0.651238,0.107993,0.659847,0.242597,0.090877,0.105948,0.107371,0.116685,0.034359,0.031866,0.016087,0.034990
9840,2.067282,2.075025,4.191119,0.025851,0.063238,0.060713,0.057624,0.062323,0.662643,0.121115,0.659692,0.267674,0.090027,0.104968,0.106750,0.115219,0.038818,0.033009,0.016194,0.035664
9850,2.072895,2.068535,4.184731,0.019055,0.063150,0.060465,0.057648,0.062167,0.655774,0.115178,0.659766,0.253846,0.089631,0.104115,0.106788,0.114461,0.040194,0.031783,0.016054,0.035477
9860,2.090465,2.075351,4.189487,0.028151,0.062907,0.060122,0.057549,0.061632,0.646051,0.101163,0.659236,0.235977,0.090016,0.104807,0.107531,0.115977,0.041652,0.031779,0.016026,0.037028
9870,2.078186,2.072386,4.189613,0.021996,0.063470,0.059390,0.058399,0.060962,0.664074,0.108943,0.659886,0.242391,0.091699,0.106289,0.108165,0.117189,0.042869,0.031787,0.016017,0.036967
9880,2.078682,2.069268,4.182720,0.022555,0.063384,0.059237,0.057988,0.061094,0.659308,0.107574,0.659730,0.242469,0.091519,0.106452,0.106446,0.116899,0.042768,0.032016,0.016050,0.037861
9890,2.068537,2.069186,4.179369,0.025739,0.062758,0.059021,0.057516,0.060876,0.664911,0.105666,0.659679,0.254152,0.091667,0.105581,0.105772,0.116203,0.038542,0.031779,0.013883,0.038318
9900,2.077791,2.070803,4.184931,0.023468,0.062655,0.059577,0.057544,0.061055,0.658039,0.106735,0.659608,0.251728,0.091704,0.105991,0.106282,0.117424,0.043024,0.031790,0.015267,0.037663
9910,2.079076,2.073688,4.186972,0.027288,0.062936,0.059549,0.057508,0.061136,0.659841,0.108104,0.659593,0.271665,0.092642,0.106587,0.106393,0.116702,0.044476,0.031886,0.015961,0.036771
9920,2.076625,2.074168,4.188674,0.026558,0.063103,0.059453,0.057061,0.061242,0.661535,0.103444,0.659853,0.271346,0.091070,0.104384,0.104989,0.114000,0.036171,0.032976,0.008678,0.036985
9930,2.070575,2.074406,4.189059,0.026656,0.063168,0.059587,0.056939,0.061545,0.657686,0.108211,0.660136,0.272849,0.093808,0.106261,0.106616,0.116307,0.032687,0.031785,0.001023,0.037173
9940,2.066653,2.071215,4.187603,0.021630,0.062759,0.059636,0.056416,0.061575,0.660336,0.103389,0.660008,0.265665,0.093073,0.106576,0.108110,0.117155,0.032900,0.031796,0.005027,0.037323
9950,2.073117,2.066820,4.179792,0.020508,0.062712,0.059555,0.056276,0.061745,0.659084,0.102796,0.659872,0.266771,0.091565,0.105333,0.107349,0.116251,0.032834,0.032263,0.007358,0.037940
9960,2.064641,2.068720,4.177718,0.026444,0.062933,0.059500,0.056482,0.061924,0.661832,0.107580,0.659677,0.283142,0.091137,0.105879,0.107809,0.116401,0.031970,0.032040,0.011378,0.038166
9970,2.066938,2.066203,4.181095,0.017958,0.062985,0.059511,0.056476,0.061823,0.656794,0.104796,0.659930,0.270824,0.093154,0.106955,0.108521,0.118445,0.032267,0.031784,0.014767,0.036822
9980,2.068874,2.068279,4.185466,0.017803,0.063061,0.059510,0.056357,0.061493,0.662773,0.104046,0.659918,0.271807,0.092071,0.105848,0.107597,0.117627,0.032236,0.031811,0.015536,0.037548
9990,2.066813,2.070049,4.188326,0.018538,0.063087,0.059678,0.056211,0.061440,0.668686,0.102849,0.660014,0.276972,0.090458,0.105423,0.108286,0.117018,0.032237,0.031774,0.013911,0.038744
10000,2.068581,2.068374,4.183681,0.019780,0.063044,0.059777,0.056203,0.061379,0.668638,0.104768,0.659852,0.289592,0.090311,0.105363,0.107202,0.116690,0.032028,0.032240,0.011087,0.039197
10010,2.069655,2.072072,4.193831,0.017145,0.063052,0.059822,0.056559,0.061387,0.665975,0.102753,0.660036,0.286861,0.091126,0.105639,0.106905,0.116960,0.031918,0.031785,0.007470,0.037602
10020,2.074409,2.072476,4.190974,0.020825,0.063135,0.059966,0.056606,0.061273,0.667543,0.101444,0.659698,0.288006,0.093434,0.107181,0.107976,0.118534,0.031982,0.031842,0.007504,0.036439
10030,2.066834,2.075155,4.188297,0.028945,0.063006,0.060052,0.056762,0.061223,0.666605,0.106904,0.659554,0.288621,0.093566,0.106885,0.107590,0.119024,0.031788,0.032044,0.006910,0.036222
10040,2.066504,2.067359,4.182103,0.019295,0.063030,0.060221,0.056894,0.061586,0.667083,0.102646,0.660212,0.272390,0.094297,0.106851,0.107108,0.119465,0.031718,0.031801,0.000211,0.035712
10050,2.069536,2.071589,4.184723,0.025272,0.063417,0.060548,0.057252,0.061980,0.663166,0.106633,0.659928,0.271761,0.094770,0.106321,0.107188,0.118921,0.031638,0.031877,0.000141,0.035429
10060,2.069446,2.072895,4.194706,0.017944,0.063679,0.060696,0.057317,0.062110,0.664671,0.107369,0.660304,0.271430,0.095761,0.107199,0.107932,0.119981,0.031690,0.031958,0.000199,0.036016
10070,2.069219,2.068983,4.185235,0.019464,0.063836,0.060745,0.057349,0.062023,0.666734,0.116872,0.660231,0.290401,0.095688,0.108331,0.108820,0.120544,0.031747,0.031857,0.002817,0.037115
10080,2.066775,2.070047,4.181187,0.025674,0.063674,0.060459,0.057506,0.061733,0.656809,0.108976,0.659359,0.264612,0.094538,0.108680,0.108297,0.120717,0.031740,0.031799,0.000790,0.035426
10090,2.065194,2.067772,4.181024,0.021198,0.063366,0.060661,0.056768,0.061747,0.662101,0.110535,0.660035,0.266549,0.094508,0.107009,0.105994,0.118987,0.031730,0.031790,0.001278,0.034759
10100,2.073852,2.068299,4.182890,0.020415,0.062540,0.060442,0.056128,0.061713,0.661847,0.121145,0.660363,0.271979,0.096377,0.107144,0.106481,0.119654,0.031541,0.031779,0.004873,0.035850
10110,2.075451,2.070280,4.184159,0.023171,0.062472,0.060166,0.056042,0.061632,0.664037,0.124200,0.659986,0.281618,0.091699,0.103476,0.103713,0.116465,0.031772,0.031758,0.010282,0.035427
10120,2.071188,2.070906,4.184254,0.024350,0.062548,0.059792,0.056258,0.061416,0.664241,0.114081,0.660198,0.275389,0.091957,0.104042,0.104041,0.117596,0.031679,0.031776,0.000390,0.035035
10130,2.070356,2.070330,4.181682,0.025750,0.062612,0.060647,0.056202,0.061891,0.654680,0.131247,0.660171,0.281982,0.092855,0.105403,0.106473,0.118559,0.032996,0.031755,0.009643,0.035880
10140,2.068587,2.070599,4.179816,0.028157,0.062834,0.060770,0.056192,0.061478,0.661675,0.117956,0.659708,0.291208,0.093026,0.104416,0.105779,0.118178,0.036690,0.032280,0.015336,0.036809
10150,2.073625,2.069565,4.178678,0.027199,0.062710,0.060668,0.056594,0.061248,0.665316,0.105335,0.659672,0.275425,0.094559,0.105674,0.106552,0.119652,0.034981,0.031762,0.008462,0.035808
10160,2.066492,2.065302,4.177241,0.019976,0.062843,0.060553,0.056622,0.061432,0.661675,0.116570,0.659252,0.287721,0.095605,0.107337,0.107712,0.120825,0.034723,0.031835,0.006537,0.035605
10170,2.072159,2.067913,4.180258,0.022253,0.062773,0.060692,0.056570,0.061388,0.652158,0.122203,0.660073,0.287609,0.094647,0.106588,0.107526,0.120089,0.032975,0.031800,0.005611,0.033589
10180,2.065865,2.068613,4.183017,0.020923,0.062634,0.060539,0.056849,0.061469,0.654317,0.113588,0.660210,0.273717,0.093346,0.105487,0.105902,0.118269,0.032227,0.032731,0.003394,0.031872
10190,2.072403,2.071817,4.185458,0.024997,0.062469,0.060474,0.056862,0.061656,0.656330,0.115533,0.660025,0.279490,0.092766,0.106015,0.106596,0.118772,0.032197,0.032378,0.009180,0.031721
10200,2.068625,2.067054,4.179091,0.021683,0.062951,0.060482,0.057402,0.061641,0.661272,0.117197,0.660132,0.275275,0.094987,0.108079,0.109006,0.120221,0.031723,0.031937,0.000730,0.032162
10210,2.065233,2.069314,4.184992,0.020291,0.063682,0.060657,0.058420,0.061762,0.662490,0.115293,0.660155,0.260881,0.094870,0.107706,0.109309,0.118891,0.031722,0.031784,0.000183,0.032301
10220,2.069248,2.076957,4.187127,0.033758,0.063778,0.061007,0.058537,0.061929,0.659584,0.111376,0.659726,0.259908,0.093837,0.107906,0.109992,0.118302,0.031731,0.031812,0.000277,0.032754
10230,2.072836,2.071058,4.190306,0.018603,0.063347,0.061072,0.057939,0.061764,0.661981,0.107010,0.660236,0.257812,0.093812,0.106480,0.107424,0.116941,0.031727,0.032611,0.000296,0.032647
10240,2.065592,2.067811,4.181798,0.020494,0.064022,0.061572,0.058130,0.062246,0.662331,0.112224,0.660276,0.253143,0.095317,0.107272,0.108057,0.117176,0.031699,0.031931,0.000258,0.032105
10250,2.079867,2.067585,4.182332,0.019500,0.064318,0.061712,0.058305,0.062514,0.662176,0.114518,0.660223,0.256682,0.094957,0.107168,0.106729,0.116345,0.031665,0.031855,0.002182,0.032068
10260,2.072367,2.069190,4.184258,0.020843,0.064303,0.062232,0.058084,0.063011,0.659145,0.117284,0.659907,0.254209,0.093221,0.106768,0.106287,0.115508,0.031601,0.032183,0.005063,0.031844
10270,2.064965,2.073932,4.186353,0.028398,0.063893,0.060675,0.057676,0.062094,0.657776,0.110964,0.659530,0.248323,0.094420,0.107501,0.108167,0.116332,0.031737,0.031802,0.002089,0.031138
10280,2.065138,2.072840,4.187199,0.025309,0.063977,0.060235,0.057482,0.062015,0.660816,0.105292,0.659579,0.235549,0.093279,0.106915,0.108511,0.116241,0.031742,0.031870,0.001879,0.030976
10290,2.067621,2.068343,4.182007,0.021375,0.063674,0.060324,0.057111,0.062198,0.659049,0.092422,0.660036,0.231256,0.092109,0.105353,0.106503,0.114773,0.031747,0.032415,0.002549,0.031381
10300,2.066811,2.072873,4.194945,0.017632,0.063597,0.060306,0.057130,0.062203,0.664223,0.103263,0.660210,0.230752,0.092982,0.106482,0.107452,0.116719,0.031783,0.031795,0.001028,0.031046
10310,2.070001,2.069466,4.179924,0.025699,0.063648,0.060224,0.057312,0.062213,0.660816,0.111900,0.659647,0.234241,0.093861,0.107635,0.107827,0.118150,0.031752,0.031935,0.000376,0.030869
10320,2.068938,2.066942,4.182525,0.018010,0.063432,0.060527,0.056972,0.062211,0.666353,0.108041,0.660244,0.246231,0.090507,0.104924,0.106626,0.115272,0.031743,0.031855,0.002203,0.030604
10330,2.058919,2.064197,4.176615,0.018347,0.063506,0.060564,0.057059,0.062295,0.663112,0.106409,0.659892,0.245336,0.091818,0.105753,0.107294,0.115671,0.035751,0.031842,0.009864,0.033117
10340,2.065251,2.068156,4.180856,0.022147,0.063831,0.061101,0.057392,0.062338,0.663142,0.110302,0.659761,0.254012,0.092656,0.106207,0.107264,0.117183,0.047381,0.031787,0.016270,0.035035
10350,2.082361,2.073689,4.192328,0.021917,0.063830,0.061182,0.057691,0.062133,0.654512,0.107697,0.659813,0.251386,0.095804,0.107642,0.106594,0.119131,0.047328,0.031877,0.016485,0.034064
10360,2.073404,2.080162,4.188604,0.038805,0.063580,0.061207,0.057898,0.061971,0.664892,0.108736,0.659056,0.255855,0.096381,0.107585,0.105847,0.118846,0.047601,0.031873,0.016179,0.035126
10370,2.068745,2.078945,4.195425,0.029507,0.062882,0.060585,0.058167,0.061749,0.645815,0.105944,0.659587,0.247306,0.097425,0.109955,0.107071,0.121392,0.047503,0.031815,0.015961,0.035458
10380,2.071932,2.066864,4.181547,0.018837,0.063494,0.060735,0.058687,0.061445,0.655603,0.102074,0.659937,0.244990,0.097756,0.110559,0.108667,0.121735,0.047548,0.031839,0.016166,0.036083
10390,2.069920,2.065503,4.179151,0.018469,0.063306,0.060821,0.057847,0.061230,0.649756,0.098832,0.659934,0.239332,0.098475,0.110877,0.108590,0.122122,0.047550,0.032208,0.016078,0.035705
10400,2.068147,2.067101,4.183835,0.017036,0.063021,0.060631,0.056306,0.061120,0.657453,0.099585,0.659766,0.235954,0.096382,0.109968,0.108251,0.120539,0.047428,0.031880,0.016170,0.034330
10410,2.069153,2.070271,4.183749,0.023564,0.062761,0.060819,0.056727,0.061630,0.643533,0.103062,0.659392,0.233305,0.097389,0.110453,0.109146,0.121543,0.047499,0.031844,0.016107,0.034054
10420,2.062940,2.070361,4.184235,0.023261,0.062841,0.060809,0.057142,0.061728,0.659029,0.121018,0.659851,0.250407,0.096852,0.109134,0.109035,0.121126,0.047505,0.032536,0.016115,0.037096
10430,2.075624,2.079331,4.203441,0.022281,0.063284,0.060872,0.057778,0.061917,0.654526,0.110088,0.659934,0.230342,0.097719,0.110298,0.109416,0.121455,0.047585,0.031767,0.016089,0.035950
10440,2.066442,2.069914,4.183257,0.023285,0.063281,0.061487,0.057928,0.062480,0.657357,0.118815,0.659844,0.239957,0.097914,0.109815,0.110150,0.120540,0.047428,0.031802,0.015972,0.036214
10450,2.070917,2.070237,4.184196,0.023038,0.062681,0.061834,0.057331,0.061818,0.656655,0.110475,0.659692,0.245459,0.099126,0.110965,0.112372,0.124462,0.044657,0.032452,0.012674,0.035149
10460,2.066837,2.066967,4.177715,0.022885,0.062888,0.062190,0.057093,0.062055,0.658606,0.120055,0.659758,0.236266,0.098081,0.110917,0.112179,0.125400,0.039786,0.031889,0.009998,0.034091
10470,2.069754,2.068875,4.186070,0.018405,0.062749,0.062491,0.056670,0.062173,0.666058,0.117358,0.659869,0.249891,0.095456,0.109271,0.109911,0.123942,0.038951,0.031877,0.011481,0.033969
10480,2.068799,2.067895,4.183861,0.018618,0.062439,0.062343,0.056303,0.062237,0.659123,0.107799,0.660104,0.231146,0.095557,0.110551,0.110171,0.124967,0.033457,0.031966,0.000768,0.033047
10490,2.068711,2.066196,4.181289,0.017728,0.062289,0.062384,0.055618,0.062414,0.657350,0.111501,0.660321,0.236593,0.096506,0.111712,0.109865,0.125231,0.031812,0.031808,0.000336,0.033009
10500,2.063766,2.066610,4.182490,0.017379,0.062456,0.062582,0.055567,0.062520,0.663417,0.108801,0.660329,0.238889,0.096017,0.110949,0.110012,0.124356,0.031928,0.031789,0.000457,0.033511
10510,2.070005,2.067701,4.184484,0.017505,0.063513,0.062891,0.056978,0.062504,0.663234,0.099651,0.660249,0.231508,0.096544,0.109437,0.109880,0.122620,0.032061,0.032222,0.002528,0.033976
10520,2.065324,2.067888,4.182333,0.020109,0.063501,0.062445,0.057259,0.062220,0.658556,0.096295,0.659922,0.225554,0.096465,0.109393,0.110523,0.122845,0.031893,0.031821,0.001275,0.033005
10530,2.067931,2.072454,4.193459,0.018293,0.063284,0.062534,0.057179,0.062139,0.649876,0.100833,0.660238,0.226351,0.097630,0.110940,0.109664,0.123165,0.031793,0.031883,0.000803,0.032546
10540,2.066158,2.071112,4.187448,0.021250,0.062320,0.060691,0.056085,0.061445,0.654187,0.107802,0.660025,0.234035,0.096879,0.110048,0.106978,0.121916,0.031770,0.031759,0.001009,0.033599
10550,2.061621,2.069313,4.184648,0.020722,0.062002,0.059620,0.055602,0.061262,0.660814,0.101173,0.660093,0.237489,0.097730,0.110937,0.108092,0.122262,0.032392,0.031776,0.008226,0.035389
10560,2.076439,2.069305,4.181942,0.023413,0.061977,0.059240,0.055272,0.061114,0.658962,0.103125,0.659990,0.239154,0.096364,0.109621,0.106784,0.121319,0.032993,0.032340,0.009923,0.035756
10570,2.066815,2.067034,4.181384,0.019356,0.062036,0.059101,0.055156,0.061009,0.653682,0.106869,0.660297,0.228749,0.094975,0.109305,0.105691,0.121593,0.031821,0.032361,0.003620,0.034713
10580,2.071407,2.071874,4.189988,0.020569,0.062074,0.058951,0.055796,0.060979,0.659061,0.109978,0.659712,0.234233,0.095016,0.109108,0.104244,0.122305,0.031751,0.031863,0.000280,0.034763
10590,2.069517,2.074749,4.191860,0.024550,0.062227,0.058882,0.056079,0.061157,0.661765,0.118211,0.659790,0.243858,0.095883,0.110594,0.107124,0.123453,0.031815,0.031803,0.000287,0.034553
10600,2.072787,2.074229,4.190677,0.024681,0.062848,0.058739,0.057508,0.061183,0.665824,0.110203,0.660022,0.234197,0.098853,0.111626,0.106326,0.123365,0.031739,0.032914,0.000472,0.035107
10610,2.065189,2.071635,4.182066,0.027977,0.062592,0.058723,0.057932,0.060908,0.653116,0.113753,0.659958,0.234736,0.099239,0.112905,0.109207,0.124366,0.032965,0.031837,0.000398,0.035684
10620,2.066449,2.071389,4.185956,0.023627,0.062196,0.059184,0.057275,0.061207,0.658053,0.112098,0.659991,0.249121,0.096702,0.111945,0.108042,0.123664,0.032778,0.032350,0.001897,0.035159
10630,2.075463,2.069685,4.182410,0.023707,0.062564,0.059545,0.057029,0.061244,0.667544,0.123390,0.660235,0.233060,0.094769,0.109969,0.106883,0.121933,0.031827,0.031866,0.000738,0.033160
10640,2.064540,2.066067,4.182075,0.016696,0.062202,0.059561,0.056679,0.060979,0.671332,0.121884,0.660275,0.244930,0.095700,0.110140,0.108410,0.121942,0.032264,0.031863,0.000617,0.034455
10650,2.068508,2.068552,4.187750,0.016074,0.062001,0.059707,0.056940,0.061228,0.658716,0.113529,0.660267,0.236872,0.094604,0.109592,0.108057,0.121787,0.034324,0.031861,0.000765,0.034191
10660,2.070813,2.068570,4.188296,0.015568,0.062153,0.059812,0.057285,0.061260,0.663484,0.113910,0.660229,0.230037,0.094366,0.109152,0.107836,0.121117,0.036136,0.031902,0.001876,0.033275
10670,2.067888,2.065465,4.182271,0.015279,0.062180,0.059740,0.057313,0.061119,0.667989,0.112849,0.660226,0.227537,0.095089,0.110331,0.108334,0.122060,0.035526,0.032169,0.001930,0.033333
10680,2.069978,2.069372,4.188770,0.016697,0.061828,0.059521,0.057040,0.060789,0.669804,0.113183,0.660149,0.231413,0.095935,0.112322,0.109701,0.123471,0.036888,0.031929,0.005818,0.033829
10690,2.064210,2.068722,4.186030,0.018129,0.061720,0.059625,0.057072,0.060874,0.668164,0.115548,0.659828,0.231263,0.095272,0.111436,0.107766,0.122845,0.039587,0.031788,0.013186,0.034412
10700,2.068595,2.070328,4.183242,0.024191,0.062074,0.059784,0.057206,0.060615,0.670672,0.114869,0.659663,0.237447,0.096271,0.112828,0.107710,0.124243,0.047148,0.032267,0.016264,0.037842
10710,2.066201,2.065938,4.176782,0.021729,0.062244,0.059977,0.057706,0.060385,0.666252,0.099790,0.659667,0.224859,0.095932,0.111865,0.107690,0.123578,0.047457,0.031957,0.015877,0.038641
10720,2.061690,2.068683,4.185788,0.018304,0.062774,0.060064,0.058540,0.060292,0.670940,0.109646,0.659944,0.228830,0.095947,0.110652,0.106694,0.122705,0.047605,0.031797,0.016170,0.040412
10730,2.077185,2.068605,4.180954,0.022982,0.062520,0.060179,0.057693,0.060159,0.671984,0.109045,0.659692,0.233324,0.096143,0.109470,0.103856,0.121475,0.047589,0.031971,0.016239,0.040197
10740,2.070771,2.070353,4.187108,0.020377,0.062109,0.060136,0.056902,0.060250,0.664381,0.102982,0.659908,0.233020,0.098262,0.114130,0.106991,0.125150,0.047137,0.032424,0.015831,0.039271
10750,2.087515,2.075310,4.188566,0.028991,0.061853,0.059707,0.056838,0.060465,0.657624,0.119024,0.659528,0.233675,0.098376,0.113792,0.107435,0.125369,0.039699,0.031867,0.005850,0.039035
10760,2.079864,2.078035,4.193731,0.029364,0.061413,0.059635,0.056775,0.061050,0.645067,0.109133,0.659638,0.226267,0.097092,0.109452,0.105416,0.122432,0.037105,0.032066,0.001259,0.037502
10770,2.068454,2.072314,4.188393,0.023078,0.062560,0.059826,0.057918,0.061349,0.655363,0.107092,0.660171,0.231731,0.097932,0.111057,0.106835,0.122809,0.038297,0.031896,0.005510,0.036588
10780,2.072612,2.079836,4.192257,0.028479,0.063116,0.059880,0.058706,0.061477,0.642489,0.111145,0.660093,0.223694,0.096314,0.111474,0.107274,0.122999,0.036144,0.032917,0.004979,0.035715
10790,2.069484,2.070984,4.184556,0.024211,0.063308,0.059766,0.059282,0.061373,0.664397,0.114883,0.659788,0.228363,0.095537,0.111036,0.107900,0.122323,0.043281,0.031880,0.010535,0.040136
10800,2.067959,2.067919,4.183627,0.018909,0.063552,0.059958,0.059886,0.061277,0.660026,0.106735,0.659984,0.225397,0.096097,0.110820,0.108598,0.122504,0.039916,0.032930,0.012429,0.039029
10810,2.069818,2.074147,4.193154,0.022034,0.063712,0.060166,0.059979,0.061345,0.653585,0.101875,0.660180,0.226305,0.103047,0.112613,0.109618,0.124270,0.033496,0.032036,0.003163,0.036300
10820,2.063689,2.072599,4.183877,0.028162,0.063101,0.060489,0.059375,0.061661,0.664821,0.113247,0.660044,0.232058,0.100478,0.111547,0.107656,0.123552,0.032424,0.031782,0.003340,0.035580
10830,2.070558,2.070244,4.186463,0.020793,0.062862,0.060606,0.058749,0.061638,0.662502,0.100818,0.659822,0.233776,0.097324,0.111466,0.106934,0.123622,0.032955,0.031791,0.013376,0.035698
10840,2.064160,2.068501,4.180795,0.022919,0.062234,0.060482,0.058347,0.061368,0.655734,0.100267,0.659662,0.226202,0.096264,0.112421,0.108686,0.124847,0.031769,0.032140,0.002740,0.034698
10850,2.063696,2.074156,4.180151,0.035051,0.062379,0.060496,0.057716,0.061438,0.646482,0.092029,0.659035,0.227478,0.095833,0.110771,0.108680,0.123104,0.031728,0.031976,0.002889,0.034963
10860,2.068921,2.072810,4.183656,0.028805,0.063007,0.060486,0.058017,0.061781,0.656386,0.097542,0.659293,0.219988,0.096264,0.110144,0.108544,0.122750,0.031739,0.031950,0.000697,0.034472
10870,2.065601,2.068110,4.182269,0.020638,0.063424,0.060544,0.058182,0.062105,0.664378,0.099374,0.660145,0.216673,0.095499,0.108139,0.106933,0.121978,0.031741,0.032006,0.001200,0.035012
10880,2.065342,2.071262,4.185533,0.023766,0.063522,0.060656,0.057923,0.062234,0.664554,0.111732,0.659701,0.225572,0.094694,0.106488,0.106193,0.121163,0.031771,0.031778,0.005754,0.035071
10890,2.071018,2.071805,4.189854,0.020574,0.063018,0.060456,0.057323,0.062116,0.657273,0.110531,0.660146,0.230074,0.094896,0.106449,0.105613,0.121221,0.031720,0.031786,0.001935,0.032296
10900,2.067051,2.070719,4.186836,0.021379,0.063420,0.060518,0.057508,0.061983,0.667106,0.114594,0.660073,0.238989,0.096427,0.108490,0.107285,0.122404,0.031727,0.031783,0.003531,0.033441
10910,2.069077,2.069552,4.187932,0.017910,0.063212,0.060551,0.057860,0.062042,0.661802,0.104107,0.660251,0.226022,0.097547,0.109920,0.108083,0.124201,0.031729,0.031827,0.000310,0.033011
10920,2.068759,2.064913,4.179692,0.016715,0.062922,0.060670,0.057546,0.061971,0.672804,0.097300,0.660205,0.236907,0.096833,0.109312,0.108055,0.123002,0.031477,0.031820,0.001126,0.034035
10930,2.065878,2.067340,4.184439,0.016915,0.062726,0.060605,0.057349,0.061832,0.673168,0.111710,0.660077,0.245572,0.097427,0.109460,0.107766,0.122538,0.031738,0.032018,0.002163,0.034890
10940,2.063159,2.068521,4.185786,0.017957,0.062761,0.060570,0.057246,0.062020,0.656792,0.114392,0.660107,0.228586,0.096922,0.110109,0.105811,0.123176,0.031727,0.031992,0.006475,0.033873
10950,2.070130,2.066750,4.182560,0.017601,0.062937,0.060625,0.057335,0.061987,0.642032,0.100118,0.660117,0.223555,0.096243,0.108777,0.106116,0.123091,0.031752,0.032040,0.002954,0.033380
10960,2.065868,2.069053,4.187943,0.016897,0.063119,0.060781,0.057384,0.061962,0.662734,0.093266,0.660284,0.226739,0.094947,0.107897,0.107574,0.122875,0.031747,0.031884,0.001584,0.033793
10970,2.068620,2.066370,4.183442,0.015944,0.063222,0.060897,0.057674,0.062010,0.672426,0.100480,0.660247,0.233098,0.094428,0.108065,0.108015,0.123150,0.031747,0.031786,0.001793,0.035157
10980,2.063978,2.066901,4.184712,0.015752,0.063131,0.060901,0.057787,0.062028,0.673530,0.107626,0.660231,0.235171,0.094547,0.109247,0.109039,0.124181,0.031747,0.031884,0.002706,0.036527
10990,2.067042,2.064902,4.180908,0.015496,0.063092,0.060736,0.057797,0.061868,0.674931,0.089027,0.660246,0.229998,0.094271,0.109769,0.108700,0.124129,0.031742,0.031829,0.002100,0.035558
11000,2.068775,2.068866,4.188640,0.015822,0.063149,0.060764,0.057913,0.061991,0.671346,0.103643,0.660285,0.229244,0.094247,0.110914,0.108688,0.124935,0.031870,0.031763,0.006588,0.037563
11010,2.065816,2.068725,4.187866,0.016308,0.063121,0.061184,0.057380,0.062311,0.660271,0.087789,0.660346,0.219984,0.093505,0.110870,0.108019,0.124312,0.031792,0.031762,0.002008,0.036942
11020,2.072828,2.066413,4.182677,0.016776,0.063072,0.060973,0.057069,0.062261,0.668381,0.087475,0.660343,0.230206,0.094217,0.111797,0.108437,0.125242,0.031828,0.031832,0.001402,0.037377
11030,2.068696,2.065824,4.180379,0.017868,0.062698,0.060195,0.056881,0.061677,0.668399,0.088259,0.660276,0.240969,0.096251,0.112673,0.108988,0.127279,0.031733,0.032868,0.000410,0.037313
11040,2.062963,2.074681,4.184341,0.031933,0.062383,0.060013,0.057244,0.061753,0.665948,0.108718,0.659736,0.233719,0.095669,0.113478,0.110811,0.129014,0.031743,0.031801,0.000281,0.037167
11050,2.060794,2.073085,4.180238,0.032787,0.062013,0.059859,0.057089,0.061665,0.655844,0.087009,0.659714,0.233974,0.095620,0.112207,0.111520,0.127237,0.031950,0.032157,0.000429,0.036097
11060,2.069787,2.068246,4.185469,0.017711,0.062823,0.059991,0.057414,0.061824,0.648516,0.083913,0.660269,0.235131,0.096738,0.111395,0.110871,0.125142,0.032615,0.031821,0.001079,0.035675
11070,2.064494,2.068079,4.183462,0.019359,0.062872,0.060139,0.057360,0.061820,0.664971,0.082355,0.659923,0.238574,0.097025,0.112005,0.112149,0.125073,0.036104,0.031912,0.011845,0.036251
11080,2.072321,2.068033,4.182769,0.019951,0.062561,0.060348,0.057238,0.061926,0.669555,0.088305,0.659977,0.238471,0.095289,0.112616,0.112865,0.127114,0.033758,0.031887,0.010003,0.036030
11090,2.068577,2.068727,4.185004,0.019167,0.062731,0.061028,0.057356,0.062293,0.668314,0.074232,0.660073,0.227585,0.096800,0.112780,0.111139,0.127116,0.032295,0.032162,0.005157,0.034537
11100,2.081451,2.072440,4.182705,0.027694,0.062792,0.060931,0.057478,0.062049,0.659767,0.077716,0.659639,0.217067,0.098657,0.112261,0.109380,0.126312,0.036182,0.031781,0.012916,0.034556
11110,2.063926,2.074932,4.183722,0.033025,0.063188,0.060945,0.057592,0.062541,0.663012,0.101562,0.659179,0.231267,0.098511,0.112422,0.109866,0.125741,0.042500,0.031871,0.016000,0.036011
11120,2.067040,2.067355,4.177810,0.023548,0.063259,0.061103,0.057517,0.062517,0.661534,0.093507,0.659250,0.220659,0.096932,0.111660,0.110779,0.125961,0.039152,0.032134,0.015101,0.037166
11130,2.068023,2.068410,4.183027,0.020502,0.062988,0.061183,0.057349,0.062569,0.659687,0.091549,0.659646,0.226594,0.095350,0.110283,0.110085,0.124789,0.038438,0.031973,0.015787,0.037513
11140,2.068535,2.066042,4.181087,0.017636,0.062979,0.061232,0.057529,0.062529,0.658902,0.087493,0.659852,0.237785,0.096193,0.110911,0.109694,0.124919,0.042970,0.031952,0.016119,0.039539
11150,2.072470,2.065663,4.180871,0.017081,0.063011,0.061189,0.057707,0.062405,0.658888,0.081780,0.659851,0.226747,0.096687,0.111709,0.109794,0.125817,0.041990,0.031940,0.016063,0.038169
11160,2.062103,2.066997,4.183223,0.017433,0.063039,0.061358,0.057482,0.062057,0.668017,0.096254,0.659807,0.239271,0.098365,0.113066,0.109449,0.127219,0.047522,0.031783,0.016187,0.040705
11170,2.068528,2.065798,4.181584,0.016640,0.062673,0.060757,0.056961,0.061640,0.663233,0.092581,0.659893,0.237269,0.098688,0.112554,0.109305,0.127875,0.046146,0.032671,0.016148,0.039908
11180,2.072278,2.066584,4.182941,0.016883,0.062584,0.060400,0.056871,0.061809,0.668094,0.089796,0.659939,0.238726,0.097361,0.110894,0.108804,0.127136,0.044890,0.031787,0.016087,0.039389
11190,2.059400,2.067621,4.181778,0.020156,0.063530,0.060315,0.058839,0.061767,0.670175,0.097931,0.659841,0.244098,0.097299,0.113780,0.110977,0.129382,0.046639,0.031780,0.016107,0.039600
11200,2.061819,2.065890,4.179298,0.019103,0.063453,0.060469,0.058164,0.061988,0.660233,0.086544,0.659769,0.248456,0.097274,0.114166,0.109998,0.128947,0.045520,0.033497,0.016226,0.039447
11210,2.065298,2.067676,4.185675,0.016369,0.063251,0.060750,0.057392,0.062212,0.665252,0.084931,0.659837,0.239705,0.097327,0.112966,0.110757,0.128051,0.041910,0.031791,0.016105,0.038583
11220,2.076207,2.068425,4.187174,0.016383,0.063705,0.060918,0.057867,0.062055,0.668404,0.080688,0.659897,0.234035,0.096691,0.110876,0.109693,0.125740,0.039432,0.031901,0.016101,0.037657
11230,2.071929,2.065114,4.180591,0.016245,0.063431,0.060939,0.057592,0.062066,0.665321,0.081582,0.659704,0.234731,0.099277,0.113077,0.109210,0.127403,0.034748,0.032449,0.016094,0.037410
11240,2.066213,2.068835,4.181957,0.021497,0.063160,0.061114,0.056723,0.062262,0.651300,0.067271,0.659643,0.229443,0.099615,0.115357,0.108304,0.129478,0.033104,0.031820,0.014790,0.037013
11250,2.063254,2.065878,4.180323,0.018069,0.063124,0.061490,0.055965,0.062476,0.663095,0.081010,0.659919,0.242446,0.098151,0.112796,0.107567,0.125636,0.031858,0.032212,0.011411,0.036308
11260,2.062711,2.064745,4.179184,0.016899,0.063351,0.061715,0.056754,0.062866,0.664668,0.094980,0.659915,0.239908,0.098658,0.113859,0.108899,0.126603,0.032650,0.032326,0.015860,0.037595
11270,2.068210,2.066010,4.181518,0.017138,0.063435,0.061639,0.056917,0.062881,0.672003,0.092201,0.659833,0.231793,0.098925,0.114356,0.109294,0.126216,0.035081,0.031861,0.016263,0.039117
11280,2.068002,2.064220,4.177809,0.017214,0.063392,0.061497,0.057096,0.062975,0.673519,0.089317,0.659867,0.232973,0.098870,0.116058,0.110996,0.128635,0.033766,0.031833,0.014396,0.040421
11290,2.083421,2.072053,4.192245,0.018696,0.063099,0.061499,0.057007,0.062867,0.654671,0.081496,0.659756,0.224549,0.101315,0.118211,0.112125,0.131883,0.034338,0.032222,0.015517,0.039157
11300,2.070424,2.070106,4.187247,0.019737,0.062856,0.061297,0.057612,0.062344,0.662547,0.077891,0.659769,0.235460,0.100267,0.118849,0.111389,0.133272,0.039492,0.031838,0.016061,0.039417
11310,2.070344,2.078231,4.199298,0.024201,0.063167,0.061174,0.058115,0.062825,0.662423,0.081517,0.659708,0.233351,0.098839,0.118278,0.110755,0.132775,0.037767,0.033853,0.016092,0.039610
11320,2.068235,2.069807,4.180932,0.025446,0.063095,0.060483,0.057841,0.062805,0.664713,0.087444,0.659461,0.238789,0.099599,0.116299,0.108819,0.129954,0.037047,0.031847,0.014838,0.040083
11330,2.066628,2.068421,4.178287,0.025267,0.062894,0.060330,0.057303,0.062491,0.648375,0.085781,0.659614,0.232368,0.096323,0.112578,0.109213,0.127706,0.033299,0.031911,0.005907,0.038256
11340,2.065902,2.067279,4.179796,0.021442,0.062712,0.060096,0.057223,0.062074,0.659585,0.081529,0.659784,0.233307,0.095391,0.113424,0.108509,0.128039,0.032159,0.032769,0.003480,0.036098
11350,2.068340,2.071134,4.186839,0.022237,0.062692,0.060011,0.057207,0.061842,0.666559,0.071717,0.659909,0.236473,0.097457,0.114602,0.108007,0.128969,0.031753,0.032533,0.002265,0.035900
11360,2.065839,2.064925,4.179033,0.017424,0.062860,0.060232,0.057083,0.061915,0.659977,0.066479,0.660126,0.235861,0.099393,0.115596,0.109475,0.130010,0.032327,0.031983,0.007279,0.035951
11370,2.067841,2.068261,4.186680,0.016554,0.062867,0.060368,0.056812,0.061997,0.666467,0.074161,0.659972,0.234948,0.097382,0.115039,0.109384,0.128995,0.032340,0.031950,0.010999,0.036295
11380,2.074183,2.067636,4.186403,0.015563,0.063348,0.060415,0.057444,0.062198,0.670482,0.080286,0.659975,0.229689,0.097529,0.115731,0.110459,0.129374,0.032523,0.032107,0.010468,0.035185
11390,2.072079,2.069264,4.188349,0.016927,0.063866,0.060452,0.058206,0.062034,0.666868,0.083843,0.659785,0.240394,0.098508,0.114975,0.109884,0.128294,0.032922,0.032091,0.011530,0.034016
11400,2.059764,2.066735,4.178201,0.021932,0.063548,0.060546,0.058289,0.062153,0.664722,0.080929,0.659912,0.234931,0.099204,0.115761,0.110621,0.129712,0.033922,0.031933,0.005887,0.034639
11410,2.076443,2.072840,4.190234,0.022303,0.063427,0.060725,0.057830,0.062062,0.668257,0.089064,0.659863,0.236356,0.097190,0.115525,0.110724,0.129093,0.035049,0.031905,0.012135,0.034039
11420,2.070163,2.071977,4.187078,0.023706,0.062528,0.060620,0.057167,0.062264,0.647351,0.080848,0.659721,0.233598,0.096602,0.114467,0.110078,0.127730,0.035230,0.032061,0.006238,0.033884
11430,2.071338,2.067682,4.185364,0.016686,0.062514,0.060833,0.056638,0.062413,0.671662,0.093320,0.659938,0.252047,0.098114,0.112705,0.108114,0.126147,0.044693,0.032151,0.016082,0.035289
11440,2.066456,2.067914,4.185315,0.017211,0.063035,0.061096,0.057205,0.062600,0.662654,0.076208,0.659806,0.237707,0.100309,0.113578,0.108417,0.126930,0.046405,0.031844,0.016085,0.034637
11450,2.070625,2.067724,4.181179,0.020959,0.063073,0.060802,0.057668,0.062401,0.665055,0.075493,0.659881,0.238623,0.100055,0.113902,0.108220,0.127892,0.044808,0.032084,0.016294,0.036204
11460,2.060792,2.067468,4.176198,0.025224,0.063331,0.060718,0.057784,0.062197,0.665060,0.075459,0.659815,0.231558,0.098808,0.112759,0.109419,0.126039,0.042288,0.031976,0.015719,0.034301
11470,2.073540,2.070955,4.189567,0.019139,0.063338,0.060947,0.057511,0.062178,0.666066,0.083736,0.659927,0.233863,0.098290,0.112806,0.110617,0.126266,0.041877,0.031834,0.014646,0.034397
11480,2.060820,2.067601,4.179213,0.022632,0.063407,0.060857,0.056934,0.062667,0.649290,0.087958,0.659860,0.238517,0.098089,0.112732,0.111058,0.126054,0.035613,0.032374,0.007841,0.033810
11490,2.068425,2.066120,4.180315,0.018543,0.063125,0.060986,0.056895,0.062687,0.657918,0.090656,0.660105,0.235873,0.097578,0.113355,0.110488,0.126752,0.040011,0.031846,0.012330,0.035141
11500,2.060271,2.064756,4.180728,0.015381,0.062684,0.061105,0.056937,0.062444,0.656212,0.082877,0.659961,0.238939,0.097049,0.112919,0.110013,0.126438,0.038587,0.031797,0.014728,0.034778
11510,2.059494,2.063701,4.179492,0.014477,0.062549,0.061195,0.057061,0.062269,0.661851,0.071079,0.659926,0.237868,0.097938,0.113866,0.111234,0.127797,0.037990,0.032061,0.015218,0.034884
11520,2.064295,2.064568,4.180716,0.015011,0.062635,0.061293,0.057094,0.061865,0.653190,0.063578,0.659929,0.231923,0.099819,0.114705,0.111528,0.129162,0.036545,0.031936,0.013803,0.032742
11530,2.071910,2.065907,4.183135,0.015314,0.062584,0.061405,0.057036,0.061798,0.665760,0.069919,0.659818,0.241321,0.098927,0.114832,0.110806,0.129392,0.041159,0.031785,0.015948,0.034077
11540,2.066133,2.068047,4.187460,0.015336,0.062550,0.061223,0.057186,0.061679,0.667045,0.077294,0.660149,0.242248,0.099830,0.115054,0.109788,0.129646,0.033424,0.032313,0.006204,0.032156
11550,2.064181,2.062841,4.176556,0.015663,0.062836,0.061224,0.057564,0.061631,0.662857,0.085681,0.659964,0.242723,0.101971,0.115160,0.109967,0.129883,0.043499,0.031787,0.012512,0.036925
11560,2.070062,2.065181,4.181094,0.015874,0.062702,0.061395,0.057166,0.061397,0.658345,0.072959,0.659887,0.226541,0.101673,0.114569,0.110416,0.129996,0.044646,0.031815,0.013314,0.037865
11570,2.064264,2.067420,4.184891,0.016631,0.062464,0.061445,0.056938,0.061013,0.656650,0.070534,0.659849,0.225654,0.099895,0.114637,0.110282,0.130715,0.043686,0.031942,0.012119,0.038547
11580,2.074266,2.071970,4.193239,0.017531,0.062346,0.060570,0.056733,0.060696,0.656642,0.075221,0.659767,0.232777,0.098746,0.115967,0.110519,0.132221,0.046044,0.031794,0.016247,0.040818
11590,2.068758,2.065575,4.178872,0.018904,0.062513,0.060259,0.056920,0.061260,0.660518,0.079627,0.659722,0.229884,0.098091,0.115186,0.110832,0.132171,0.036798,0.031957,0.013604,0.036697
11600,2.064049,2.065481,4.181612,0.015974,0.062620,0.060399,0.057106,0.061640,0.660097,0.081334,0.659996,0.231960,0.098743,0.116214,0.111346,0.133377,0.035076,0.031805,0.011482,0.037413
11610,2.068002,2.066820,4.182781,0.017522,0.062652,0.060427,0.057215,0.061948,0.657724,0.074212,0.659886,0.233497,0.100088,0.118694,0.111542,0.134889,0.034148,0.032053,0.008592,0.037572
11620,2.065013,2.065705,4.181238,0.016803,0.062711,0.060965,0.056930,0.061540,0.671021,0.069203,0.659882,0.241481,0.100660,0.118529,0.109926,0.133830,0.033463,0.031923,0.013435,0.036798
11630,2.066929,2.062498,4.173145,0.018379,0.062716,0.061163,0.056948,0.062084,0.640916,0.068540,0.659665,0.227826,0.100592,0.120696,0.109908,0.135028,0.032179,0.031821,0.009934,0.035882
11640,2.076514,2.072414,4.192331,0.019342,0.062702,0.061324,0.056583,0.062415,0.661267,0.074863,0.660182,0.227451,0.098456,0.116774,0.109657,0.133245,0.031753,0.031836,0.002533,0.036530
11650,2.075150,2.069872,4.183548,0.022951,0.062568,0.061302,0.055944,0.062018,0.611732,0.076677,0.659790,0.232250,0.100495,0.117267,0.111624,0.133974,0.031767,0.032782,0.007995,0.035506
11660,2.068264,2.083925,4.182732,0.052329,0.062422,0.061508,0.055909,0.061241,0.613039,0.094600,0.659427,0.225374,0.099390,0.114515,0.109582,0.132295,0.031760,0.031920,0.003389,0.033545
11670,2.069112,2.068999,4.183142,0.021588,0.062207,0.061781,0.056426,0.061546,0.644122,0.092926,0.659580,0.225154,0.097381,0.115460,0.108966,0.131290,0.036458,0.031903,0.011413,0.035755
11680,2.063686,2.070642,4.181507,0.026566,0.061736,0.061491,0.056824,0.062568,0.642892,0.085642,0.659754,0.229682,0.097935,0.117266,0.109298,0.132092,0.034020,0.032839,0.003875,0.034322
11690,2.067055,2.069122,4.189950,0.015032,0.061151,0.061204,0.056922,0.062661,0.648804,0.083216,0.660121,0.234533,0.097954,0.116433,0.108249,0.131450,0.035176,0.031797,0.006958,0.034270
11700,2.058357,2.065411,4.182045,0.015393,0.061071,0.061180,0.057017,0.062646,0.653003,0.080618,0.659931,0.235947,0.097894,0.115960,0.107148,0.130659,0.034829,0.031901,0.008456,0.035469
11710,2.060529,2.064512,4.180851,0.014763,0.061341,0.061376,0.057077,0.063000,0.657728,0.072967,0.659855,0.233294,0.098318,0.117006,0.107893,0.130709,0.033388,0.032077,0.009159,0.035284
11720,2.062954,2.065352,4.183228,0.014095,0.061409,0.061250,0.056975,0.062871,0.662818,0.068528,0.659894,0.235082,0.097961,0.117529,0.108873,0.130904,0.034281,0.031811,0.012605,0.034851
11730,2.065357,2.063638,4.179829,0.014010,0.061407,0.061215,0.057106,0.062804,0.659214,0.073483,0.659979,0.234339,0.097793,0.117935,0.110153,0.132255,0.033914,0.032198,0.013129,0.034238
11740,2.062413,2.064981,4.183559,0.013008,0.061369,0.060429,0.057155,0.062263,0.661529,0.081365,0.659827,0.232983,0.097894,0.117936,0.110184,0.132751,0.034837,0.031816,0.013381,0.034338
11750,2.064709,2.068341,4.189319,0.014078,0.061421,0.060176,0.057094,0.062055,0.662706,0.073306,0.660020,0.231477,0.098472,0.118792,0.110362,0.133479,0.034551,0.031884,0.011542,0.032742
11760,2.062963,2.063387,4.179596,0.013730,0.061483,0.060279,0.056904,0.062033,0.664908,0.072825,0.659849,0.231669,0.098503,0.118469,0.109422,0.133072,0.035043,0.032012,0.014304,0.032306
11770,2.059784,2.063215,4.178305,0.014676,0.061909,0.060392,0.056931,0.062086,0.660177,0.086573,0.659874,0.231530,0.100800,0.118501,0.109056,0.133644,0.033155,0.031998,0.015489,0.033536
11780,2.063994,2.066527,4.185473,0.014238,0.062069,0.060539,0.056836,0.062284,0.662298,0.085059,0.660007,0.229710,0.101273,0.118600,0.108675,0.133764,0.031932,0.032807,0.014020,0.033819
11790,2.064898,2.065052,4.181563,0.015151,0.062165,0.060532,0.056605,0.062226,0.671507,0.081546,0.659920,0.232748,0.099775,0.117738,0.107685,0.132993,0.032784,0.032260,0.015887,0.033911
11800,2.068607,2.066455,4.185304,0.014261,0.062171,0.060489,0.056499,0.062457,0.672729,0.081291,0.659928,0.235179,0.100799,0.118134,0.108389,0.133552,0.033151,0.032138,0.015859,0.034261
11810,2.069363,2.066369,4.183280,0.016102,0.062197,0.060375,0.056481,0.062468,0.610826,0.076436,0.659857,0.228271,0.101913,0.119500,0.109485,0.135073,0.037069,0.031899,0.015840,0.033664
11820,2.064897,2.067093,4.186650,0.014188,0.062266,0.060576,0.056441,0.062519,0.641214,0.067578,0.659944,0.233043,0.099713,0.117825,0.109521,0.133471,0.036761,0.032484,0.014850,0.031958
11830,2.068069,2.066289,4.183557,0.015671,0.062257,0.060640,0.056455,0.062364,0.650185,0.066920,0.659898,0.226990,0.097993,0.117684,0.109615,0.133679,0.036205,0.031864,0.011464,0.031976
11840,2.062429,2.064793,4.181228,0.014957,0.062448,0.060652,0.056675,0.062247,0.657869,0.070475,0.659794,0.223387,0.097622,0.119046,0.109101,0.134863,0.039023,0.032026,0.014939,0.033766
11850,2.059943,2.065691,4.183020,0.014991,0.062807,0.060844,0.057150,0.062299,0.666520,0.069070,0.659908,0.221531,0.096899,0.118113,0.110444,0.133749,0.040852,0.032230,0.014794,0.035242
11860,2.068273,2.066946,4.184922,0.015638,0.063470,0.061066,0.057791,0.062421,0.666544,0.063578,0.659818,0.222557,0.097903,0.118750,0.111247,0.134100,0.042442,0.031940,0.015784,0.036655
11870,2.067400,2.069327,4.188143,0.017237,0.064233,0.062267,0.058735,0.063177,0.658089,0.070857,0.659866,0.228412,0.098069,0.119409,0.110586,0.133011,0.044923,0.031987,0.016349,0.036011
11880,2.070170,2.067233,4.184464,0.016679,0.063054,0.061140,0.057560,0.062290,0.642898,0.073576,0.659604,0.217224,0.098714,0.119684,0.107650,0.132947,0.046433,0.031985,0.016815,0.035433
11890,2.068859,2.066940,4.185544,0.015001,0.063456,0.060569,0.058222,0.062541,0.648659,0.078589,0.659799,0.215460,0.098755,0.120817,0.108265,0.133276,0.045450,0.031851,0.016142,0.037533
11900,2.088446,2.072139,4.188485,0.016584,0.063292,0.060387,0.058244,0.062645,0.646073,0.079471,0.659897,0.213505,0.100359,0.119491,0.108351,0.133419,0.037589,0.032893,0.014430,0.036803
11910,2.068708,2.074085,4.177904,0.037169,0.063532,0.060414,0.058474,0.062207,0.628182,0.073322,0.659372,0.231997,0.103053,0.118589,0.107461,0.133037,0.044910,0.032198,0.015689,0.039724
11920,2.085966,2.070715,4.187479,0.020436,0.063582,0.060295,0.057663,0.061631,0.657349,0.070518,0.659682,0.225326,0.101817,0.118505,0.107076,0.132346,0.035131,0.033462,0.015639,0.038223
11930,2.070508,2.070312,4.178558,0.028311,0.062862,0.060081,0.057501,0.061723,0.656451,0.072329,0.659457,0.219752,0.100184,0.117533,0.106380,0.131910,0.033341,0.032068,0.014069,0.036701
11940,2.066851,2.067267,4.180815,0.019670,0.062533,0.060149,0.057370,0.061448,0.647272,0.070999,0.659854,0.222396,0.100926,0.118230,0.107665,0.132565,0.034303,0.031942,0.014751,0.037550
11950,2.072946,2.066624,4.178870,0.021025,0.062668,0.060172,0.056864,0.061287,0.668149,0.074059,0.659654,0.230617,0.098950,0.118339,0.107534,0.133537,0.034020,0.032134,0.016029,0.036769
11960,2.062739,2.066075,4.181961,0.016831,0.062147,0.060042,0.056894,0.061224,0.662251,0.064127,0.659774,0.236021,0.099264,0.119025,0.108415,0.135490,0.032258,0.032270,0.015670,0.037193
11970,2.065716,2.068946,4.181573,0.023054,0.061991,0.060003,0.056874,0.061116,0.653462,0.060479,0.659720,0.219409,0.099603,0.118347,0.108819,0.135611,0.031809,0.032390,0.011785,0.035044
11980,2.084126,2.066010,4.179716,0.018937,0.062097,0.059922,0.056638,0.060991,0.651083,0.074158,0.659364,0.231838,0.099394,0.118937,0.107842,0.136561,0.033643,0.032006,0.016141,0.038767
11990,2.070593,2.067836,4.183892,0.018478,0.062070,0.059895,0.056788,0.061226,0.665252,0.085396,0.659860,0.233615,0.098687,0.118122,0.109556,0.135977,0.032867,0.032326,0.016127,0.037992
12000,2.071142,2.070683,4.186983,0.021176,0.061639,0.059734,0.056835,0.061444,0.658017,0.086790,0.659701,0.228749,0.096589,0.118079,0.110629,0.137048,0.038085,0.032077,0.016340,0.038971
12010,2.068614,2.068339,4.183044,0.020347,0.061768,0.059377,0.056811,0.061432,0.647957,0.085106,0.659948,0.231585,0.098575,0.119120,0.109775,0.137763,0.039555,0.031939,0.015967,0.038747
12020,2.064771,2.067877,4.182083,0.020370,0.062259,0.059451,0.056940,0.060975,0.659994,0.068084,0.659968,0.233197,0.099012,0.119657,0.109412,0.136561,0.034512,0.031825,0.012517,0.037873
12030,2.061002,2.064307,4.178214,0.016981,0.062184,0.059699,0.057076,0.061348,0.669190,0.072556,0.660215,0.226259,0.099403,0.117845,0.107637,0.133726,0.032446,0.032709,0.005766,0.037163
12040,2.077868,2.068774,4.188056,0.016217,0.061458,0.059768,0.056292,0.061963,0.668088,0.072496,0.660040,0.240450,0.100730,0.120522,0.107936,0.135046,0.045375,0.031836,0.016437,0.042193
12050,2.064355,2.066468,4.183138,0.016452,0.060659,0.060088,0.055616,0.062362,0.669841,0.075405,0.659936,0.234916,0.098455,0.118154,0.110085,0.133223,0.045343,0.032090,0.016157,0.043640
12060,2.066196,2.067555,4.185916,0.015885,0.060502,0.060375,0.055563,0.062670,0.669553,0.073136,0.659901,0.235598,0.097654,0.118370,0.110299,0.133623,0.045478,0.031880,0.016252,0.043196
12070,2.065538,2.064222,4.180503,0.014523,0.060596,0.060569,0.055794,0.062917,0.669951,0.070886,0.659948,0.237403,0.098888,0.119400,0.110447,0.134244,0.043103,0.032263,0.015996,0.043331
12080,2.060169,2.064683,4.182193,0.013766,0.060545,0.060559,0.055920,0.062934,0.672392,0.068270,0.659938,0.236955,0.099076,0.119407,0.109280,0.134568,0.041647,0.031804,0.015573,0.042576
12090,2.061151,2.065984,4.185022,0.013584,0.060523,0.060572,0.055967,0.062946,0.673315,0.067742,0.659907,0.236556,0.098131,0.119073,0.108782,0.134714,0.040682,0.031966,0.015371,0.041752
12100,2.060996,2.064989,4.184030,0.012557,0.060547,0.060540,0.056006,0.063018,0.674295,0.070375,0.659941,0.237153,0.097908,0.119775,0.109320,0.135882,0.041013,0.031936,0.015586,0.041525
12110,2.066905,2.065058,4.183462,0.013264,0.060550,0.060581,0.056017,0.062994,0.674880,0.071061,0.659942,0.238700,0.097713,0.120308,0.109954,0.136732,0.041962,0.031856,0.015779,0.041066
12120,2.062667,2.062696,4.178649,0.013277,0.060542,0.060623,0.056014,0.063181,0.675678,0.069063,0.659946,0.236428,0.097422,0.120904,0.110742,0.137520,0.041086,0.032034,0.015787,0.040625
12130,2.061646,2.066043,4.185481,0.013248,0.060606,0.060585,0.056107,0.063105,0.675386,0.067419,0.659946,0.234856,0.097882,0.121994,0.111193,0.138763,0.042067,0.031832,0.015944,0.042144
12140,2.064250,2.066724,4.186395,0.013715,0.060668,0.060543,0.056153,0.062920,0.675056,0.067708,0.659947,0.232962,0.097501,0.122474,0.110918,0.139751,0.041604,0.031971,0.015923,0.042165
12150,2.064102,2.061875,4.177969,0.012286,0.060834,0.060562,0.056225,0.063028,0.674525,0.067320,0.659948,0.234229,0.097202,0.123093,0.111660,0.140105,0.042259,0.031962,0.015992,0.042714
12160,2.065984,2.065476,4.184145,0.013429,0.060807,0.060538,0.056260,0.063131,0.674135,0.064892,0.659947,0.232242,0.097028,0.123763,0.113055,0.140742,0.041500,0.031845,0.016037,0.042435
12170,2.063796,2.064375,4.183208,0.012131,0.060860,0.060563,0.056312,0.063166,0.673893,0.064996,0.659947,0.229567,0.096732,0.123531,0.112966,0.140201,0.042383,0.031861,0.016088,0.041555
12180,2.069520,2.063445,4.180140,0.013307,0.060895,0.060583,0.056348,0.063017,0.674327,0.067191,0.659944,0.229536,0.096646,0.123181,0.112501,0.139764,0.043390,0.031872,0.016086,0.041690
12190,2.059451,2.065457,4.184169,0.013367,0.060876,0.060600,0.056377,0.062801,0.674003,0.069654,0.659945,0.228988,0.096851,0.123855,0.113004,0.140483,0.044824,0.031869,0.016074,0.042283
12200,2.060848,2.066206,4.186570,0.012489,0.060865,0.060664,0.056339,0.062938,0.673785,0.070745,0.659948,0.228285,0.096732,0.125257,0.113716,0.141997,0.043141,0.032114,0.016066,0.042384
12210,2.063804,2.065728,4.185575,0.012512,0.060915,0.060657,0.056418,0.063020,0.672889,0.070265,0.659949,0.228749,0.096935,0.125959,0.114371,0.142790,0.043813,0.031917,0.016063,0.042802
12220,2.063740,2.062520,4.178846,0.012722,0.060888,0.060681,0.056342,0.063165,0.672805,0.068068,0.659948,0.230626,0.097574,0.126618,0.115631,0.143232,0.044510,0.032393,0.016066,0.042324
12230,2.065715,2.066206,4.186437,0.012624,0.060671,0.060480,0.056286,0.063056,0.672684,0.065231,0.659946,0.229799,0.098107,0.126907,0.115649,0.143241,0.045067,0.031888,0.016095,0.043398
12240,2.064484,2.064176,4.182591,0.012344,0.060723,0.060413,0.056390,0.062858,0.671371,0.060790,0.659938,0.225521,0.098767,0.126755,0.115075,0.142899,0.045693,0.032123,0.016067,0.042943
12250,2.063600,2.063385,4.178928,0.014398,0.060587,0.060399,0.056447,0.062859,0.667336,0.063740,0.659948,0.225370,0.098032,0.126654,0.114717,0.142829,0.046281,0.031951,0.016062,0.044005
12260,2.081419,2.067258,4.180586,0.020612,0.060742,0.060101,0.056615,0.062584,0.666652,0.075108,0.659722,0.227385,0.097616,0.126225,0.114531,0.142806,0.042792,0.032408,0.014812,0.042633
12270,2.072347,2.070734,4.187340,0.020921,0.062417,0.060677,0.057778,0.062710,0.649198,0.065011,0.659837,0.217293,0.097862,0.123020,0.110997,0.137868,0.046474,0.032058,0.014331,0.042536
12280,2.065890,2.072648,4.183557,0.028593,0.063074,0.061143,0.057276,0.062793,0.649560,0.069567,0.658985,0.212046,0.099810,0.121686,0.109632,0.135980,0.041055,0.031933,0.015392,0.038878
12290,2.067624,2.068994,4.181698,0.023023,0.063434,0.061567,0.057490,0.062936,0.658918,0.074541,0.659587,0.217954,0.102207,0.121642,0.108307,0.135283,0.043961,0.031929,0.016048,0.039907
12300,2.075475,2.070348,4.188447,0.019028,0.063739,0.061017,0.058994,0.062557,0.665767,0.085382,0.659908,0.224230,0.102777,0.122300,0.109049,0.136238,0.042268,0.031926,0.016050,0.040895
12310,2.065988,2.064859,4.177275,0.019039,0.063897,0.061079,0.059029,0.062706,0.666871,0.089608,0.659768,0.213313,0.101870,0.122255,0.108822,0.134750,0.040969,0.032054,0.016414,0.042017
12320,2.065515,2.068304,4.183644,0.019676,0.063484,0.061020,0.058982,0.062741,0.645353,0.069119,0.659926,0.215273,0.099955,0.122361,0.108620,0.135356,0.036500,0.031814,0.015742,0.041509
12330,2.064551,2.068736,4.186146,0.018050,0.063100,0.061228,0.058605,0.063215,0.650604,0.065084,0.660006,0.209117,0.102131,0.123450,0.111095,0.136008,0.032017,0.031807,0.008119,0.040136
12340,2.078923,2.073873,4.182213,0.032425,0.062040,0.061392,0.057989,0.063702,0.641600,0.084519,0.659235,0.214188,0.100338,0.122937,0.110572,0.135856,0.031809,0.031907,0.003886,0.041223
12350,2.062327,2.064873,4.177819,0.018525,0.062540,0.061165,0.058243,0.063484,0.656031,0.077144,0.660046,0.220761,0.101626,0.125607,0.109168,0.136762,0.032081,0.031875,0.011108,0.041613
12360,2.064139,2.068907,4.181618,0.022845,0.062624,0.060849,0.058436,0.062988,0.662698,0.068827,0.660122,0.207177,0.101509,0.125202,0.109344,0.137192,0.031749,0.033885,0.006189,0.035897
12370,2.062370,2.063974,4.177495,0.017028,0.062316,0.060692,0.058202,0.062623,0.666576,0.081694,0.660094,0.228370,0.102319,0.125265,0.109431,0.137508,0.032308,0.031837,0.011674,0.040984
12380,2.067660,2.069948,4.185564,0.021092,0.062157,0.060751,0.058135,0.062778,0.662389,0.070112,0.659749,0.219861,0.103070,0.127044,0.110035,0.138481,0.032404,0.031908,0.014563,0.041398
12390,2.066634,2.066845,4.183446,0.016901,0.061464,0.060649,0.057931,0.062634,0.649880,0.067435,0.659926,0.228140,0.103060,0.128033,0.111331,0.140504,0.031953,0.032369,0.014471,0.039460
12400,2.074049,2.066235,4.183586,0.015524,0.061378,0.060852,0.057636,0.062441,0.643443,0.057874,0.659775,0.217825,0.099648,0.126020,0.110827,0.140314,0.031864,0.031841,0.014409,0.040166
12410,2.069248,2.065319,4.180779,0.016060,0.062246,0.060934,0.058394,0.063014,0.642131,0.067139,0.660147,0.219181,0.099008,0.124060,0.108431,0.136835,0.032510,0.032525,0.010993,0.039286
12420,2.058704,2.064781,4.179354,0.016808,0.062101,0.060975,0.058508,0.063363,0.634761,0.060044,0.659738,0.215356,0.098578,0.124234,0.107008,0.135621,0.037622,0.031908,0.011179,0.040382
12430,2.062975,2.066411,4.181856,0.017607,0.061902,0.060746,0.058609,0.063307,0.635208,0.062540,0.660083,0.214882,0.099884,0.123381,0.107786,0.135670,0.035510,0.031961,0.007921,0.040084
12440,2.072097,2.066694,4.184384,0.015656,0.062464,0.060863,0.058717,0.063109,0.646267,0.061445,0.659743,0.220960,0.100039,0.124858,0.107995,0.137121,0.044831,0.031816,0.016094,0.041591
12450,2.072453,2.066381,4.181540,0.017871,0.062891,0.061035,0.059490,0.063578,0.657094,0.061082,0.659920,0.217307,0.103188,0.125261,0.109330,0.137116,0.034786,0.032225,0.006352,0.040834
12460,2.064735,2.063010,4.176505,0.016056,0.062455,0.061814,0.058884,0.063759,0.662860,0.055863,0.659985,0.220198,0.102568,0.123117,0.108818,0.134980,0.036593,0.031835,0.013518,0.041036
12470,2.062700,2.063843,4.179409,0.014846,0.061977,0.061851,0.058465,0.063516,0.667172,0.053830,0.659930,0.218932,0.101438,0.122811,0.109092,0.135460,0.036637,0.031954,0.015838,0.040362
12480,2.063684,2.062204,4.178203,0.012721,0.061621,0.061810,0.058193,0.063396,0.668222,0.053060,0.659932,0.219459,0.100575,0.123671,0.108866,0.136767,0.037453,0.031905,0.015992,0.039535
12490,2.065214,2.063249,4.180237,0.012806,0.061597,0.061659,0.058196,0.063333,0.666047,0.055029,0.659945,0.219303,0.100880,0.125051,0.108981,0.138337,0.036720,0.032085,0.016093,0.039594
12500,2.059388,2.062397,4.178875,0.012443,0.061594,0.061571,0.058161,0.063186,0.663656,0.053611,0.659939,0.216617,0.101374,0.126064,0.109651,0.139515,0.036735,0.032023,0.016022,0.038387
12510,2.065958,2.065322,4.185099,0.012160,0.061534,0.061610,0.058261,0.063192,0.663079,0.054938,0.659944,0.217851,0.100599,0.126733,0.110756,0.140215,0.037326,0.032060,0.015980,0.038270
12520,2.062963,2.064665,4.183485,0.012434,0.061433,0.061645,0.058308,0.063176,0.665611,0.058489,0.659949,0.218554,0.099233,0.126006,0.110589,0.139737,0.036916,0.032085,0.015989,0.039917
12530,2.068282,2.062905,4.179928,0.012406,0.061495,0.061660,0.058398,0.063308,0.666865,0.061109,0.659944,0.217071,0.098832,0.126018,0.111134,0.139795,0.036398,0.031890,0.015986,0.040926
12540,2.067054,2.064782,4.183237,0.012907,0.061559,0.061701,0.058445,0.063353,0.667164,0.059702,0.659948,0.217936,0.098803,0.126466,0.111307,0.140216,0.036864,0.031989,0.016035,0.041404
12550,2.066298,2.062163,4.179156,0.011654,0.061592,0.061744,0.058457,0.063374,0.667321,0.060153,0.659945,0.218411,0.099599,0.127508,0.111954,0.141012,0.036374,0.031911,0.016014,0.041244
12560,2.059281,2.062093,4.178427,0.012243,0.061530,0.061718,0.058471,0.063452,0.666234,0.061176,0.659951,0.213733,0.099288,0.127191,0.111673,0.140839,0.037161,0.031979,0.016022,0.041153
12570,2.063989,2.063035,4.180104,0.012510,0.061462,0.061088,0.058426,0.062858,0.665708,0.062223,0.659952,0.213786,0.099232,0.126961,0.111553,0.140727,0.038923,0.031992,0.016036,0.041341
12580,2.058919,2.064289,4.182721,0.012443,0.061316,0.060371,0.058349,0.062283,0.666966,0.063286,0.659941,0.212846,0.099522,0.126894,0.111465,0.141209,0.039702,0.031981,0.016048,0.040375
12590,2.061455,2.061692,4.177781,0.012106,0.061180,0.060124,0.058324,0.062107,0.665544,0.062023,0.659949,0.211152,0.099142,0.127770,0.112045,0.142692,0.040511,0.032281,0.016037,0.039942
12600,2.065054,2.062649,4.179137,0.012691,0.061064,0.060076,0.058185,0.062136,0.659399,0.062074,0.659951,0.209248,0.099669,0.127893,0.111610,0.143178,0.039419,0.032036,0.016015,0.039831
12610,2.070349,2.062395,4.178937,0.012377,0.061087,0.060074,0.058158,0.062176,0.661509,0.063427,0.659952,0.207820,0.099306,0.128609,0.112277,0.143793,0.039907,0.032003,0.016026,0.040076
12620,2.065551,2.065282,4.184196,0.012985,0.061046,0.060101,0.058144,0.062009,0.664360,0.061451,0.659950,0.210408,0.098046,0.128688,0.112510,0.144256,0.042041,0.031937,0.015995,0.040388
12630,2.062840,2.065400,4.184117,0.013304,0.060964,0.060246,0.058118,0.061941,0.663676,0.063811,0.659950,0.213446,0.099265,0.128406,0.112169,0.143742,0.042028,0.032113,0.015986,0.040389
12640,2.060933,2.064909,4.183154,0.013271,0.061142,0.060498,0.058254,0.062280,0.663681,0.062649,0.659950,0.211883,0.099837,0.128517,0.111999,0.143307,0.042630,0.032003,0.015978,0.040595
12650,2.059451,2.063281,4.180545,0.012571,0.061264,0.060568,0.058427,0.062544,0.662415,0.059135,0.659951,0.210497,0.099252,0.129420,0.112786,0.144451,0.043466,0.031973,0.015972,0.041469
12660,2.060607,2.064849,4.183349,0.012952,0.061322,0.060737,0.058363,0.062258,0.663538,0.056662,0.659949,0.214349,0.098881,0.129515,0.113010,0.144964,0.043327,0.031921,0.015988,0.042423
12670,2.062789,2.064352,4.182776,0.012515,0.061349,0.060781,0.058541,0.062280,0.662527,0.058379,0.659950,0.211067,0.098838,0.130389,0.114149,0.145299,0.042155,0.032293,0.015980,0.041692
12680,2.064507,2.066505,4.186372,0.013296,0.061315,0.060949,0.058509,0.062212,0.663620,0.058271,0.659948,0.213160,0.098632,0.130994,0.114655,0.146512,0.043910,0.031913,0.015995,0.042943
12690,2.064305,2.064660,4.182448,0.013471,0.061667,0.061046,0.058616,0.062452,0.663317,0.060709,0.659951,0.212233,0.099094,0.129779,0.114134,0.145347,0.043612,0.032412,0.015983,0.043003
12700,2.059580,2.067264,4.182549,0.013733,0.061740,0.061409,0.058489,0.062658,0.637168,0.062755,0.659913,0.216769,0.099850,0.129559,0.114716,0.146297,0.046839,0.032055,0.015984,0.043714
12710,2.066951,2.066588,4.180732,0.019085,0.061506,0.061338,0.058391,0.062295,0.651509,0.080640,0.659627,0.209318,0.098456,0.129822,0.113073,0.145606,0.045785,0.032441,0.016004,0.043096
12720,2.089144,2.070455,4.188269,0.019413,0.061745,0.060997,0.058265,0.061986,0.653100,0.061044,0.659937,0.216450,0.104255,0.129132,0.114554,0.146091,0.046901,0.032120,0.016159,0.044166
12730,2.069752,2.069214,4.179629,0.025517,0.061551,0.061470,0.057039,0.062007,0.641897,0.064637,0.659359,0.205969,0.099674,0.126803,0.111692,0.142804,0.047485,0.032025,0.016132,0.043973
12740,2.073130,2.078257,4.183509,0.040034,0.060985,0.061910,0.056725,0.062974,0.656750,0.075104,0.659318,0.201061,0.098738,0.124992,0.113023,0.141521,0.047559,0.032066,0.016546,0.046055
12750,2.077733,2.066306,4.176638,0.022625,0.061015,0.062110,0.056957,0.062665,0.658505,0.085544,0.659743,0.203216,0.100944,0.122322,0.114166,0.142386,0.045624,0.031997,0.016098,0.044764
12760,2.074857,2.068290,4.185225,0.018068,0.062344,0.062481,0.058045,0.062841,0.664045,0.092600,0.659870,0.217146,0.103486,0.122552,0.112785,0.141983,0.045115,0.031927,0.015651,0.045845
12770,2.067984,2.065897,4.178231,0.020193,0.062948,0.062472,0.058037,0.062862,0.640454,0.074523,0.659481,0.206947,0.104512,0.123468,0.113496,0.141199,0.045765,0.032796,0.015937,0.045151
12780,2.062403,2.066989,4.183096,0.017553,0.063265,0.062196,0.057866,0.062758,0.660774,0.069923,0.659619,0.215645,0.102587,0.123385,0.111716,0.140249,0.042471,0.032191,0.015882,0.045697
12790,2.065125,2.064809,4.180742,0.015475,0.063412,0.062151,0.058055,0.063204,0.661376,0.058244,0.659884,0.214635,0.101610,0.124879,0.110709,0.142453,0.035934,0.032663,0.015219,0.045222
12800,2.065800,2.062990,4.177602,0.014884,0.063229,0.062244,0.058144,0.063476,0.660165,0.054679,0.659856,0.211967,0.101194,0.124613,0.109911,0.142653,0.033373,0.032558,0.012059,0.045188
12810,2.066815,2.064780,4.180224,0.015933,0.062876,0.062289,0.057976,0.063474,0.653773,0.054189,0.659882,0.217022,0.100032,0.123528,0.110315,0.141691,0.033396,0.032754,0.011416,0.044484
12820,2.063973,2.063411,4.179277,0.014099,0.062824,0.062364,0.057938,0.063418,0.654972,0.054054,0.659853,0.218062,0.098727,0.123163,0.110477,0.141723,0.034026,0.032309,0.011960,0.044048
12830,2.067322,2.063841,4.180818,0.013426,0.062854,0.062260,0.057925,0.063018,0.658474,0.057357,0.660045,0.216639,0.098135,0.123014,0.111029,0.141481,0.033632,0.032709,0.011454,0.044089
12840,2.060521,2.063864,4.181825,0.012464,0.062611,0.062592,0.057991,0.063577,0.656946,0.068292,0.660048,0.212452,0.099101,0.124330,0.109884,0.142954,0.034047,0.032739,0.010250,0.044424
12850,2.063983,2.061751,4.177825,0.012171,0.061911,0.063129,0.057492,0.064714,0.656692,0.074022,0.660147,0.208159,0.098330,0.123773,0.110461,0.141069,0.033008,0.032636,0.005829,0.043677
12860,2.064110,2.066158,4.184920,0.014038,0.061638,0.063315,0.057239,0.064991,0.660658,0.072992,0.660131,0.207524,0.098385,0.124543,0.111065,0.140899,0.033312,0.032510,0.005085,0.044457
12870,2.061594,2.062274,4.178186,0.012882,0.062008,0.063257,0.057496,0.064979,0.660167,0.067471,0.660038,0.210354,0.099378,0.127144,0.111057,0.143248,0.042038,0.032250,0.012082,0.046993
12880,2.065235,2.066033,4.183925,0.014780,0.062197,0.062259,0.057764,0.063444,0.662364,0.062120,0.659916,0.213118,0.099729,0.126902,0.111313,0.142916,0.045672,0.032966,0.015881,0.047738
12890,2.063159,2.065356,4.181153,0.016171,0.063757,0.062704,0.058835,0.063760,0.657294,0.064202,0.659720,0.210820,0.101883,0.129381,0.111652,0.143416,0.047451,0.032018,0.016914,0.049267
12900,2.080228,2.075017,4.181815,0.035135,0.064392,0.063299,0.058948,0.063818,0.653897,0.072600,0.659435,0.204047,0.099246,0.125891,0.110450,0.140344,0.047570,0.032562,0.016376,0.048799
12910,2.066081,2.068566,4.184485,0.019366,0.064226,0.062822,0.059333,0.063267,0.644530,0.072043,0.659639,0.208856,0.101446,0.125413,0.109058,0.138787,0.047417,0.032131,0.016089,0.048428
12920,2.064051,2.066047,4.182741,0.015989,0.063974,0.062180,0.058987,0.063143,0.653574,0.064863,0.659950,0.206879,0.103195,0.125799,0.108416,0.137686,0.047127,0.032299,0.016133,0.048093
12930,2.065599,2.065848,4.182956,0.015375,0.062989,0.061831,0.058797,0.063271,0.652622,0.065493,0.659935,0.200995,0.101695,0.124848,0.107727,0.138677,0.044873,0.032851,0.015835,0.046821
12940,2.064237,2.066279,4.183782,0.015418,0.061670,0.061960,0.058000,0.062846,0.654787,0.077422,0.659923,0.200483,0.101234,0.124051,0.106901,0.139662,0.043432,0.032072,0.014895,0.046949
12950,2.066497,2.064317,4.180808,0.014402,0.061861,0.062084,0.058184,0.062779,0.659061,0.079094,0.659944,0.204249,0.100392,0.124136,0.107181,0.139732,0.041035,0.032150,0.015262,0.046783
12960,2.065982,2.064704,4.182592,0.013406,0.062919,0.062286,0.059030,0.062896,0.659410,0.079165,0.659909,0.205465,0.099940,0.125626,0.108401,0.141217,0.039508,0.032088,0.015907,0.047456
12970,2.065094,2.062876,4.177938,0.014349,0.063250,0.062365,0.059004,0.062719,0.657100,0.072567,0.659600,0.205218,0.100077,0.125596,0.107232,0.140823,0.037077,0.032228,0.015981,0.046241
12980,2.064565,2.065504,4.184536,0.013095,0.063133,0.062577,0.058554,0.062929,0.655258,0.066111,0.659893,0.204205,0.099466,0.127018,0.108146,0.142025,0.034961,0.032140,0.015778,0.044237
12990,2.060818,2.062569,4.178870,0.012797,0.062930,0.062665,0.058320,0.063129,0.657704,0.064795,0.659907,0.203566,0.099361,0.127405,0.108025,0.142217,0.035463,0.032006,0.015841,0.044511
13000,2.060554,2.064803,4.184021,0.012186,0.062858,0.062816,0.058315,0.063329,0.657635,0.063848,0.659908,0.202419,0.098917,0.127823,0.108465,0.142562,0.034372,0.032014,0.015672,0.043454
13010,2.062766,2.062880,4.180218,0.012081,0.062811,0.062845,0.058230,0.063478,0.658170,0.063501,0.659916,0.200578,0.097618,0.128321,0.109436,0.143476,0.033954,0.032142,0.015544,0.042930
13020,2.062968,2.063720,4.181454,0.012551,0.062587,0.062871,0.058050,0.063451,0.659614,0.063698,0.659932,0.202604,0.096642,0.128659,0.109984,0.144209,0.034158,0.032028,0.015680,0.044323
13030,2.059102,2.062883,4.180531,0.011775,0.062606,0.062973,0.058072,0.063510,0.660646,0.061646,0.659932,0.204194,0.097130,0.129838,0.110993,0.145418,0.034073,0.032154,0.015771,0.045198
13040,2.060080,2.062743,4.180441,0.011578,0.062520,0.063018,0.057989,0.063746,0.662262,0.057586,0.659934,0.203712,0.097301,0.130264,0.111119,0.145601,0.034342,0.032035,0.015921,0.045761
13050,2.062450,2.062885,4.179990,0.012318,0.062391,0.063065,0.057831,0.063707,0.663491,0.057844,0.659937,0.203956,0.096977,0.130403,0.111999,0.145692,0.034291,0.032047,0.015900,0.045678
13060,2.062751,2.063560,4.181011,0.012667,0.062443,0.062901,0.057851,0.063712,0.664676,0.060209,0.659942,0.201926,0.099623,0.130059,0.111103,0.145186,0.036933,0.031984,0.016019,0.046286
13070,2.063034,2.061249,4.175453,0.013531,0.062562,0.062829,0.057692,0.063923,0.659395,0.065152,0.659947,0.202259,0.099675,0.130446,0.109479,0.146082,0.036598,0.032187,0.016038,0.046419
13080,2.064727,2.092203,4.176234,0.075655,0.062092,0.062738,0.057578,0.063606,0.645034,0.062470,0.657822,0.198944,0.098554,0.131698,0.111653,0.147685,0.035766,0.032113,0.016078,0.047387
13090,2.067654,2.068889,4.181342,0.023165,0.062147,0.062831,0.057671,0.063418,0.651659,0.067569,0.659361,0.203797,0.100867,0.128439,0.110241,0.145645,0.036889,0.032528,0.014689,0.045627
13100,2.068349,2.082652,4.179356,0.053123,0.061816,0.062964,0.057783,0.063896,0.643117,0.062500,0.658177,0.191139,0.101658,0.128137,0.110158,0.147189,0.034031,0.032302,0.008692,0.044110
13110,2.070735,2.066489,4.178598,0.021033,0.061810,0.063145,0.057844,0.063440,0.645443,0.058541,0.659350,0.194336,0.102961,0.128539,0.111923,0.147627,0.044684,0.031938,0.015500,0.047786
13120,2.071322,2.064312,4.176600,0.018606,0.061901,0.062558,0.057422,0.063599,0.655342,0.073056,0.659588,0.200726,0.103572,0.126635,0.109352,0.145347,0.045986,0.032235,0.016071,0.046626
13130,2.069587,2.064925,4.179629,0.015786,0.061434,0.062863,0.057010,0.064682,0.657249,0.066442,0.659916,0.206870,0.103608,0.125483,0.107419,0.143405,0.047072,0.032285,0.016096,0.046245
13140,2.070861,2.069257,4.186056,0.019198,0.060409,0.063165,0.056710,0.065543,0.649531,0.058732,0.659409,0.198218,0.101417,0.124475,0.108377,0.141555,0.047554,0.032590,0.016660,0.047075
13150,2.060673,2.064313,4.178676,0.016524,0.060118,0.063505,0.056932,0.065729,0.660153,0.068353,0.659783,0.196453,0.101261,0.124260,0.107376,0.140222,0.045933,0.031975,0.016463,0.046886
13160,2.060825,2.062203,4.175722,0.015194,0.060498,0.063608,0.056785,0.065652,0.658059,0.057299,0.659840,0.195167,0.100980,0.126102,0.108642,0.140731,0.041445,0.031958,0.015899,0.046265
13170,2.068671,2.065266,4.179727,0.017409,0.060059,0.063466,0.056153,0.065567,0.656532,0.057983,0.659532,0.197133,0.103056,0.126762,0.107143,0.139614,0.040975,0.032106,0.015979,0.046129
13180,2.065104,2.073804,4.178905,0.035582,0.059657,0.063294,0.056064,0.065334,0.653222,0.057621,0.658572,0.202866,0.103424,0.128244,0.108156,0.141481,0.043985,0.031892,0.016137,0.047958
13190,2.060962,2.066652,4.179904,0.020047,0.060287,0.063774,0.056479,0.065215,0.654851,0.053929,0.659737,0.205192,0.103045,0.126009,0.107198,0.140035,0.038923,0.032926,0.015903,0.047922
13200,2.064255,2.064902,4.179186,0.017213,0.061755,0.064160,0.057702,0.065067,0.665591,0.055591,0.659857,0.196454,0.103927,0.126203,0.108711,0.141126,0.033529,0.031883,0.008166,0.047005
13210,2.067707,2.068061,4.187023,0.015800,0.062247,0.063654,0.058259,0.064792,0.671576,0.074757,0.660036,0.194593,0.103328,0.124651,0.107234,0.140164,0.033059,0.031912,0.005740,0.046493
13220,2.058973,2.072089,4.185400,0.025599,0.061722,0.062751,0.057872,0.064074,0.670989,0.076034,0.659736,0.194236,0.100473,0.125241,0.107579,0.140957,0.035310,0.031958,0.011391,0.045457
13230,2.062766,2.061342,4.174603,0.014556,0.061551,0.062293,0.057595,0.063926,0.672583,0.072200,0.659889,0.197683,0.099521,0.125115,0.107305,0.140970,0.038048,0.031901,0.015627,0.044436
13240,2.060562,2.063376,4.178039,0.015254,0.061668,0.062184,0.057426,0.063777,0.667863,0.065041,0.659764,0.200750,0.101373,0.127634,0.108184,0.142580,0.041972,0.031917,0.016065,0.043917
13250,2.061228,2.062751,4.178121,0.013904,0.061447,0.062171,0.057387,0.063928,0.670628,0.061669,0.659846,0.200031,0.103263,0.126338,0.108886,0.142311,0.035817,0.031958,0.015073,0.043101
13260,2.062098,2.060299,4.173285,0.013755,0.061020,0.062100,0.057321,0.063847,0.670795,0.070155,0.659946,0.202205,0.101879,0.125807,0.109306,0.142499,0.032877,0.031959,0.014693,0.043098
13270,2.059244,2.063930,4.181816,0.012598,0.061005,0.062056,0.057322,0.063821,0.667435,0.072970,0.659943,0.201622,0.100643,0.126565,0.110160,0.143787,0.032173,0.032204,0.015005,0.043043
13280,2.065477,2.062676,4.179189,0.012679,0.061166,0.062018,0.057317,0.063681,0.669017,0.065159,0.659953,0.199990,0.100554,0.126822,0.110053,0.144423,0.032155,0.031989,0.015063,0.042755
13290,2.061788,2.067004,4.189081,0.011591,0.061159,0.062047,0.057276,0.063587,0.668497,0.060663,0.659952,0.198554,0.100220,0.127446,0.110738,0.145439,0.031892,0.032424,0.014308,0.041081
13300,2.060625,2.062658,4.179609,0.012234,0.061012,0.062029,0.057222,0.063511,0.668466,0.060406,0.659951,0.198614,0.099359,0.127420,0.111249,0.145308,0.031909,0.031984,0.014940,0.040737
13310,2.063311,2.059886,4.174600,0.011612,0.061027,0.061996,0.057235,0.063492,0.667616,0.055800,0.659950,0.197307,0.098905,0.127549,0.111807,0.145334,0.031897,0.032047,0.014569,0.040520
13320,2.060138,2.060360,4.175760,0.011419,0.061067,0.061952,0.057242,0.063453,0.666212,0.053086,0.659950,0.196670,0.099258,0.128513,0.112445,0.146287,0.031862,0.032216,0.014082,0.040738
13330,2.062061,2.062289,4.179748,0.011349,0.061119,0.062039,0.057266,0.063551,0.665676,0.051571,0.659951,0.196749,0.099494,0.129419,0.113041,0.147108,0.031828,0.031998,0.014084,0.040588
13340,2.062394,2.061950,4.179036,0.011372,0.061099,0.062084,0.057219,0.063584,0.666414,0.051386,0.659949,0.198071,0.099536,0.129713,0.113217,0.147120,0.031848,0.031955,0.014551,0.041468
13350,2.057250,2.062805,4.180144,0.012001,0.061100,0.062101,0.057229,0.063667,0.666307,0.051411,0.659948,0.200871,0.099463,0.130415,0.114156,0.148269,0.031834,0.031923,0.014849,0.042541
13360,2.061770,2.062751,4.180489,0.011547,0.061070,0.062157,0.057221,0.063758,0.665006,0.052057,0.659947,0.201612,0.098885,0.130276,0.113799,0.147964,0.031806,0.032019,0.014860,0.042698
13370,2.059170,2.061385,4.177303,0.011958,0.060998,0.062212,0.057141,0.063713,0.663462,0.053817,0.659939,0.203174,0.099016,0.130295,0.113761,0.147657,0.031886,0.032109,0.014921,0.042499
13380,2.064449,2.063536,4.182107,0.011524,0.061036,0.062204,0.057093,0.063614,0.661977,0.054310,0.659933,0.203186,0.099484,0.131428,0.113926,0.149038,0.031951,0.031977,0.015532,0.042767
13390,2.062481,2.063613,4.181767,0.012022,0.061089,0.062378,0.057210,0.063819,0.662974,0.054728,0.659933,0.199251,0.098473,0.130888,0.113587,0.148822,0.031967,0.032228,0.015495,0.042226
13400,2.060930,2.064378,4.182770,0.012574,0.061402,0.062453,0.057325,0.063966,0.659492,0.048789,0.659939,0.199286,0.099724,0.132264,0.114535,0.149921,0.032082,0.032267,0.015532,0.042170
13410,2.060887,2.062068,4.177447,0.013194,0.061261,0.062414,0.057203,0.063966,0.659267,0.051085,0.659941,0.198393,0.099210,0.131917,0.114419,0.149608,0.032565,0.032107,0.015927,0.041312
13420,2.063666,2.065017,4.185017,0.011612,0.061118,0.062439,0.057173,0.064153,0.661122,0.053843,0.659917,0.195356,0.098039,0.130958,0.113505,0.148197,0.032233,0.032164,0.015925,0.040551
13430,2.063318,2.061013,4.176458,0.012034,0.061047,0.062486,0.057196,0.064263,0.661270,0.055121,0.659918,0.195565,0.098626,0.131957,0.114402,0.148700,0.032230,0.032239,0.015948,0.039806
13440,2.055025,2.061762,4.178428,0.011593,0.060984,0.062441,0.057173,0.064033,0.660187,0.054099,0.659924,0.193778,0.098488,0.132282,0.115005,0.149136,0.032267,0.032101,0.015847,0.039420
13450,2.060925,2.062136,4.178379,0.012381,0.060837,0.062384,0.057101,0.063850,0.660325,0.052870,0.659926,0.193734,0.098326,0.132426,0.114582,0.149176,0.032233,0.032434,0.015886,0.039979
13460,2.063883,2.060720,4.175792,0.012105,0.060952,0.062510,0.057189,0.064016,0.660098,0.052452,0.659927,0.192531,0.098750,0.132835,0.114923,0.149836,0.032363,0.032145,0.015847,0.039881
13470,2.059455,2.061129,4.177622,0.011109,0.061000,0.062516,0.057162,0.064177,0.660076,0.048330,0.659923,0.193325,0.100502,0.134707,0.116291,0.151308,0.032632,0.032056,0.015857,0.040182
13480,2.061868,2.061342,4.177126,0.012048,0.061013,0.062529,0.057164,0.064288,0.660705,0.047689,0.659817,0.186939,0.099791,0.134021,0.115701,0.149395,0.032588,0.032304,0.015831,0.039314
13490,2.060889,2.065297,4.182856,0.014327,0.061856,0.062461,0.057504,0.064358,0.658529,0.045059,0.659795,0.187438,0.102816,0.134259,0.114540,0.148448,0.039415,0.032038,0.016077,0.042272
13500,2.063712,2.071193,4.180164,0.028930,0.062534,0.062170,0.058417,0.064355,0.644976,0.050523,0.658902,0.185648,0.103552,0.133461,0.114846,0.146143,0.039201,0.032850,0.015304,0.042250
13510,2.071972,2.069030,4.181724,0.023072,0.062218,0.062486,0.058317,0.063883,0.630299,0.052704,0.659438,0.185247,0.105180,0.132248,0.111505,0.146182,0.038771,0.032094,0.016478,0.040091
13520,2.075536,2.075269,4.198430,0.019036,0.061002,0.062420,0.058299,0.064452,0.645542,0.053904,0.659761,0.185889,0.105650,0.133991,0.112268,0.149774,0.047554,0.032110,0.017159,0.042628
13530,2.077214,2.072595,4.185747,0.026288,0.060678,0.062470,0.058065,0.065080,0.642645,0.055056,0.659327,0.184827,0.103758,0.130426,0.109691,0.144909,0.047518,0.031889,0.016117,0.042187
13540,2.068292,2.065227,4.181228,0.015819,0.060442,0.062227,0.057643,0.065071,0.663309,0.079253,0.659651,0.192598,0.102343,0.128774,0.107689,0.143202,0.046993,0.032319,0.016144,0.041816
13550,2.074143,2.066127,4.182471,0.016426,0.060367,0.062141,0.057358,0.064652,0.659798,0.085457,0.659836,0.197712,0.100092,0.129716,0.107339,0.144170,0.046132,0.032352,0.016220,0.041419
13560,2.067266,2.068405,4.181102,0.022426,0.060293,0.062284,0.057042,0.064620,0.656966,0.067971,0.659157,0.182372,0.100387,0.130392,0.107651,0.145904,0.045691,0.032243,0.016233,0.041351
13570,2.065811,2.067406,4.179370,0.022116,0.060448,0.062589,0.057254,0.064448,0.653356,0.050334,0.659028,0.185773,0.101474,0.130247,0.108803,0.147904,0.045152,0.032611,0.016394,0.042738
13580,2.072650,2.067657,4.184541,0.017464,0.061059,0.062346,0.057491,0.064377,0.640120,0.051054,0.659758,0.184430,0.101172,0.128898,0.109282,0.145758,0.041453,0.032899,0.016348,0.041621
13590,2.074290,2.072034,4.189876,0.021024,0.061207,0.062067,0.057870,0.063558,0.635609,0.064016,0.659747,0.191072,0.101171,0.128954,0.108994,0.146153,0.035199,0.031950,0.016378,0.041823
13600,2.070568,2.071146,4.191885,0.017142,0.061173,0.061655,0.058050,0.062976,0.623725,0.056472,0.659626,0.191116,0.100949,0.129950,0.107754,0.145397,0.032280,0.031978,0.016110,0.040894
13610,2.068941,2.064623,4.180425,0.015407,0.061209,0.061341,0.058565,0.062960,0.637920,0.060546,0.659797,0.193375,0.102324,0.130272,0.106914,0.145434,0.032165,0.032098,0.016036,0.040738
13620,2.058751,2.067032,4.186597,0.014135,0.061432,0.061140,0.059161,0.063088,0.636652,0.066590,0.659761,0.197592,0.103823,0.129681,0.106547,0.145567,0.045588,0.031875,0.016010,0.042058
13630,2.060854,2.062240,4.176828,0.014165,0.061336,0.060973,0.059036,0.063119,0.648693,0.061316,0.659801,0.191952,0.104701,0.129632,0.106451,0.148108,0.047521,0.032506,0.016039,0.041800
13640,2.061797,2.063811,4.178035,0.016141,0.061323,0.060863,0.058853,0.063099,0.644680,0.060923,0.659353,0.186677,0.106637,0.129543,0.106644,0.148880,0.047628,0.032094,0.016077,0.041184
13650,2.061365,2.062665,4.178949,0.012906,0.061061,0.061279,0.058577,0.063636,0.651840,0.061240,0.659942,0.191200,0.106322,0.129189,0.105810,0.147318,0.047657,0.032734,0.016040,0.041121
13660,2.061824,2.064081,4.182387,0.012349,0.060923,0.061522,0.058471,0.064223,0.655383,0.060709,0.659940,0.193788,0.105639,0.129173,0.106302,0.146604,0.047662,0.032171,0.016004,0.041609
13670,2.061870,2.064500,4.181908,0.013677,0.060743,0.061613,0.058317,0.064276,0.654003,0.055442,0.659905,0.193119,0.104718,0.129771,0.106589,0.147336,0.047660,0.033303,0.016002,0.041890
13680,2.066501,2.070971,4.183021,0.025705,0.061045,0.061504,0.058388,0.063866,0.653347,0.058833,0.659289,0.187290,0.105151,0.130770,0.107386,0.148656,0.047688,0.032132,0.016028,0.041071
13690,2.061246,2.065919,4.184821,0.013646,0.060918,0.061725,0.058249,0.064168,0.657468,0.058181,0.659817,0.191439,0.104317,0.129951,0.105453,0.147775,0.047705,0.032297,0.016029,0.040637
13700,2.062486,2.063013,4.179584,0.012975,0.060936,0.061506,0.058296,0.064045,0.649567,0.059827,0.659896,0.186684,0.103502,0.128704,0.105186,0.146693,0.047709,0.032093,0.016026,0.040678
13710,2.062549,2.063601,4.180951,0.012796,0.061300,0.061500,0.058293,0.064162,0.652253,0.057637,0.659944,0.184570,0.104167,0.129914,0.105706,0.147280,0.047661,0.032281,0.016020,0.040480
13720,2.064633,2.063286,4.181157,0.011940,0.061501,0.061513,0.058184,0.063934,0.644898,0.059039,0.659941,0.181606,0.103866,0.130907,0.106105,0.148226,0.047650,0.032125,0.016002,0.040614
13730,2.061198,2.062425,4.178341,0.011796,0.061449,0.061300,0.058040,0.063562,0.641262,0.057804,0.659883,0.188510,0.102169,0.131032,0.106865,0.148190,0.047596,0.032321,0.015983,0.041033
13740,2.062728,2.061358,4.172835,0.016362,0.061383,0.061467,0.058075,0.063365,0.620298,0.060267,0.659734,0.177366,0.101168,0.130492,0.107562,0.147907,0.047676,0.032250,0.015967,0.040116
13750,2.064161,2.070668,4.185613,0.022461,0.061592,0.061644,0.057800,0.062614,0.621456,0.062764,0.659506,0.184426,0.103520,0.133297,0.109442,0.151733,0.047658,0.032398,0.015950,0.040803
13760,2.067908,2.069195,4.182107,0.015921,0.061140,0.061880,0.057541,0.063273,0.633732,0.071855,0.659860,0.192087,0.104248,0.133205,0.109661,0.152692,0.047638,0.031914,0.015972,0.041427
13770,2.082070,2.074144,4.191382,0.023761,0.059697,0.061089,0.056982,0.062536,0.614070,0.066373,0.659141,0.190219,0.105808,0.133761,0.109305,0.152356,0.047418,0.032838,0.015884,0.041677
13780,2.065634,2.079178,4.190112,0.035053,0.059664,0.060853,0.056876,0.062315,0.661848,0.069057,0.659149,0.201608,0.103369,0.131139,0.108125,0.146975,0.047878,0.031911,0.016156,0.041388
13790,2.065082,2.069104,4.181967,0.022965,0.059897,0.060946,0.057135,0.062817,0.654289,0.085162,0.659588,0.182843,0.104097,0.128750,0.108553,0.143430,0.047634,0.031861,0.016070,0.041735
13800,2.060862,2.067078,4.181761,0.019062,0.059835,0.060975,0.057334,0.062622,0.631157,0.072244,0.659719,0.203949,0.107653,0.128014,0.109323,0.145034,0.047609,0.031795,0.016190,0.043088
13810,2.066891,2.067622,4.186379,0.015542,0.060353,0.060985,0.058121,0.062347,0.649808,0.065129,0.659925,0.198459,0.108791,0.129611,0.107962,0.147768,0.043972,0.033186,0.015005,0.040926
13820,2.063596,2.065278,4.180842,0.016310,0.060583,0.061093,0.058415,0.062324,0.658810,0.056583,0.660175,0.198462,0.107041,0.129631,0.108753,0.146736,0.036266,0.031805,0.006337,0.040046
13830,2.063088,2.069657,4.184064,0.021994,0.060435,0.061098,0.058263,0.062440,0.655841,0.048132,0.659661,0.193636,0.106128,0.130867,0.109025,0.147304,0.036022,0.031903,0.009001,0.039364
13840,2.061588,2.066215,4.179973,0.019097,0.060442,0.061251,0.058149,0.062761,0.653039,0.058970,0.660020,0.187240,0.105481,0.132570,0.110706,0.149018,0.036827,0.031831,0.009729,0.039392
13850,2.067647,2.065306,4.182996,0.014219,0.060192,0.061268,0.057946,0.062950,0.657115,0.057911,0.660125,0.191631,0.104909,0.132938,0.110728,0.149391,0.035595,0.032666,0.009519,0.040039
13860,2.063818,2.065427,4.177649,0.019826,0.059901,0.061285,0.057646,0.063006,0.658324,0.052932,0.659779,0.199685,0.103020,0.133032,0.109980,0.149096,0.039178,0.031839,0.016051,0.040797
13870,2.062788,2.062993,4.179425,0.013105,0.059469,0.061220,0.057494,0.063008,0.656910,0.053875,0.659732,0.197857,0.100357,0.133587,0.110817,0.150153,0.042573,0.031847,0.016036,0.041882
13880,2.059351,2.064775,4.182981,0.013171,0.059257,0.061199,0.057518,0.063153,0.655287,0.053246,0.659827,0.192989,0.101872,0.132977,0.113072,0.150496,0.032772,0.032564,0.015144,0.040616
13890,2.066604,2.064769,4.183022,0.013115,0.059533,0.061276,0.057333,0.063016,0.657162,0.058988,0.660069,0.191517,0.104124,0.131884,0.111167,0.150065,0.032627,0.031863,0.010426,0.040389
13900,2.063248,2.062839,4.178099,0.014114,0.060097,0.061292,0.057460,0.062933,0.647318,0.054916,0.659785,0.190135,0.105906,0.131905,0.110770,0.150648,0.040608,0.031857,0.015655,0.041141
13910,2.062927,2.063239,4.180489,0.012532,0.060406,0.061194,0.057402,0.062868,0.658650,0.053845,0.659929,0.195164,0.106236,0.131890,0.111367,0.150317,0.046299,0.032184,0.016042,0.041971
13920,2.060370,2.064775,4.182839,0.013306,0.060160,0.060879,0.057194,0.062575,0.656606,0.049900,0.659964,0.192016,0.105335,0.132736,0.112030,0.151690,0.046903,0.032257,0.015679,0.042340
13930,2.057220,2.062855,4.179773,0.012476,0.060273,0.060939,0.057221,0.062861,0.655300,0.051174,0.660005,0.191697,0.105437,0.132617,0.111153,0.151775,0.047074,0.032136,0.015743,0.040968
13940,2.065336,2.063843,4.181075,0.013182,0.060598,0.061353,0.057387,0.063112,0.657220,0.053572,0.659875,0.195915,0.104073,0.132712,0.111204,0.151787,0.047143,0.031812,0.015856,0.041857
13950,2.068162,2.065225,4.184247,0.012819,0.060445,0.061648,0.057419,0.063214,0.653819,0.053115,0.659844,0.194367,0.102936,0.134826,0.113378,0.152434,0.046543,0.031825,0.015763,0.041641
13960,2.063785,2.062314,4.178774,0.012377,0.060279,0.061478,0.057466,0.063218,0.655239,0.057005,0.659950,0.191883,0.102791,0.133548,0.112926,0.150955,0.046234,0.031886,0.015777,0.042050
13970,2.057038,2.064534,4.182697,0.012955,0.060098,0.061394,0.057424,0.063288,0.654168,0.054753,0.659852,0.199912,0.102505,0.133382,0.113202,0.151712,0.044058,0.032064,0.015826,0.042863
13980,2.069829,2.066525,4.186993,0.012715,0.060392,0.061572,0.057638,0.063280,0.655002,0.051293,0.659900,0.198029,0.102964,0.132623,0.112047,0.150539,0.046544,0.031858,0.015969,0.042872
13990,2.065635,2.062976,4.177363,0.015110,0.060779,0.061806,0.057705,0.063428,0.652305,0.055896,0.659732,0.190612,0.103110,0.132913,0.112720,0.151028,0.047540,0.031887,0.015998,0.042730
14000,2.072259,2.066390,4.182918,0.016514,0.060881,0.061821,0.057641,0.063236,0.645585,0.041238,0.659586,0.180767,0.102064,0.135806,0.114150,0.152845,0.047353,0.032011,0.015942,0.042553
14010,2.063560,2.062682,4.175784,0.016112,0.061278,0.062180,0.057582,0.063525,0.651312,0.055747,0.659140,0.187649,0.104252,0.133385,0.113937,0.151445,0.047282,0.032042,0.015923,0.043068
14020,2.065513,2.062886,4.176570,0.015739,0.061764,0.062764,0.057646,0.063174,0.649895,0.060096,0.659806,0.191126,0.104894,0.132310,0.112698,0.150538,0.047456,0.031900,0.015929,0.042934
14030,2.064451,2.067395,4.177930,0.023543,0.062408,0.062779,0.057893,0.063206,0.645891,0.063459,0.659497,0.192957,0.104356,0.131982,0.110940,0.150874,0.047624,0.031825,0.015950,0.042644
14040,2.069056,2.065297,4.182978,0.014230,0.062143,0.062637,0.057693,0.063549,0.640254,0.049294,0.659946,0.188324,0.107136,0.131644,0.109315,0.148210,0.047621,0.031843,0.015936,0.041359
14050,2.065662,2.071629,4.185476,0.024599,0.061039,0.062246,0.056125,0.063758,0.665189,0.059968,0.659322,0.194263,0.104906,0.131758,0.109859,0.145145,0.047521,0.031880,0.015996,0.042053
14060,2.062690,2.065884,4.184243,0.014155,0.059840,0.061679,0.056534,0.063462,0.666530,0.065616,0.659778,0.191029,0.101632,0.132560,0.108958,0.146360,0.047505,0.032033,0.015989,0.042484
14070,2.064245,2.077743,4.185996,0.036478,0.059748,0.061725,0.056601,0.062949,0.654498,0.057390,0.657920,0.174436,0.103638,0.133728,0.109012,0.148886,0.044789,0.031900,0.015966,0.039606
14080,2.065877,2.067527,4.185696,0.016043,0.059948,0.061621,0.056912,0.062689,0.664477,0.049367,0.659933,0.182160,0.105822,0.133128,0.109473,0.149967,0.036906,0.031853,0.013964,0.040838
14090,2.061814,2.063640,4.178461,0.015380,0.060542,0.061579,0.057223,0.062560,0.662403,0.040370,0.659750,0.183592,0.105236,0.133184,0.108083,0.149473,0.042948,0.031810,0.015244,0.040766
14100,2.061548,2.066051,4.185831,0.012910,0.060611,0.061589,0.057216,0.062616,0.666737,0.048275,0.659923,0.188561,0.103602,0.131919,0.107208,0.147944,0.044521,0.032153,0.015378,0.041049
14110,2.065259,2.063224,4.180121,0.012877,0.060433,0.061539,0.057126,0.062829,0.667087,0.058490,0.659851,0.190623,0.102574,0.130193,0.107843,0.146208,0.045161,0.031888,0.015762,0.041933
14120,2.060693,2.062839,4.180714,0.011501,0.060547,0.061782,0.057075,0.063014,0.664928,0.054137,0.659927,0.189958,0.102931,0.130633,0.107839,0.146623,0.043042,0.032039,0.015629,0.041408
14130,2.060504,2.065362,4.185982,0.011362,0.060578,0.061912,0.057076,0.063149,0.662838,0.047970,0.659919,0.190168,0.101994,0.130776,0.108207,0.147555,0.045807,0.031908,0.015983,0.041825
14140,2.060190,2.063013,4.180303,0.012267,0.060625,0.061985,0.057003,0.063036,0.660959,0.046119,0.659890,0.190661,0.101319,0.130557,0.107845,0.147420,0.046512,0.032333,0.015979,0.042151
14150,2.057922,2.063550,4.182055,0.011607,0.060596,0.062100,0.056757,0.063044,0.658490,0.053621,0.659920,0.190028,0.102447,0.130641,0.108007,0.147170,0.046127,0.032031,0.015972,0.041944
14160,2.059891,2.064852,4.184703,0.011599,0.060667,0.062105,0.056789,0.062908,0.652690,0.049798,0.659679,0.187604,0.101743,0.130359,0.108157,0.147738,0.046993,0.032043,0.015972,0.041920
14170,2.056832,2.062139,4.178084,0.012708,0.060962,0.062100,0.056844,0.062871,0.635082,0.051745,0.658907,0.187141,0.102125,0.131950,0.108684,0.150206,0.045666,0.033244,0.015993,0.042013
14180,2.062415,2.063205,4.179581,0.013377,0.061161,0.062384,0.056496,0.062746,0.635147,0.043727,0.659923,0.186210,0.103380,0.134171,0.109548,0.151038,0.044669,0.032043,0.015888,0.040743
14190,2.063242,2.060754,4.175879,0.012098,0.060901,0.062471,0.056429,0.062799,0.634176,0.047114,0.659904,0.184453,0.103189,0.133527,0.106777,0.149844,0.042649,0.032208,0.016137,0.041450
14200,2.064556,2.062353,4.178391,0.012833,0.060853,0.062229,0.056360,0.062964,0.635870,0.048164,0.659867,0.183717,0.104441,0.132484,0.107419,0.149871,0.040004,0.031961,0.016039,0.041444
14210,2.062125,2.063349,4.178633,0.014614,0.060614,0.062157,0.056192,0.062887,0.635651,0.047692,0.659740,0.178731,0.104209,0.131768,0.108052,0.149346,0.034839,0.032138,0.015991,0.039770
14220,2.060185,2.062766,4.180041,0.012019,0.060414,0.062158,0.056311,0.062837,0.645894,0.045915,0.659862,0.184733,0.103848,0.131268,0.108677,0.150120,0.038339,0.031954,0.016033,0.041343
14230,2.067971,2.064234,4.180837,0.014211,0.060517,0.062336,0.056535,0.063126,0.639322,0.041821,0.659973,0.188323,0.102741,0.131053,0.108977,0.149838,0.039797,0.032114,0.015756,0.042001
14240,2.059758,2.064361,4.179632,0.015674,0.062017,0.061954,0.057323,0.062751,0.631132,0.049499,0.659907,0.186408,0.103205,0.132359,0.112389,0.150613,0.036331,0.032700,0.015671,0.041173
14250,2.060925,2.062283,4.177445,0.013636,0.062768,0.061891,0.058031,0.062281,0.646537,0.048895,0.659879,0.189852,0.103743,0.132637,0.113146,0.150953,0.038247,0.031999,0.016012,0.040912
14260,2.063982,2.064789,4.181482,0.014695,0.061638,0.061719,0.057215,0.062111,0.652487,0.048663,0.659867,0.194610,0.106223,0.130861,0.110660,0.146320,0.044777,0.031792,0.016140,0.042530
14270,2.070776,2.066051,4.184363,0.014374,0.060563,0.061543,0.056311,0.061979,0.641267,0.044684,0.659945,0.192390,0.106112,0.130882,0.111231,0.145492,0.044692,0.031911,0.016084,0.042899
14280,2.070053,2.063685,4.177973,0.015942,0.060052,0.061672,0.056140,0.062377,0.636333,0.048329,0.659794,0.195563,0.107013,0.132338,0.110575,0.146917,0.042701,0.031845,0.016122,0.042388
14290,2.057533,2.065127,4.183787,0.013049,0.059806,0.061792,0.056189,0.062926,0.636750,0.044948,0.659872,0.192563,0.107192,0.132523,0.111029,0.146913,0.040857,0.031874,0.016187,0.042324
14300,2.065580,2.063372,4.179864,0.013385,0.060016,0.061897,0.056196,0.063382,0.628863,0.041407,0.659783,0.184770,0.105904,0.132470,0.111304,0.147057,0.038425,0.032280,0.015921,0.042250
14310,2.066224,2.067895,4.183949,0.018496,0.060526,0.061910,0.056404,0.063384,0.634629,0.054756,0.659491,0.188880,0.107261,0.131789,0.108581,0.148750,0.041410,0.031920,0.016025,0.041677
14320,2.063582,2.071230,4.178662,0.030587,0.060707,0.061967,0.056706,0.063678,0.635494,0.043936,0.659054,0.182934,0.105943,0.132502,0.108992,0.149933,0.034104,0.032133,0.014940,0.039305
14330,2.060741,2.064225,4.180947,0.014073,0.061232,0.062231,0.057243,0.063986,0.629830,0.045094,0.659817,0.184603,0.104939,0.131742,0.108671,0.147728,0.032340,0.031841,0.014886,0.038572
14340,2.061585,2.065852,4.185025,0.013001,0.061622,0.062248,0.057318,0.064100,0.612488,0.038212,0.659834,0.179021,0.106293,0.133569,0.108127,0.148507,0.033880,0.031906,0.015915,0.038419
14350,2.065310,2.070145,4.176292,0.030764,0.060920,0.062589,0.056640,0.064598,0.613221,0.049100,0.658940,0.190992,0.108658,0.135356,0.108783,0.148901,0.036451,0.031902,0.016017,0.039794
14360,2.059300,2.067020,4.181764,0.018923,0.060179,0.062537,0.056279,0.064766,0.621854,0.055653,0.659655,0.189371,0.109517,0.135173,0.108390,0.149479,0.034232,0.032164,0.015443,0.040796
14370,2.064518,2.067839,4.184828,0.017527,0.060020,0.062344,0.056187,0.064254,0.623194,0.051053,0.659603,0.189040,0.108717,0.135798,0.107307,0.150895,0.036394,0.031975,0.015872,0.041681
14380,2.060738,2.063712,4.180542,0.013416,0.059867,0.062712,0.056317,0.064262,0.622034,0.056270,0.659917,0.193734,0.107650,0.136674,0.107284,0.151171,0.040018,0.032067,0.016064,0.042473
14390,2.068604,2.065887,4.182655,0.015715,0.059639,0.062951,0.056360,0.064163,0.626319,0.049431,0.659323,0.188111,0.107237,0.136706,0.108673,0.149481,0.035926,0.032012,0.015871,0.041338
14400,2.063698,2.063288,4.179454,0.013639,0.059440,0.062800,0.056318,0.064068,0.634100,0.050643,0.659892,0.193097,0.106900,0.134902,0.108989,0.148465,0.045668,0.031933,0.016225,0.042897
14410,2.065593,2.067124,4.186555,0.014336,0.059344,0.062711,0.056397,0.063681,0.627465,0.045026,0.659841,0.193451,0.108214,0.134465,0.109023,0.149302,0.046195,0.032326,0.016344,0.042875
14420,2.062932,2.062788,4.180494,0.011600,0.059338,0.062670,0.056493,0.063995,0.629255,0.045369,0.659937,0.194492,0.109449,0.136595,0.109195,0.151593,0.046022,0.031945,0.016473,0.043301
14430,2.065885,2.061611,4.177626,0.012075,0.059460,0.062718,0.056615,0.064099,0.630226,0.045937,0.659922,0.192393,0.109620,0.136778,0.108695,0.152580,0.043483,0.031980,0.016041,0.042908
14440,2.060171,2.060543,4.175614,0.011920,0.059896,0.062607,0.056725,0.064215,0.628719,0.048663,0.659948,0.190135,0.112962,0.136399,0.109214,0.153221,0.040849,0.032385,0.015707,0.041580
14450,2.061972,2.063288,4.181448,0.011666,0.060107,0.062608,0.056678,0.064310,0.626467,0.052498,0.659945,0.191770,0.113021,0.136233,0.109022,0.153433,0.040748,0.031879,0.015483,0.040811
14460,2.062631,2.062593,4.179458,0.012241,0.060075,0.062617,0.056615,0.064278,0.629748,0.054184,0.659947,0.193766,0.110449,0.136007,0.108509,0.154155,0.041000,0.032028,0.015778,0.041294
14470,2.057964,2.066174,4.185555,0.013425,0.059629,0.062490,0.056426,0.064394,0.635602,0.051033,0.659932,0.197540,0.107828,0.134692,0.109635,0.150687,0.046200,0.032099,0.016050,0.043140
14480,2.063388,2.062825,4.180426,0.011754,0.060190,0.062567,0.056654,0.064529,0.629828,0.047336,0.659914,0.192587,0.107978,0.135354,0.109261,0.150041,0.046574,0.031941,0.016102,0.042784
14490,2.061605,2.064053,4.183611,0.011066,0.060476,0.062654,0.056617,0.064321,0.632288,0.047773,0.659933,0.194029,0.108165,0.136387,0.108870,0.150819,0.044701,0.032022,0.016070,0.042202
14500,2.062100,2.061162,4.178349,0.010456,0.060519,0.062609,0.056622,0.064181,0.632447,0.047148,0.659941,0.196472,0.108176,0.137065,0.109445,0.151700,0.042481,0.032003,0.016048,0.041943
14510,2.062137,2.061625,4.177739,0.011994,0.060277,0.062664,0.056733,0.064164,0.632141,0.050807,0.659945,0.199452,0.107642,0.137544,0.109756,0.152653,0.046720,0.032099,0.016034,0.042566
14520,2.059237,2.062171,4.178921,0.011929,0.060093,0.062784,0.056807,0.064016,0.632052,0.054196,0.659942,0.202652,0.106135,0.136724,0.108591,0.152351,0.047614,0.031990,0.016091,0.044895
14530,2.064514,2.063290,4.178560,0.014563,0.059944,0.063029,0.056874,0.064625,0.627954,0.052640,0.659679,0.190108,0.107014,0.136381,0.109109,0.153911,0.047563,0.032134,0.016044,0.044004
14540,2.060009,2.063283,4.180921,0.012193,0.059836,0.062956,0.057006,0.064772,0.630559,0.060244,0.659862,0.193260,0.107445,0.135056,0.108724,0.152442,0.047485,0.031953,0.016037,0.045441
14550,2.059669,2.062001,4.177448,0.013057,0.059752,0.062872,0.057102,0.064877,0.631979,0.061676,0.659821,0.198399,0.106218,0.135054,0.108243,0.151658,0.046068,0.032272,0.016137,0.045558
14560,2.060307,2.061345,4.177529,0.011646,0.059609,0.062716,0.057237,0.064617,0.633054,0.058235,0.659941,0.200505,0.106668,0.134683,0.108376,0.150911,0.044627,0.031900,0.016112,0.043996
14570,2.065403,2.063370,4.180295,0.012998,0.058966,0.062357,0.057191,0.065013,0.614902,0.058870,0.659908,0.193584,0.105853,0.134095,0.109546,0.151476,0.044932,0.031788,0.015959,0.043875
14580,2.064274,2.063427,4.181727,0.011683,0.058912,0.062400,0.057021,0.065234,0.627245,0.058461,0.659996,0.193440,0.105971,0.133908,0.110564,0.150362,0.042838,0.032257,0.014605,0.044016
14590,2.063722,2.062387,4.179064,0.012227,0.058958,0.062565,0.056921,0.065384,0.630505,0.053560,0.660018,0.193854,0.105524,0.134299,0.110844,0.150600,0.043796,0.031860,0.014301,0.043539
14600,2.063573,2.061936,4.179828,0.010549,0.059147,0.062572,0.056833,0.065229,0.633209,0.051894,0.660021,0.193451,0.105194,0.135291,0.111307,0.152200,0.043648,0.031995,0.014352,0.042797
14610,2.055665,2.062754,4.181038,0.010996,0.059357,0.062550,0.056826,0.065124,0.632903,0.047259,0.660035,0.191459,0.104996,0.136002,0.111884,0.153402,0.043964,0.031839,0.014247,0.042321
14620,2.060856,2.062721,4.181164,0.010807,0.059415,0.062470,0.056797,0.064942,0.633207,0.049205,0.660043,0.192682,0.105099,0.136196,0.112050,0.154172,0.042409,0.032511,0.013994,0.042482
14630,2.063299,2.061169,4.178668,0.010151,0.059412,0.062425,0.056843,0.064988,0.633054,0.054110,0.660032,0.191841,0.105127,0.135906,0.112097,0.153812,0.043931,0.031827,0.013973,0.041475
14640,2.067765,2.062721,4.181214,0.010761,0.059579,0.062416,0.056954,0.064969,0.633319,0.054151,0.660044,0.192020,0.104458,0.135860,0.112453,0.153768,0.043123,0.032423,0.014606,0.042089
14650,2.062043,2.063135,4.182625,0.010192,0.059756,0.062418,0.056974,0.064939,0.633114,0.055349,0.660044,0.194370,0.103593,0.136176,0.112063,0.153923,0.043738,0.031864,0.014888,0.043058
14660,2.061597,2.060957,4.177419,0.010975,0.059884,0.062447,0.057086,0.064834,0.632618,0.057008,0.660036,0.196239,0.103485,0.135983,0.111761,0.153712,0.041554,0.032152,0.014519,0.043189
14670,2.055421,2.062564,4.180439,0.011219,0.060201,0.062608,0.057210,0.064789,0.633852,0.055535,0.659988,0.196198,0.103897,0.135899,0.111685,0.153910,0.042310,0.031857,0.014461,0.043093
14680,2.062285,2.061549,4.178478,0.011117,0.060346,0.062631,0.057326,0.064985,0.633629,0.052720,0.660004,0.197299,0.103971,0.137323,0.112948,0.155366,0.040362,0.032203,0.014422,0.044140
14690,2.060496,2.059716,4.175794,0.010075,0.060333,0.062657,0.057289,0.065012,0.631877,0.052358,0.659961,0.197326,0.104839,0.137852,0.112936,0.155284,0.041437,0.031879,0.014999,0.044221
14700,2.063608,2.059505,4.174732,0.010710,0.060329,0.062726,0.057218,0.065141,0.631831,0.053287,0.660010,0.197348,0.104452,0.137913,0.112479,0.155236,0.041082,0.032146,0.015108,0.044546
14710,2.062563,2.062589,4.180798,0.010910,0.060433,0.062763,0.057206,0.065256,0.632739,0.057063,0.660021,0.196227,0.104070,0.137883,0.112788,0.155414,0.040943,0.031928,0.014974,0.044279
14720,2.060265,2.061768,4.179452,0.010589,0.060445,0.062715,0.057239,0.065152,0.631836,0.055892,0.659938,0.191228,0.104014,0.137873,0.112351,0.155563,0.042073,0.031989,0.015786,0.043402
14730,2.064219,2.061979,4.179696,0.010772,0.060663,0.062732,0.057283,0.065135,0.631817,0.054421,0.659950,0.188549,0.104817,0.139127,0.113182,0.156061,0.045288,0.032134,0.015926,0.044026
14740,2.062396,2.060879,4.177674,0.010556,0.060817,0.062831,0.057368,0.065638,0.629797,0.055601,0.659954,0.186679,0.105171,0.139226,0.113374,0.155784,0.046860,0.031956,0.015952,0.044360
14750,2.058991,2.063139,4.181084,0.011738,0.060895,0.062832,0.057345,0.065676,0.629465,0.056170,0.659873,0.187155,0.105643,0.139122,0.112630,0.155983,0.046699,0.032046,0.015981,0.044962
14760,2.063080,2.060149,4.177075,0.009666,0.061262,0.062945,0.057498,0.066014,0.628698,0.055739,0.659993,0.187894,0.105376,0.139255,0.112306,0.156023,0.046550,0.032348,0.015882,0.045156
14770,2.065828,2.062527,4.180669,0.010907,0.060789,0.062970,0.057220,0.066085,0.629136,0.054296,0.659935,0.191611,0.105531,0.140339,0.113326,0.156150,0.046337,0.031990,0.016151,0.045905
14780,2.065334,2.062044,4.178037,0.012560,0.060693,0.063365,0.057256,0.066547,0.627839,0.054610,0.659772,0.190324,0.106733,0.138559,0.111555,0.152887,0.043016,0.032019,0.016054,0.045353
14790,2.066453,2.062886,4.179902,0.012409,0.060623,0.063176,0.057424,0.066069,0.625197,0.055061,0.659624,0.185224,0.107318,0.138621,0.112093,0.153979,0.040680,0.032415,0.015569,0.043795
14800,2.131742,2.073181,4.180344,0.032841,0.059955,0.063378,0.057267,0.066096,0.612629,0.061249,0.659591,0.178780,0.107450,0.136936,0.110539,0.154566,0.036430,0.032025,0.015212,0.044421
14810,2.071487,2.070834,4.182246,0.026203,0.059732,0.062366,0.057467,0.065654,0.629363,0.067542,0.659350,0.190560,0.112248,0.138506,0.111308,0.155758,0.045201,0.031963,0.016246,0.048861
14820,2.062900,2.067117,4.182379,0.018517,0.059955,0.061620,0.057561,0.065924,0.607316,0.048941,0.659241,0.192568,0.116482,0.136839,0.108918,0.153341,0.047464,0.032442,0.016080,0.047975
14830,2.062480,2.063481,4.180046,0.013459,0.060378,0.061408,0.057255,0.066358,0.623080,0.055955,0.659713,0.192749,0.113337,0.136454,0.107155,0.152300,0.047618,0.031993,0.016099,0.047015
14840,2.059857,2.067484,4.184861,0.016781,0.061673,0.061252,0.057336,0.066656,0.628298,0.061925,0.659789,0.189988,0.111823,0.133443,0.106292,0.150484,0.046545,0.032309,0.016121,0.044899
14850,2.062002,2.064520,4.178289,0.017334,0.063733,0.061405,0.058034,0.067015,0.635637,0.057355,0.659567,0.187679,0.111475,0.133060,0.108429,0.150974,0.047585,0.031968,0.016269,0.044606
14860,2.063198,2.063431,4.175887,0.016841,0.063414,0.062663,0.057422,0.068296,0.631519,0.057473,0.659750,0.186775,0.108412,0.135049,0.109890,0.154017,0.047538,0.032079,0.016191,0.044089
14870,2.066168,2.065259,4.182763,0.014352,0.062448,0.063687,0.057287,0.068811,0.624470,0.057041,0.659735,0.190412,0.105289,0.137236,0.111120,0.154649,0.047619,0.031953,0.016410,0.044862
14880,2.063266,2.064167,4.182722,0.012179,0.061983,0.064583,0.057193,0.069517,0.619406,0.056925,0.659913,0.191470,0.108526,0.135514,0.110267,0.152298,0.047590,0.032103,0.016281,0.045008
14890,2.063020,2.065984,4.186660,0.009344,0.061660,0.064609,0.057027,0.069794,0.626822,0.065551,0.659923,0.199207,0.109049,0.134842,0.109711,0.151071,0.047494,0.032129,0.016120,0.044978
14900,2.058252,2.071300,4.179222,0.030183,0.061282,0.064190,0.056930,0.069760,0.623509,0.066173,0.658975,0.200008,0.107586,0.136657,0.110246,0.152641,0.047603,0.032205,0.016035,0.044488
14910,2.062503,2.068990,4.180034,0.024679,0.059808,0.063888,0.056226,0.069872,0.623180,0.064242,0.659278,0.195456,0.108006,0.137517,0.111238,0.154190,0.047591,0.032407,0.016076,0.044592
14920,2.062359,2.063338,4.181529,0.011699,0.059248,0.063667,0.055952,0.070164,0.612419,0.065830,0.659838,0.192546,0.106546,0.139533,0.111871,0.155863,0.047619,0.032002,0.016151,0.046132
14930,2.059264,2.061110,4.176672,0.012026,0.059869,0.064074,0.055894,0.070232,0.607521,0.067023,0.659631,0.194150,0.108191,0.138451,0.112170,0.156259,0.047606,0.031992,0.016218,0.045080
14940,2.058691,2.066417,4.189878,0.009608,0.060403,0.064319,0.056000,0.069877,0.628321,0.058346,0.659806,0.188143,0.108199,0.136930,0.111234,0.156423,0.047260,0.032297,0.016123,0.043027
14950,2.070599,2.060642,4.180591,0.007161,0.061823,0.064348,0.056570,0.069583,0.632057,0.060867,0.659926,0.198381,0.108840,0.137082,0.112429,0.156130,0.046745,0.032148,0.016027,0.042135
14960,2.071235,2.063452,4.185553,0.007888,0.061275,0.063843,0.055988,0.068765,0.616928,0.065194,0.659899,0.198968,0.111750,0.136807,0.111982,0.154633,0.043227,0.031962,0.016025,0.042134
14970,2.059478,2.060653,4.179766,0.007995,0.061351,0.063782,0.055916,0.068174,0.611694,0.057517,0.659856,0.190779,0.110033,0.136729,0.111944,0.153501,0.042953,0.031854,0.016024,0.040924
14980,2.057414,2.062812,4.185092,0.007043,0.061449,0.063666,0.056143,0.068091,0.620258,0.056652,0.659812,0.190470,0.108814,0.137394,0.112367,0.153660,0.042822,0.031873,0.016027,0.041017
14990,2.054188,2.058461,4.177076,0.006240,0.061608,0.063640,0.056450,0.067816,0.632541,0.049676,0.659921,0.192028,0.108093,0.137823,0.111703,0.153482,0.044409,0.031875,0.016042,0.042363
15000,2.055311,2.063862,4.188046,0.006247,0.061730,0.063531,0.056393,0.067939,0.635035,0.055996,0.659936,0.194641,0.108035,0.137268,0.111029,0.153929,0.043638,0.032144,0.016101,0.043217
