step,train_loss,eval_loss,first_half_loss,repeated_half_loss,induction_L0H0,induction_L0H1,induction_L0H2,induction_L0H3,induction_L1H0,induction_L1H1,induction_L1H2,induction_L1H3,prev_token_L0H0,prev_token_L0H1,prev_token_L0H2,prev_token_L0H3,prev_token_L1H0,prev_token_L1H1,prev_token_L1H2,prev_token_L1H3
0,nan,4.158932,4.158904,4.158946,0.041648,0.041648,0.041648,0.041648,0.041648,0.041648,0.041648,0.041648,0.059427,0.059427,0.059427,0.059427,0.059427,0.059427,0.059427,0.059427
10,4.159008,4.158912,4.158886,4.158931,0.041648,0.041648,0.041648,0.041648,0.041648,0.041648,0.041648,0.041648,0.059427,0.059427,0.059427,0.059427,0.059427,0.059427,0.059427,0.059427
20,4.158907,4.158942,4.158921,4.158960,0.041648,0.041648,0.041648,0.041648,0.041648,0.041648,0.041648,0.041648,0.059427,0.059427,0.059427,0.059427,0.059427,0.059427,0.059427,0.059427
30,4.158813,4.158958,4.158950,4.158969,0.041648,0.041648,0.041648,0.041648,0.041648,0.041648,0.041648,0.041648,0.059427,0.059427,0.059427,0.059427,0.059427,0.059427,0.059427,0.059427
40,4.158708,4.159035,4.159043,4.159034,0.041648,0.041648,0.041648,0.041648,0.041648,0.041648,0.041648,0.041648,0.059427,0.059427,0.059427,0.059427,0.059427,0.059427,0.059427,0.059427
50,4.159231,4.159001,4.159019,4.158997,0.041648,0.041648,0.041648,0.041648,0.041648,0.041648,0.041648,0.041648,0.059427,0.059427,0.059427,0.059427,0.059427,0.059427,0.059427,0.059427
60,4.159395,4.158923,4.158941,4.158914,0.041648,0.041648,0.041648,0.041648,0.041648,0.041648,0.041648,0.041648,0.059427,0.059427,0.059427,0.059427,0.059427,0.059427,0.059427,0.059427
70,4.158773,4.158897,4.158911,4.158885,0.041648,0.041648,0.041648,0.041648,0.041648,0.041648,0.041648,0.041648,0.059427,0.059427,0.059427,0.059427,0.059427,0.059427,0.059427,0.059427
80,4.159126,4.158876,4.158881,4.158869,0.041648,0.041648,0.041648,0.041648,0.041648,0.041648,0.041648,0.041648,0.059427,0.059427,0.059427,0.059427,0.059427,0.059427,0.059427,0.059427
90,4.159008,4.158900,4.158907,4.158884,0.041648,0.041648,0.041648,0.041648,0.041648,0.041648,0.041648,0.041648,0.059427,0.059427,0.059427,0.059427,0.059427,0.059427,0.059427,0.059427
100,4.158886,4.158897,4.158905,4.158870,0.041648,0.041648,0.041648,0.041648,0.041648,0.041648,0.041648,0.041648,0.059427,0.059427,0.059427,0.059427,0.059427,0.059427,0.059427,0.059427
110,4.158398,4.158855,4.158870,4.158817,0.041648,0.041648,0.041648,0.041648,0.041648,0.041648,0.041648,0.041648,0.059427,0.059427,0.059427,0.059427,0.059427,0.059427,0.059427,0.059427
120,4.158579,4.158857,4.158889,4.158813,0.041648,0.041648,0.041648,0.041648,0.041648,0.041648,0.041648,0.041648,0.059427,0.059427,0.059427,0.059427,0.059427,0.059427,0.059427,0.059427
130,4.159810,4.158890,4.158932,4.158848,0.041648,0.041648,0.041648,0.041648,0.041648,0.041648,0.041648,0.041648,0.059427,0.059427,0.059427,0.059426,0.059427,0.059427,0.059427,0.059427
140,4.158908,4.158966,4.159008,4.158916,0.041648,0.041648,0.041648,0.041648,0.041648,0.041648,0.041648,0.041648,0.059427,0.059426,0.059427,0.059426,0.059427,0.059427,0.059427,0.059427
150,4.157863,4.159029,4.159099,4.158967,0.041648,0.041648,0.041648,0.041648,0.041648,0.041648,0.041648,0.041648,0.059427,0.059426,0.059427,0.059426,0.059427,0.059427,0.059427,0.059427
160,4.158214,4.159048,4.159151,4.158977,0.041648,0.041648,0.041648,0.041648,0.041648,0.041648,0.041648,0.041648,0.059427,0.059426,0.059426,0.059426,0.059427,0.059427,0.059427,0.059427
170,4.159451,4.158972,4.159119,4.158868,0.041648,0.041648,0.041648,0.041648,0.041648,0.041648,0.041648,0.041648,0.059427,0.059426,0.059426,0.059426,0.059427,0.059427,0.059427,0.059427
180,4.158466,4.158888,4.159091,4.158732,0.041648,0.041648,0.041648,0.041648,0.041648,0.041648,0.041648,0.041648,0.059427,0.059426,0.059426,0.059426,0.059427,0.059427,0.059427,0.059427
190,4.158711,4.158760,4.159092,4.158483,0.041648,0.041648,0.041648,0.041648,0.041648,0.041648,0.041648,0.041648,0.059427,0.059426,0.059426,0.059426,0.059427,0.059426,0.059427,0.059427
200,4.158272,4.158563,4.159282,4.157928,0.041648,0.041648,0.041648,0.041648,0.041648,0.041648,0.041648,0.041648,0.059426,0.059425,0.059426,0.059425,0.059426,0.059426,0.059427,0.059426
210,4.156437,4.158228,4.160240,4.156434,0.041648,0.041648,0.041648,0.041648,0.041648,0.041648,0.041648,0.041648,0.059426,0.059425,0.059425,0.059425,0.059426,0.059426,0.059426,0.059426
220,4.153015,4.157979,4.162520,4.153890,0.041648,0.041648,0.041649,0.041648,0.041648,0.041647,0.041648,0.041648,0.059427,0.059425,0.059426,0.059426,0.059427,0.059427,0.059427,0.059427
230,4.156144,4.157822,4.161445,4.154629,0.041649,0.041649,0.041650,0.041649,0.041648,0.041648,0.041648,0.041649,0.059428,0.059426,0.059427,0.059426,0.059428,0.059430,0.059430,0.059428
240,4.155447,4.157503,4.161216,4.154292,0.041651,0.041650,0.041651,0.041649,0.041648,0.041648,0.041648,0.041649,0.059427,0.059425,0.059426,0.059426,0.059431,0.059430,0.059430,0.059429
250,4.153113,4.157154,4.162491,4.152565,0.041652,0.041650,0.041651,0.041650,0.041648,0.041648,0.041648,0.041648,0.059425,0.059424,0.059426,0.059426,0.059432,0.059430,0.059429,0.059429
260,4.153642,4.156970,4.162831,4.151977,0.041654,0.041652,0.041653,0.041651,0.041648,0.041648,0.041648,0.041648,0.059425,0.059423,0.059427,0.059426,0.059434,0.059431,0.059429,0.059431
270,4.157181,4.156948,4.163882,4.151003,0.041656,0.041653,0.041655,0.041653,0.041647,0.041647,0.041648,0.041648,0.059426,0.059422,0.059426,0.059425,0.059440,0.059437,0.059435,0.059431
280,4.140322,4.156616,4.164929,4.149574,0.041660,0.041657,0.041659,0.041655,0.041646,0.041646,0.041646,0.041648,0.059423,0.059418,0.059423,0.059422,0.059445,0.059442,0.059439,0.059433
290,4.155489,4.156596,4.165236,4.149290,0.041662,0.041659,0.041662,0.041658,0.041642,0.041642,0.041643,0.041648,0.059417,0.059413,0.059417,0.059417,0.059458,0.059456,0.059451,0.059443
300,4.153967,4.156125,4.164385,4.149148,0.041663,0.041661,0.041665,0.041660,0.041640,0.041639,0.041641,0.041647,0.059413,0.059409,0.059413,0.059413,0.059469,0.059469,0.059459,0.059450
310,4.155291,4.155351,4.164711,4.147439,0.041665,0.041665,0.041668,0.041663,0.041636,0.041634,0.041638,0.041646,0.059416,0.059411,0.059414,0.059414,0.059481,0.059483,0.059466,0.059452
320,4.149467,4.154998,4.164448,4.147010,0.041667,0.041668,0.041672,0.041665,0.041629,0.041626,0.041634,0.041643,0.059427,0.059418,0.059422,0.059418,0.059504,0.059516,0.059487,0.059460
330,4.155230,4.155198,4.164426,4.147467,0.041676,0.041677,0.041681,0.041672,0.041635,0.041632,0.041640,0.041648,0.059426,0.059418,0.059423,0.059419,0.059505,0.059516,0.059480,0.059457
340,4.156098,4.154792,4.164632,4.146546,0.041681,0.041686,0.041688,0.041678,0.041636,0.041635,0.041641,0.041648,0.059424,0.059410,0.059419,0.059414,0.059507,0.059513,0.059482,0.059461
350,4.158495,4.154477,4.163916,4.146522,0.041684,0.041691,0.041692,0.041683,0.041635,0.041636,0.041643,0.041648,0.059420,0.059403,0.059416,0.059410,0.059509,0.059507,0.059479,0.059464
360,4.149149,4.154982,4.164022,4.147346,0.041689,0.041697,0.041699,0.041688,0.041635,0.041637,0.041645,0.041649,0.059408,0.059397,0.059405,0.059405,0.059506,0.059499,0.059471,0.059462
370,4.156133,4.154122,4.164730,4.145098,0.041689,0.041702,0.041702,0.041691,0.041633,0.041636,0.041645,0.041650,0.059396,0.059382,0.059386,0.059393,0.059505,0.059495,0.059463,0.059459
380,4.152808,4.154064,4.165082,4.144683,0.041690,0.041708,0.041703,0.041694,0.041632,0.041634,0.041647,0.041650,0.059395,0.059381,0.059393,0.059395,0.059509,0.059500,0.059456,0.059456
390,4.136994,4.153698,4.166247,4.142992,0.041691,0.041716,0.041707,0.041698,0.041628,0.041628,0.041646,0.041649,0.059394,0.059376,0.059391,0.059394,0.059508,0.059503,0.059455,0.059456
400,4.143226,4.154353,4.168724,4.142057,0.041699,0.041730,0.041719,0.041706,0.041628,0.041628,0.041646,0.041648,0.059383,0.059364,0.059375,0.059387,0.059509,0.059510,0.059461,0.059465
410,4.143245,4.153508,4.168078,4.141054,0.041709,0.041750,0.041733,0.041719,0.041630,0.041629,0.041649,0.041650,0.059391,0.059366,0.059379,0.059390,0.059519,0.059530,0.059477,0.059472
420,4.153426,4.153568,4.167898,4.141293,0.041719,0.041773,0.041746,0.041733,0.041627,0.041627,0.041651,0.041650,0.059399,0.059364,0.059385,0.059391,0.059538,0.059550,0.059491,0.059473
430,4.154632,4.153195,4.167751,4.140722,0.041733,0.041795,0.041768,0.041751,0.041627,0.041632,0.041654,0.041652,0.059382,0.059341,0.059362,0.059374,0.059529,0.059532,0.059473,0.059466
440,4.153298,4.153399,4.168673,4.140328,0.041741,0.041807,0.041786,0.041764,0.041627,0.041634,0.041654,0.041656,0.059377,0.059336,0.059346,0.059365,0.059546,0.059539,0.059474,0.059463
450,4.159023,4.153905,4.169093,4.140852,0.041753,0.041826,0.041798,0.041778,0.041622,0.041633,0.041655,0.041654,0.059376,0.059327,0.059348,0.059365,0.059568,0.059548,0.059481,0.059473
460,4.154062,4.153394,4.169466,4.139618,0.041759,0.041840,0.041813,0.041788,0.041617,0.041630,0.041653,0.041655,0.059367,0.059304,0.059327,0.059352,0.059587,0.059555,0.059478,0.059483
470,4.141995,4.153860,4.169374,4.140582,0.041774,0.041863,0.041829,0.041806,0.041608,0.041623,0.041650,0.041653,0.059358,0.059290,0.059319,0.059352,0.059601,0.059559,0.059483,0.059488
480,4.152165,4.153018,4.168594,4.139679,0.041795,0.041895,0.041852,0.041830,0.041610,0.041627,0.041652,0.041658,0.059346,0.059274,0.059300,0.059340,0.059599,0.059549,0.059480,0.059482
490,4.142216,4.152744,4.168570,4.139235,0.041810,0.041923,0.041872,0.041851,0.041606,0.041623,0.041650,0.041661,0.059361,0.059278,0.059303,0.059340,0.059614,0.059565,0.059502,0.059483
500,4.152052,4.152615,4.168286,4.139196,0.041832,0.041959,0.041899,0.041880,0.041611,0.041627,0.041655,0.041667,0.059331,0.059241,0.059272,0.059311,0.059605,0.059560,0.059486,0.059479
510,4.140645,4.152827,4.169156,4.138798,0.041866,0.042011,0.041939,0.041920,0.041616,0.041636,0.041664,0.041675,0.059283,0.059190,0.059230,0.059274,0.059602,0.059544,0.059467,0.059476
520,4.155132,4.153361,4.170592,4.138433,0.041883,0.042037,0.041965,0.041943,0.041614,0.041634,0.041670,0.041682,0.059287,0.059215,0.059230,0.059286,0.059601,0.059535,0.059469,0.059476
530,4.157067,4.152463,4.169709,4.137561,0.041919,0.042100,0.042014,0.041989,0.041621,0.041640,0.041680,0.041693,0.059269,0.059183,0.059200,0.059257,0.059615,0.059555,0.059481,0.059484
540,4.156274,4.152984,4.170046,4.138332,0.041969,0.042179,0.042072,0.042045,0.041618,0.041642,0.041685,0.041695,0.059217,0.059092,0.059145,0.059198,0.059617,0.059561,0.059480,0.059489
550,4.144963,4.152696,4.168697,4.138852,0.041996,0.042205,0.042106,0.042077,0.041624,0.041646,0.041698,0.041703,0.059190,0.059068,0.059114,0.059163,0.059606,0.059544,0.059474,0.059476
560,4.151455,4.153117,4.168833,4.139588,0.042026,0.042251,0.042138,0.042107,0.041627,0.041652,0.041709,0.041708,0.059161,0.059017,0.059093,0.059136,0.059613,0.059550,0.059482,0.059479
570,4.147355,4.152866,4.170244,4.137912,0.042072,0.042323,0.042198,0.042160,0.041634,0.041659,0.041719,0.041714,0.059083,0.058909,0.059002,0.059058,0.059592,0.059538,0.059468,0.059486
580,4.144651,4.153164,4.172264,4.136606,0.042123,0.042398,0.042273,0.042221,0.041632,0.041668,0.041719,0.041713,0.059018,0.058826,0.058906,0.058994,0.059580,0.059515,0.059452,0.059495
590,4.115495,4.153100,4.173548,4.135279,0.042170,0.042484,0.042348,0.042288,0.041628,0.041668,0.041718,0.041717,0.058968,0.058727,0.058826,0.058912,0.059563,0.059503,0.059436,0.059504
600,4.145118,4.153288,4.173549,4.135478,0.042228,0.042553,0.042415,0.042352,0.041629,0.041676,0.041727,0.041720,0.058949,0.058731,0.058815,0.058876,0.059521,0.059478,0.059424,0.059489
610,4.147697,4.152564,4.171825,4.135653,0.042318,0.042659,0.042506,0.042433,0.041631,0.041687,0.041735,0.041736,0.058838,0.058612,0.058706,0.058777,0.059515,0.059491,0.059417,0.059463
620,4.140289,4.151899,4.171282,4.134874,0.042401,0.042790,0.042602,0.042531,0.041633,0.041679,0.041748,0.041749,0.058722,0.058436,0.058553,0.058635,0.059467,0.059483,0.059396,0.059440
630,4.116208,4.151740,4.171900,4.133951,0.042499,0.042909,0.042704,0.042632,0.041647,0.041694,0.041772,0.041768,0.058616,0.058328,0.058428,0.058528,0.059379,0.059440,0.059353,0.059416
640,4.132410,4.152159,4.174427,4.132577,0.042554,0.042994,0.042777,0.042694,0.041655,0.041705,0.041776,0.041780,0.058546,0.058201,0.058325,0.058479,0.059390,0.059431,0.059371,0.059442
650,4.146693,4.152103,4.176429,4.130419,0.042638,0.043083,0.042878,0.042783,0.041676,0.041721,0.041795,0.041806,0.058432,0.058095,0.058192,0.058350,0.059317,0.059393,0.059338,0.059417
660,4.149162,4.151149,4.176226,4.128654,0.042811,0.043280,0.043046,0.042930,0.041648,0.041714,0.041789,0.041799,0.058187,0.057846,0.057981,0.058167,0.059174,0.059341,0.059265,0.059418
670,4.150883,4.150329,4.173957,4.129227,0.042884,0.043410,0.043136,0.043012,0.041699,0.041728,0.041834,0.041827,0.058148,0.057760,0.057938,0.058122,0.059140,0.059330,0.059234,0.059410
680,4.150753,4.150760,4.175293,4.128771,0.042959,0.043500,0.043234,0.043094,0.041732,0.041746,0.041834,0.041824,0.058148,0.057753,0.057910,0.058098,0.059136,0.059308,0.059253,0.059418
690,4.137322,4.151036,4.175610,4.128958,0.043109,0.043717,0.043387,0.043264,0.041761,0.041749,0.041856,0.041843,0.058073,0.057583,0.057823,0.058004,0.059163,0.059302,0.059276,0.059411
700,4.142642,4.151930,4.178600,4.127904,0.043252,0.043908,0.043566,0.043423,0.041749,0.041729,0.041868,0.041864,0.057967,0.057422,0.057656,0.057909,0.059075,0.059232,0.059234,0.059425
710,4.141756,4.151552,4.178464,4.127200,0.043411,0.044133,0.043774,0.043629,0.041760,0.041739,0.041869,0.041874,0.057792,0.057158,0.057412,0.057678,0.059002,0.059187,0.059163,0.059435
720,4.148514,4.150837,4.174069,4.129687,0.043628,0.044418,0.044011,0.043883,0.041774,0.041763,0.041856,0.041885,0.057605,0.056920,0.057220,0.057433,0.059045,0.059237,0.059168,0.059408
730,4.147853,4.150613,4.172714,4.130517,0.043777,0.044657,0.044181,0.044059,0.041820,0.041766,0.041894,0.041929,0.057463,0.056676,0.057075,0.057242,0.059062,0.059248,0.059165,0.059387
740,4.151626,4.150159,4.173113,4.129200,0.043970,0.044877,0.044398,0.044248,0.041832,0.041782,0.041916,0.041957,0.057205,0.056360,0.056777,0.056958,0.058976,0.059182,0.059099,0.059332
750,4.150285,4.150490,4.173248,4.129643,0.044193,0.045119,0.044644,0.044465,0.041783,0.041760,0.041872,0.041944,0.056956,0.056115,0.056474,0.056685,0.058811,0.059066,0.058980,0.059267
760,4.148490,4.150574,4.173562,4.129385,0.044343,0.045334,0.044832,0.044674,0.041843,0.041814,0.041900,0.041956,0.056757,0.055866,0.056227,0.056416,0.058823,0.059079,0.058975,0.059291
770,4.132525,4.150611,4.176362,4.126962,0.044519,0.045626,0.045041,0.044876,0.041857,0.041796,0.041909,0.041971,0.056550,0.055493,0.055953,0.056198,0.058787,0.058970,0.058928,0.059293
780,4.129404,4.150422,4.176695,4.126173,0.044742,0.045899,0.045299,0.045116,0.041844,0.041794,0.041891,0.041987,0.056348,0.055265,0.055709,0.055991,0.058601,0.058838,0.058775,0.059281
790,4.150647,4.150430,4.176664,4.126099,0.045009,0.046183,0.045616,0.045368,0.041848,0.041833,0.041885,0.041997,0.056103,0.055071,0.055422,0.055778,0.058445,0.058791,0.058646,0.059245
800,4.142450,4.150746,4.177698,4.125611,0.045303,0.046535,0.045955,0.045703,0.041912,0.041834,0.041936,0.042055,0.055753,0.054690,0.055005,0.055360,0.058372,0.058690,0.058560,0.059195
810,4.149074,4.151004,4.177117,4.126555,0.045489,0.046732,0.046209,0.045924,0.041952,0.041851,0.041956,0.042069,0.055623,0.054594,0.054789,0.055194,0.058441,0.058733,0.058564,0.059199
820,4.140745,4.151449,4.177980,4.126605,0.045697,0.046956,0.046454,0.046148,0.041953,0.041829,0.041974,0.042076,0.055426,0.054386,0.054564,0.054999,0.058418,0.058642,0.058600,0.059181
830,4.139083,4.151490,4.179682,4.124889,0.045902,0.047176,0.046750,0.046421,0.041963,0.041870,0.041978,0.042110,0.055175,0.054134,0.054250,0.054654,0.058299,0.058546,0.058544,0.059162
840,4.149355,4.152440,4.183272,4.123263,0.046192,0.047512,0.047116,0.046721,0.041984,0.041899,0.041999,0.042123,0.054772,0.053712,0.053776,0.054224,0.058076,0.058261,0.058447,0.059071
850,4.134850,4.153255,4.184871,4.123276,0.046536,0.047883,0.047487,0.047063,0.042071,0.041997,0.042072,0.042097,0.054304,0.053279,0.053283,0.053768,0.058087,0.058368,0.058418,0.059064
860,4.147235,4.151988,4.181922,4.123530,0.046733,0.048098,0.047738,0.047302,0.042119,0.041995,0.042119,0.042171,0.054164,0.053179,0.053173,0.053599,0.058206,0.058466,0.058457,0.059078
870,4.139694,4.151938,4.181514,4.123744,0.046882,0.048267,0.047916,0.047482,0.042148,0.042033,0.042128,0.042167,0.053992,0.053075,0.053072,0.053418,0.058306,0.058503,0.058506,0.059068
880,4.134062,4.152156,4.181879,4.123737,0.047179,0.048545,0.048230,0.047763,0.042143,0.042074,0.042117,0.042131,0.053717,0.052930,0.052898,0.053154,0.058241,0.058394,0.058488,0.058967
890,4.150107,4.152369,4.183760,4.122132,0.047502,0.048887,0.048582,0.048107,0.042159,0.042062,0.042137,0.042206,0.053339,0.052549,0.052503,0.052667,0.058069,0.058187,0.058358,0.058787
900,4.142532,4.153790,4.187213,4.121645,0.047891,0.049290,0.049002,0.048518,0.042124,0.042041,0.042097,0.042182,0.052953,0.052166,0.052106,0.052266,0.057875,0.057973,0.058217,0.058609
910,4.145919,4.153719,4.185978,4.122797,0.047899,0.049316,0.049011,0.048523,0.042173,0.042077,0.042128,0.042117,0.052978,0.052201,0.052166,0.052374,0.058024,0.058114,0.058266,0.058546
920,4.113595,4.152020,4.183286,4.121804,0.047843,0.049278,0.048982,0.048528,0.042236,0.042135,0.042182,0.042188,0.053471,0.052784,0.052756,0.052812,0.058008,0.058075,0.058274,0.058487
930,4.145291,4.152215,4.185143,4.120484,0.047993,0.049447,0.049164,0.048635,0.042265,0.042083,0.042239,0.042299,0.053548,0.052986,0.052875,0.052983,0.057735,0.057836,0.058049,0.058242
940,4.146624,4.150790,4.183483,4.119213,0.048058,0.049435,0.049182,0.048589,0.042254,0.042080,0.042199,0.042230,0.053530,0.053075,0.052955,0.053074,0.057713,0.057731,0.057992,0.058186
950,4.137898,4.150678,4.185120,4.117290,0.048028,0.049346,0.049101,0.048512,0.042264,0.042167,0.042169,0.042181,0.053655,0.053277,0.053218,0.053229,0.057627,0.057632,0.057896,0.058120
960,4.146468,4.150699,4.185063,4.117454,0.047889,0.049144,0.048900,0.048274,0.042251,0.042146,0.042147,0.042140,0.053902,0.053716,0.053620,0.053594,0.057441,0.057462,0.057682,0.058024
970,4.130778,4.151156,4.186000,4.117369,0.048096,0.049364,0.049096,0.048507,0.042367,0.042253,0.042206,0.042128,0.053807,0.053767,0.053601,0.053521,0.057103,0.057217,0.057430,0.057835
980,4.135401,4.151140,4.186614,4.116758,0.048342,0.049586,0.049362,0.048740,0.042426,0.042300,0.042211,0.042103,0.053931,0.053991,0.053739,0.053652,0.056869,0.057091,0.057291,0.057716
990,4.141454,4.151591,4.189449,4.114697,0.048650,0.049939,0.049677,0.049090,0.042529,0.042256,0.042306,0.042217,0.053715,0.053773,0.053570,0.053404,0.056625,0.056824,0.057096,0.057491
1000,4.115367,4.152204,4.188632,4.116706,0.048298,0.049482,0.049323,0.048718,0.042515,0.042333,0.042238,0.042134,0.054193,0.054387,0.054079,0.053918,0.056432,0.056619,0.056940,0.057385
1010,4.100778,4.152299,4.191031,4.114458,0.048452,0.049547,0.049393,0.048859,0.042611,0.042522,0.042207,0.042095,0.053874,0.054245,0.053854,0.053591,0.055887,0.055830,0.056544,0.056922
1020,4.133731,4.151157,4.189128,4.114124,0.048437,0.049514,0.049330,0.048839,0.042946,0.042490,0.042536,0.042194,0.053704,0.054196,0.053740,0.053391,0.055531,0.055490,0.056477,0.056646
1030,4.146487,4.150457,4.187848,4.114084,0.048187,0.049206,0.049053,0.048494,0.042940,0.042420,0.042579,0.042214,0.054052,0.054688,0.054197,0.053812,0.055574,0.055838,0.056386,0.056473
1040,4.135205,4.151027,4.190135,4.112764,0.048260,0.049232,0.049136,0.048576,0.042821,0.042477,0.042407,0.042244,0.054206,0.054862,0.054387,0.053971,0.055510,0.055787,0.056388,0.056372
1050,4.145923,4.152070,4.193931,4.110849,0.048350,0.049329,0.049284,0.048695,0.042767,0.042511,0.042293,0.042249,0.054448,0.055082,0.054683,0.054194,0.055147,0.055490,0.056198,0.056137
1060,4.133357,4.151615,4.194943,4.108946,0.048257,0.049217,0.049140,0.048571,0.042867,0.042388,0.042372,0.042156,0.054536,0.055281,0.054827,0.054300,0.054715,0.055197,0.055793,0.055783
1070,4.149516,4.151385,4.192317,4.111234,0.048105,0.049044,0.048930,0.048392,0.043073,0.042381,0.042569,0.042154,0.054681,0.055583,0.055036,0.054474,0.054909,0.055120,0.055802,0.055710
1080,4.145261,4.150815,4.191720,4.110536,0.048494,0.049481,0.049299,0.048860,0.043406,0.042443,0.042831,0.042201,0.054380,0.055263,0.054758,0.054074,0.054705,0.055104,0.055633,0.055594
1090,4.100917,4.152067,4.195529,4.109216,0.049047,0.050080,0.049956,0.049533,0.043270,0.042613,0.042631,0.042156,0.054127,0.054944,0.054480,0.053627,0.054600,0.054883,0.055452,0.055275
1100,4.122058,4.154837,4.202098,4.108115,0.049548,0.050542,0.050461,0.050074,0.043183,0.042686,0.042593,0.042337,0.053967,0.054846,0.054296,0.053390,0.054519,0.054770,0.055360,0.054907
1110,4.144306,4.154726,4.201982,4.107853,0.049426,0.050545,0.050359,0.049959,0.043191,0.042665,0.042550,0.042336,0.054097,0.054906,0.054468,0.053564,0.054915,0.055182,0.055557,0.054983
1120,4.143143,4.153730,4.200294,4.107815,0.049223,0.050332,0.050184,0.049608,0.043309,0.042520,0.042736,0.042276,0.054113,0.054920,0.054402,0.053709,0.054858,0.055168,0.055370,0.055017
1130,4.126550,4.153479,4.200497,4.107182,0.048984,0.050021,0.049962,0.049285,0.043286,0.042540,0.042661,0.042174,0.054437,0.055384,0.054678,0.054065,0.054772,0.055332,0.055183,0.054924
1140,4.132113,4.154708,4.203428,4.106429,0.049073,0.050129,0.050053,0.049354,0.043213,0.042551,0.042569,0.042266,0.054671,0.055634,0.055010,0.054250,0.054980,0.055448,0.055176,0.054709
1150,4.144070,4.151999,4.198975,4.105384,0.048948,0.049919,0.049934,0.049016,0.043275,0.042359,0.042715,0.042345,0.054898,0.055955,0.055269,0.054490,0.054772,0.055452,0.054768,0.054494
1160,4.108988,4.151251,4.197522,4.105538,0.048968,0.049853,0.049925,0.048931,0.043386,0.042493,0.042676,0.042259,0.054940,0.056030,0.055306,0.054508,0.054727,0.055404,0.054709,0.054153
1170,4.131217,4.150950,4.198469,4.103859,0.049208,0.050112,0.050246,0.049205,0.043256,0.042360,0.042719,0.042333,0.054670,0.055757,0.054979,0.054245,0.054855,0.055226,0.054476,0.053872
1180,4.140083,4.150150,4.196327,4.104246,0.048904,0.049766,0.050005,0.048842,0.043157,0.042256,0.042634,0.042319,0.055018,0.056183,0.055404,0.054640,0.055076,0.055411,0.054494,0.054026
1190,4.129100,4.150586,4.198609,4.102840,0.048849,0.049597,0.049883,0.048702,0.043115,0.042371,0.042547,0.042130,0.055009,0.056362,0.055498,0.054665,0.055338,0.055339,0.054411,0.054072
1200,4.152266,4.150483,4.198835,4.102277,0.049180,0.049945,0.050168,0.048999,0.042887,0.042001,0.042565,0.042033,0.054813,0.056156,0.055339,0.054326,0.055660,0.055514,0.053923,0.053723
1210,4.115796,4.149151,4.195490,4.102846,0.049143,0.049857,0.050107,0.048943,0.042601,0.041783,0.042371,0.041896,0.055005,0.056496,0.055610,0.054339,0.056123,0.055496,0.053632,0.053474
1220,4.138628,4.147676,4.193651,4.101762,0.049083,0.049566,0.050033,0.048754,0.042437,0.041801,0.042028,0.041695,0.055197,0.056856,0.055834,0.054460,0.055963,0.055105,0.053911,0.053517
1230,4.141695,4.147227,4.195733,4.098962,0.048988,0.049295,0.049924,0.048508,0.042695,0.042154,0.042015,0.041827,0.055500,0.057213,0.056140,0.054678,0.055470,0.054701,0.054288,0.053370
1240,4.140152,4.148565,4.198665,4.098790,0.049421,0.049782,0.050360,0.048763,0.042592,0.041870,0.042151,0.041889,0.055287,0.056746,0.055989,0.054396,0.056059,0.055016,0.054254,0.052927
1250,4.132678,4.146518,4.195295,4.097826,0.049503,0.049988,0.050460,0.048754,0.042373,0.041636,0.042148,0.041939,0.055367,0.056605,0.056243,0.054307,0.056157,0.054705,0.054013,0.052762
1260,4.075106,4.146195,4.195096,4.097379,0.049310,0.049648,0.050245,0.048268,0.042232,0.041723,0.041643,0.041471,0.055965,0.057154,0.056875,0.054950,0.056002,0.054513,0.053751,0.052347
1270,4.074648,4.151685,4.211849,4.091353,0.049365,0.049695,0.050257,0.048368,0.042142,0.041912,0.041654,0.041740,0.055882,0.056985,0.056970,0.054700,0.056632,0.054400,0.054012,0.052098
1280,4.133114,4.151682,4.211040,4.092055,0.049146,0.049620,0.050125,0.048116,0.041877,0.041466,0.041737,0.041517,0.056333,0.057250,0.057481,0.055127,0.058299,0.055234,0.054080,0.052410
1290,4.131127,4.146845,4.199314,4.094052,0.048890,0.049316,0.049849,0.047588,0.041459,0.040904,0.041341,0.041120,0.056837,0.057955,0.057839,0.055866,0.057706,0.054895,0.053398,0.052322
1300,4.120238,4.145459,4.196668,4.094027,0.048983,0.049486,0.049961,0.047791,0.041441,0.041035,0.040729,0.040890,0.056893,0.058075,0.057910,0.055718,0.056680,0.053966,0.052462,0.051723
1310,4.096502,4.145543,4.197868,4.092970,0.049213,0.049608,0.050164,0.048110,0.041481,0.041241,0.040652,0.040588,0.056457,0.057832,0.057649,0.054990,0.056596,0.053207,0.052233,0.051105
1320,4.138592,4.146216,4.202971,4.089330,0.049277,0.049632,0.050332,0.048176,0.041778,0.041061,0.041327,0.040831,0.056258,0.057479,0.057379,0.054568,0.056666,0.053118,0.052110,0.050886
1330,4.107443,4.143209,4.197581,4.089047,0.048735,0.049021,0.049878,0.047501,0.042307,0.041115,0.041589,0.041009,0.056775,0.057938,0.057507,0.054984,0.055464,0.052459,0.051251,0.050248
1340,4.081846,4.146043,4.205841,4.086384,0.049279,0.049305,0.050141,0.047904,0.042474,0.041464,0.041473,0.041021,0.056330,0.057609,0.057211,0.054326,0.055250,0.051949,0.051705,0.049805
1350,4.121505,4.149437,4.216450,4.082367,0.049264,0.049419,0.049964,0.047909,0.042198,0.041599,0.041183,0.040955,0.056750,0.057549,0.057758,0.054478,0.057171,0.052470,0.053007,0.050295
1360,4.139444,4.146544,4.207838,4.084930,0.049183,0.049282,0.049591,0.047525,0.041179,0.040944,0.040215,0.040233,0.057466,0.058121,0.058685,0.055288,0.058381,0.053394,0.052574,0.050303
1370,4.084319,4.142352,4.200673,4.083915,0.049418,0.049465,0.049739,0.047750,0.040675,0.040299,0.040066,0.040206,0.057503,0.058067,0.058855,0.054930,0.058308,0.053362,0.051738,0.049455
1380,4.089019,4.144516,4.207107,4.081762,0.049867,0.050036,0.049965,0.048353,0.040425,0.040095,0.039813,0.040291,0.057050,0.057609,0.058678,0.054015,0.058878,0.053613,0.051848,0.049068
1390,4.118901,4.147810,4.212842,4.082293,0.050094,0.050283,0.049955,0.048638,0.040289,0.040096,0.039200,0.039963,0.056736,0.057459,0.058913,0.053528,0.059570,0.053861,0.051731,0.049073
1400,4.099562,4.154299,4.228349,4.079720,0.050442,0.050613,0.050061,0.048889,0.040393,0.039979,0.039704,0.039836,0.056668,0.057479,0.059300,0.053470,0.061014,0.054574,0.052851,0.049980
1410,4.119117,4.151463,4.219872,4.082226,0.050303,0.050605,0.049671,0.048566,0.039303,0.039626,0.038348,0.038973,0.056653,0.057927,0.059738,0.053862,0.061150,0.054025,0.051663,0.050161
1420,4.118903,4.144694,4.206676,4.081826,0.049846,0.050236,0.048900,0.047980,0.038997,0.038770,0.037792,0.038133,0.056734,0.058019,0.060080,0.053926,0.059329,0.052242,0.049268,0.048817
1430,4.085786,4.141951,4.203465,4.079700,0.048894,0.049251,0.047782,0.046951,0.039129,0.038839,0.037393,0.037844,0.057475,0.058959,0.061163,0.054604,0.058635,0.051502,0.049073,0.048386
1440,4.093988,4.146746,4.217155,4.075285,0.049037,0.049405,0.047724,0.047047,0.039563,0.038911,0.037635,0.037925,0.058055,0.059413,0.061989,0.054984,0.058803,0.052076,0.050271,0.049066
1450,4.137793,4.143524,4.211767,4.074524,0.048528,0.049086,0.047164,0.046292,0.040034,0.039168,0.038049,0.038327,0.058746,0.060051,0.062646,0.056121,0.056798,0.051182,0.049296,0.047994
1460,4.128195,4.136975,4.199058,4.074039,0.047831,0.048460,0.046343,0.045587,0.040094,0.039318,0.037844,0.038430,0.058929,0.060232,0.063236,0.055929,0.054900,0.049580,0.047629,0.046743
1470,4.070678,4.138502,4.205631,4.070415,0.047498,0.048143,0.045988,0.045136,0.040335,0.039064,0.038449,0.038160,0.059177,0.060542,0.063868,0.056105,0.055631,0.049712,0.048376,0.046905
1480,4.111183,4.143932,4.220351,4.066735,0.047264,0.047883,0.045725,0.044797,0.040645,0.039648,0.038902,0.038447,0.059869,0.061294,0.064873,0.056699,0.056650,0.049852,0.049204,0.047093
1490,4.063731,4.145634,4.224383,4.065661,0.046985,0.047427,0.044940,0.044570,0.040136,0.039165,0.038391,0.038358,0.060652,0.062103,0.066521,0.057171,0.057712,0.050202,0.048936,0.046973
1500,4.098769,4.141984,4.218876,4.063792,0.046759,0.047242,0.044334,0.044313,0.040149,0.038587,0.038604,0.038620,0.061406,0.062693,0.067492,0.057943,0.057108,0.050619,0.047788,0.046720
1510,4.086647,4.137998,4.208104,4.066691,0.046417,0.047002,0.043826,0.043709,0.040426,0.038400,0.038337,0.038049,0.061967,0.063183,0.067954,0.058931,0.055674,0.049520,0.046738,0.046195
1520,4.104828,4.138477,4.211220,4.064985,0.046334,0.046773,0.043408,0.043717,0.040604,0.038385,0.037829,0.037349,0.061885,0.063439,0.068515,0.058416,0.054698,0.048544,0.046305,0.045264
1530,4.099750,4.150034,4.237386,4.062194,0.046465,0.046850,0.043263,0.044056,0.041214,0.039683,0.038256,0.037883,0.062743,0.064441,0.069784,0.058787,0.056463,0.049394,0.048311,0.045976
1540,4.048565,4.147927,4.233756,4.061705,0.045871,0.046309,0.042356,0.043351,0.040503,0.039529,0.038051,0.038176,0.063350,0.064865,0.070589,0.059469,0.057229,0.049534,0.047823,0.045667
1550,4.141904,4.150231,4.241316,4.058156,0.045883,0.046146,0.041831,0.043051,0.040640,0.039538,0.038941,0.038429,0.063591,0.064949,0.071100,0.059967,0.057218,0.049754,0.048294,0.045846
1560,4.092593,4.144166,4.231057,4.056406,0.045310,0.045686,0.041020,0.042795,0.040624,0.039298,0.038707,0.038869,0.063863,0.064766,0.071820,0.059738,0.055610,0.047886,0.046588,0.044009
1570,4.075003,4.136029,4.213507,4.057681,0.044420,0.044735,0.039967,0.042031,0.039865,0.038352,0.037728,0.037709,0.064135,0.065353,0.072629,0.059976,0.055383,0.046512,0.045728,0.042940
1580,4.064612,4.135115,4.211757,4.057618,0.043863,0.044267,0.039191,0.041504,0.039401,0.038665,0.036654,0.036824,0.064702,0.065882,0.073495,0.060412,0.054929,0.045113,0.045789,0.042278
1590,4.069779,4.137163,4.217384,4.056606,0.043698,0.044271,0.038998,0.041476,0.040093,0.039704,0.036490,0.037102,0.065659,0.066741,0.074770,0.061235,0.055020,0.044950,0.046360,0.041777
1600,4.113863,4.154237,4.255492,4.052806,0.044076,0.044717,0.039378,0.041963,0.041338,0.041271,0.037629,0.038373,0.066863,0.067778,0.076250,0.062294,0.057223,0.045851,0.048483,0.042410
1610,4.097571,4.153315,4.255099,4.051189,0.043799,0.044379,0.038786,0.041764,0.041031,0.040778,0.037880,0.038832,0.067325,0.068329,0.077428,0.062532,0.057201,0.045833,0.047003,0.042561
1620,4.112450,4.146554,4.241773,4.051139,0.043459,0.044280,0.038241,0.041621,0.040883,0.039594,0.038061,0.038075,0.067369,0.068105,0.077657,0.061980,0.054537,0.045347,0.044416,0.042102
1630,4.070450,4.136441,4.220817,4.051557,0.042926,0.043879,0.037415,0.041291,0.040277,0.039460,0.037674,0.038202,0.067677,0.068174,0.078397,0.061733,0.053435,0.044809,0.043234,0.040970
1640,4.092998,4.134826,4.215914,4.053385,0.042107,0.043025,0.036495,0.040638,0.040500,0.038360,0.037031,0.037355,0.068250,0.069035,0.079191,0.062236,0.052314,0.044134,0.042527,0.040242
1650,4.107244,4.139162,4.228350,4.049967,0.041955,0.042672,0.036106,0.040315,0.041444,0.039164,0.036642,0.036696,0.068584,0.070045,0.080248,0.062841,0.051412,0.042928,0.043017,0.039982
1660,4.112003,4.138927,4.228083,4.049831,0.041857,0.042550,0.035621,0.040188,0.041362,0.039898,0.036188,0.036412,0.068952,0.070612,0.081348,0.063391,0.051890,0.042930,0.042761,0.039313
1670,4.077214,4.132856,4.216571,4.049592,0.041497,0.042159,0.034840,0.040067,0.041002,0.039673,0.036472,0.036827,0.068921,0.070673,0.080960,0.063310,0.051269,0.041956,0.040974,0.038057
1680,4.060977,4.138068,4.231674,4.044683,0.041481,0.042376,0.034609,0.040500,0.041429,0.040174,0.037381,0.037143,0.069280,0.070657,0.081234,0.063137,0.051888,0.041533,0.041248,0.038225
1690,4.117207,4.153391,4.263361,4.043364,0.041834,0.042918,0.034810,0.040952,0.042607,0.042079,0.038681,0.038045,0.070263,0.071599,0.082556,0.064050,0.054369,0.042937,0.043515,0.039769
1700,4.132323,4.138256,4.230586,4.045858,0.041548,0.042420,0.034142,0.040442,0.041449,0.039873,0.037942,0.037002,0.070241,0.071627,0.083423,0.063792,0.053056,0.041997,0.040334,0.038275
1710,4.115338,4.133424,4.229513,4.037931,0.041409,0.041932,0.033559,0.039950,0.041358,0.040195,0.038297,0.037711,0.070705,0.072101,0.083440,0.063835,0.050846,0.039919,0.038531,0.036311
1720,4.056808,4.127688,4.223292,4.032870,0.040628,0.041014,0.032647,0.038757,0.042206,0.041566,0.038520,0.038363,0.071450,0.073382,0.084275,0.064664,0.048404,0.038028,0.036968,0.034346
1730,4.078100,4.131608,4.236688,4.026730,0.039891,0.040222,0.032136,0.038015,0.043484,0.042798,0.039605,0.038668,0.072897,0.074758,0.085671,0.065334,0.048606,0.038097,0.036927,0.034341
1740,4.095067,4.130412,4.227691,4.032809,0.039043,0.039231,0.031711,0.037289,0.042103,0.040627,0.038673,0.036559,0.073887,0.075598,0.087466,0.065818,0.050510,0.038444,0.037024,0.034899
1750,4.135915,4.133217,4.237356,4.029251,0.039260,0.039254,0.031738,0.037383,0.041637,0.041518,0.038182,0.037065,0.075219,0.077004,0.088914,0.067551,0.052102,0.038402,0.038025,0.034788
1760,4.022443,4.134446,4.246526,4.022489,0.039755,0.039655,0.032118,0.038055,0.042858,0.042818,0.038695,0.038413,0.075033,0.077222,0.088505,0.067504,0.050581,0.038031,0.037938,0.034313
1770,4.047464,4.135665,4.251017,4.020236,0.039585,0.039541,0.032036,0.037972,0.043501,0.043520,0.039124,0.038634,0.075835,0.077164,0.088932,0.067837,0.050618,0.037556,0.037505,0.033832
1780,4.074115,4.133014,4.237145,4.028246,0.038724,0.038495,0.031378,0.037297,0.042758,0.040560,0.037877,0.036234,0.075785,0.078061,0.090449,0.067283,0.049140,0.036825,0.036132,0.033181
1790,4.046237,4.131391,4.227911,4.034277,0.037640,0.037466,0.030742,0.036685,0.041665,0.038510,0.036173,0.033742,0.076489,0.078828,0.092162,0.066446,0.049066,0.035522,0.035199,0.032251
1800,4.061178,4.121629,4.224344,4.018963,0.037150,0.037019,0.030705,0.036500,0.043110,0.041329,0.037442,0.035475,0.077056,0.079050,0.091802,0.066734,0.046002,0.032945,0.033254,0.030089
1810,4.041480,4.129942,4.249051,4.010910,0.036706,0.036619,0.030641,0.036260,0.045033,0.043491,0.038160,0.036360,0.078409,0.080486,0.092774,0.067704,0.044962,0.032601,0.033650,0.030123
1820,4.046845,4.135355,4.255813,4.014066,0.036220,0.036209,0.030642,0.036007,0.044826,0.043097,0.038015,0.035343,0.079369,0.081451,0.093694,0.068106,0.046288,0.033174,0.034322,0.030981
1830,4.009089,4.134398,4.254674,4.013360,0.036163,0.036190,0.030714,0.036103,0.043906,0.042181,0.038262,0.035020,0.080123,0.081433,0.094282,0.068201,0.047855,0.033512,0.034253,0.030718
1840,4.074984,4.131652,4.247458,4.015685,0.035643,0.035558,0.030547,0.035479,0.042991,0.039821,0.037005,0.033980,0.080229,0.082036,0.095304,0.068478,0.047802,0.032797,0.033745,0.029849
1850,4.021912,4.128070,4.235026,4.020999,0.035263,0.035277,0.030264,0.035200,0.042564,0.038555,0.036018,0.032432,0.080712,0.082608,0.096215,0.068141,0.047357,0.032093,0.032680,0.029165
1860,4.035466,4.140897,4.260526,4.020771,0.035006,0.035068,0.030013,0.034944,0.042719,0.039055,0.035710,0.031879,0.081570,0.082684,0.097165,0.068531,0.047006,0.031124,0.031626,0.028325
1870,4.056248,4.139316,4.265482,4.013209,0.035065,0.035068,0.030195,0.034964,0.043514,0.041540,0.036460,0.033214,0.083202,0.084331,0.098156,0.069747,0.049230,0.032167,0.032892,0.028884
1880,4.018012,4.131535,4.243937,4.018439,0.034246,0.034265,0.030034,0.034341,0.043020,0.038649,0.035453,0.032117,0.083574,0.085444,0.099309,0.070746,0.046834,0.031399,0.031665,0.028594
1890,4.093936,4.131796,4.241542,4.021484,0.033664,0.033823,0.029895,0.033694,0.042678,0.037139,0.034169,0.031230,0.085500,0.087112,0.101565,0.072361,0.046039,0.030918,0.031426,0.028122
1900,4.064468,4.124347,4.240731,4.007900,0.033728,0.034063,0.029946,0.034099,0.044540,0.039153,0.034919,0.031905,0.085772,0.087237,0.101157,0.072367,0.043111,0.029933,0.030725,0.027516
1910,4.054475,4.116770,4.246201,3.987639,0.034201,0.034578,0.030221,0.034959,0.046591,0.043024,0.037382,0.034688,0.084987,0.086479,0.099369,0.071173,0.041052,0.028746,0.029654,0.026722
1920,4.120468,4.115044,4.234229,3.995837,0.033864,0.034286,0.030132,0.034705,0.046561,0.041475,0.036781,0.033162,0.086048,0.087421,0.099931,0.071044,0.040859,0.028469,0.029059,0.026731
1930,4.077216,4.111199,4.242704,3.979235,0.033821,0.034195,0.030325,0.034556,0.049330,0.045486,0.038948,0.035762,0.086612,0.087839,0.100115,0.071746,0.039279,0.028120,0.028420,0.026524
1940,4.075647,4.103983,4.237247,3.970868,0.033713,0.034283,0.030221,0.034601,0.050045,0.046536,0.040409,0.037551,0.087046,0.088403,0.101671,0.072058,0.039010,0.028235,0.028486,0.026706
1950,4.023817,4.107715,4.228806,3.987242,0.032836,0.033729,0.029795,0.034043,0.048387,0.041558,0.037149,0.033735,0.088112,0.088880,0.103915,0.071669,0.038404,0.027893,0.028222,0.026434
1960,4.067187,4.129035,4.264370,3.992927,0.032599,0.033516,0.029738,0.033907,0.048490,0.040246,0.035955,0.031765,0.089024,0.089764,0.104951,0.071950,0.039892,0.029108,0.029583,0.027496
1970,4.001747,4.129040,4.258978,3.998512,0.032448,0.033386,0.029744,0.033803,0.046812,0.038657,0.034297,0.031525,0.090638,0.092026,0.106416,0.072370,0.040950,0.029217,0.029744,0.027511
1980,4.048693,4.131062,4.255285,4.006636,0.032292,0.033304,0.029680,0.033929,0.044925,0.036011,0.032566,0.030658,0.090579,0.091947,0.106510,0.071463,0.039679,0.028466,0.028746,0.026739
1990,4.121752,4.117848,4.243940,3.992719,0.032309,0.033458,0.029657,0.033773,0.044986,0.037403,0.033276,0.031755,0.089861,0.091073,0.105729,0.070856,0.038604,0.027314,0.027275,0.025714
2000,4.073727,4.098250,4.236637,3.961950,0.032301,0.033698,0.029813,0.033560,0.048167,0.042563,0.036161,0.036856,0.089887,0.090004,0.103676,0.071855,0.036153,0.026127,0.026343,0.024974
2010,4.062210,4.121747,4.253200,3.990610,0.032152,0.033536,0.029943,0.033410,0.048363,0.039229,0.033388,0.032837,0.091294,0.091345,0.104819,0.073081,0.037626,0.027917,0.028213,0.026302
2020,4.058873,4.108967,4.243255,3.974791,0.031862,0.033354,0.029895,0.033065,0.049219,0.041439,0.035046,0.035288,0.092576,0.092591,0.107483,0.074180,0.037305,0.028085,0.027741,0.026254
2030,4.008002,4.104164,4.242175,3.966678,0.031610,0.033287,0.029832,0.032943,0.049202,0.043043,0.034963,0.035355,0.093054,0.092296,0.107174,0.074245,0.036499,0.027326,0.027459,0.025914
2040,4.064449,4.109377,4.265875,3.952935,0.031905,0.033680,0.029818,0.033336,0.049809,0.044299,0.036585,0.035936,0.092537,0.092072,0.106147,0.074289,0.036822,0.027138,0.027598,0.025646
2050,3.997233,4.128364,4.275517,3.979606,0.031633,0.033500,0.029616,0.033360,0.047168,0.038780,0.033815,0.031807,0.092695,0.092752,0.107646,0.073532,0.037771,0.027615,0.027714,0.025908
2060,3.990292,4.127119,4.271570,3.981811,0.031556,0.033447,0.029566,0.033569,0.046747,0.038619,0.032781,0.030867,0.092750,0.092531,0.107695,0.072867,0.037531,0.027581,0.027820,0.026106
2070,4.024058,4.135967,4.275267,3.995557,0.031684,0.033833,0.029368,0.033837,0.045230,0.035730,0.031712,0.028893,0.092648,0.092903,0.109731,0.072729,0.038662,0.027804,0.027485,0.026092
2080,4.063618,4.139806,4.256166,4.022960,0.031634,0.033743,0.029182,0.034292,0.043287,0.032327,0.029471,0.027122,0.092646,0.092835,0.110839,0.070461,0.037649,0.027292,0.026885,0.025565
2090,4.120714,4.145088,4.266467,4.024161,0.031675,0.033830,0.029071,0.034455,0.043556,0.032288,0.029107,0.027441,0.093455,0.092637,0.112879,0.069883,0.036329,0.026483,0.026208,0.024694
2100,3.980101,4.122572,4.265621,3.980458,0.032344,0.034653,0.029283,0.035048,0.048094,0.037918,0.032720,0.029887,0.092758,0.091945,0.110281,0.070333,0.035289,0.026028,0.025971,0.024280
2110,4.064317,4.130610,4.279521,3.981532,0.032428,0.034888,0.029147,0.035058,0.048089,0.039054,0.032789,0.030101,0.092997,0.092360,0.110237,0.071142,0.035813,0.026216,0.026436,0.024671
2120,4.046220,4.124334,4.247942,4.001230,0.031906,0.034316,0.028701,0.034663,0.046397,0.036330,0.030729,0.028612,0.093352,0.093342,0.111729,0.070760,0.035612,0.026675,0.026588,0.025127
2130,4.071009,4.124207,4.247512,4.002465,0.031493,0.034113,0.028398,0.034498,0.047232,0.035308,0.029879,0.028235,0.093992,0.092783,0.112737,0.070066,0.034831,0.026281,0.025922,0.024622
2140,4.075051,4.143749,4.277052,4.010462,0.031368,0.034021,0.028531,0.034357,0.047444,0.035381,0.029626,0.027664,0.094317,0.092630,0.112522,0.070018,0.035130,0.026203,0.025829,0.024602
2150,4.109365,4.119983,4.268838,3.971441,0.031475,0.034002,0.028873,0.034390,0.048778,0.040547,0.032606,0.030568,0.094769,0.093433,0.111608,0.070500,0.035421,0.025795,0.025944,0.024395
2160,4.067633,4.117160,4.265433,3.968556,0.031406,0.033814,0.028905,0.034642,0.047865,0.039841,0.033104,0.031230,0.093677,0.093235,0.110964,0.069864,0.034494,0.025298,0.025567,0.024023
2170,3.965395,4.130068,4.287042,3.972470,0.031194,0.033611,0.028778,0.034527,0.046710,0.038482,0.032577,0.030853,0.095317,0.093903,0.111649,0.070103,0.034088,0.025033,0.025620,0.024100
2180,4.018744,4.131870,4.277613,3.985227,0.031246,0.033665,0.028564,0.034481,0.045306,0.036797,0.030854,0.029509,0.095627,0.094764,0.113096,0.070407,0.034265,0.025612,0.026167,0.024457
2190,4.031168,4.115196,4.247089,3.984376,0.031004,0.033311,0.028342,0.034342,0.045892,0.035582,0.030621,0.030030,0.096204,0.095707,0.114552,0.069825,0.032936,0.025430,0.025603,0.024150
2200,4.029483,4.121612,4.257405,3.987387,0.030713,0.033175,0.027976,0.034259,0.046288,0.034887,0.030567,0.029772,0.096322,0.095147,0.115539,0.069240,0.032216,0.024907,0.024885,0.023702
2210,3.976332,4.130062,4.278902,3.982541,0.030966,0.033568,0.028097,0.034538,0.047558,0.036606,0.031045,0.030027,0.096448,0.095523,0.114285,0.069690,0.033448,0.024944,0.025163,0.023821
2220,4.067598,4.135884,4.291670,3.979639,0.031375,0.034123,0.028207,0.034809,0.048816,0.038083,0.031342,0.030388,0.095521,0.095374,0.113531,0.070214,0.034400,0.025792,0.026050,0.024506
2230,4.119474,4.115556,4.256525,3.975243,0.031031,0.033744,0.028071,0.034996,0.047990,0.038094,0.031114,0.030213,0.095743,0.095149,0.114400,0.068993,0.033385,0.025488,0.025736,0.024281
2240,3.988892,4.106105,4.252119,3.962692,0.030603,0.033167,0.028090,0.034988,0.048396,0.039626,0.033250,0.032395,0.096551,0.095195,0.115082,0.068749,0.031513,0.024680,0.025155,0.023593
2250,4.009675,4.131662,4.274055,3.990740,0.030590,0.033130,0.028026,0.034982,0.046798,0.035921,0.031845,0.029520,0.097684,0.095951,0.116924,0.069718,0.032503,0.025541,0.025789,0.024450
2260,3.970882,4.171780,4.274419,4.068354,0.030297,0.032750,0.027898,0.034844,0.043388,0.031454,0.027431,0.026109,0.099371,0.097202,0.118018,0.069547,0.035446,0.026890,0.026893,0.025895
2270,4.013611,4.152419,4.276877,4.030638,0.030238,0.032873,0.027666,0.034902,0.043225,0.031997,0.027934,0.026601,0.098582,0.096395,0.117804,0.068578,0.033795,0.025563,0.025398,0.024217
2280,4.060926,4.154113,4.310160,3.999638,0.030443,0.033286,0.027961,0.035339,0.045492,0.034983,0.029361,0.027967,0.096449,0.095460,0.115612,0.068792,0.032874,0.024910,0.025203,0.023818
2290,3.957834,4.143023,4.287663,3.999111,0.030343,0.033145,0.027958,0.035380,0.045060,0.034368,0.029771,0.028314,0.095721,0.096003,0.115242,0.068436,0.032901,0.024752,0.025175,0.023745
2300,4.009716,4.145324,4.293753,3.997377,0.030487,0.033245,0.028027,0.035471,0.043976,0.034367,0.029016,0.028236,0.097097,0.095889,0.114665,0.068666,0.033856,0.024879,0.025417,0.023904
2310,4.000371,4.117379,4.246119,3.990739,0.030251,0.032854,0.027756,0.035503,0.045433,0.034058,0.029957,0.028726,0.096821,0.095714,0.115859,0.067353,0.032005,0.024565,0.024523,0.023329
2320,4.028851,4.111990,4.250708,3.975934,0.030284,0.032773,0.027836,0.035560,0.048089,0.036301,0.031384,0.030064,0.096282,0.095127,0.114818,0.067181,0.031310,0.024272,0.024342,0.023140
2330,3.974732,4.134724,4.283792,3.986764,0.030373,0.033098,0.027757,0.035486,0.047382,0.035581,0.030498,0.029125,0.097639,0.096046,0.116461,0.068506,0.032663,0.025104,0.025257,0.023897
2340,3.944307,4.136873,4.279407,3.994895,0.030274,0.033149,0.027592,0.035198,0.046716,0.034789,0.029414,0.028187,0.098927,0.097696,0.118179,0.069563,0.032850,0.025304,0.025394,0.024088
2350,3.948883,4.107350,4.287675,3.927941,0.030694,0.033551,0.028159,0.035657,0.052284,0.043720,0.035895,0.034389,0.097883,0.097624,0.115545,0.070583,0.031321,0.024415,0.024779,0.023606
2360,4.023540,4.103894,4.266456,3.943135,0.030310,0.032973,0.027952,0.035331,0.048756,0.039933,0.034787,0.032857,0.098862,0.098381,0.117693,0.070152,0.030841,0.024337,0.024445,0.023472
2370,4.034866,4.104003,4.248122,3.962061,0.030180,0.032600,0.027752,0.035398,0.048157,0.037957,0.032242,0.030374,0.098994,0.098262,0.118157,0.068843,0.030818,0.024572,0.024384,0.023664
2380,4.030519,4.112289,4.268947,3.958456,0.030111,0.032552,0.027758,0.035564,0.049291,0.038370,0.031985,0.031112,0.099401,0.097576,0.117936,0.068479,0.030377,0.024352,0.024097,0.023308
2390,3.997686,4.143785,4.278250,4.009789,0.029751,0.032233,0.027733,0.035413,0.045305,0.034177,0.028371,0.027702,0.100555,0.098310,0.118922,0.068137,0.032272,0.025020,0.024664,0.023882
2400,4.038715,4.130001,4.273097,3.988140,0.029808,0.032477,0.027787,0.035689,0.046093,0.035152,0.029101,0.028564,0.099619,0.097893,0.118547,0.067261,0.031300,0.024391,0.024023,0.023174
2410,4.035802,4.079720,4.241647,3.920280,0.030199,0.032776,0.028335,0.036416,0.053810,0.043356,0.035887,0.034999,0.097246,0.096499,0.115706,0.065729,0.029031,0.023231,0.022823,0.022189
2420,4.038599,4.086442,4.251831,3.922992,0.030276,0.032762,0.028603,0.036314,0.055264,0.045935,0.037376,0.036049,0.097519,0.096404,0.115089,0.066366,0.029319,0.023429,0.022978,0.022517
2430,4.035989,4.103648,4.249327,3.959250,0.029752,0.032165,0.028261,0.035507,0.049638,0.039302,0.031551,0.030833,0.099825,0.098218,0.119057,0.066733,0.030701,0.024052,0.023593,0.022989
2440,4.014171,4.114623,4.253604,3.976441,0.029281,0.031826,0.027977,0.035419,0.046734,0.036219,0.029952,0.029189,0.100209,0.099038,0.120311,0.065961,0.030581,0.023782,0.023352,0.022734
2450,3.951994,4.118968,4.302839,3.934750,0.029579,0.032367,0.028215,0.035930,0.051130,0.042851,0.034659,0.033588,0.099374,0.098927,0.118400,0.067358,0.030398,0.023574,0.023384,0.022833
2460,4.033418,4.132032,4.308850,3.954196,0.029883,0.032967,0.028136,0.036295,0.049262,0.039699,0.031707,0.031434,0.099968,0.099820,0.119177,0.068468,0.030904,0.024012,0.024159,0.023355
2470,3.999202,4.128515,4.279951,3.977292,0.029619,0.032605,0.028078,0.035863,0.043941,0.035012,0.029496,0.029485,0.100888,0.099871,0.121064,0.068588,0.030698,0.024231,0.024171,0.023513
2480,4.008080,4.132552,4.262043,4.004577,0.029406,0.032209,0.027888,0.035463,0.042014,0.031438,0.028210,0.028024,0.100900,0.099128,0.122738,0.067463,0.029643,0.024241,0.023820,0.023487
2490,3.975166,4.141765,4.264698,4.019827,0.029316,0.032121,0.027787,0.035745,0.042266,0.030710,0.026988,0.026840,0.100553,0.097719,0.122101,0.065950,0.030125,0.024282,0.023631,0.023497
2500,4.018813,4.110841,4.257303,3.967414,0.029468,0.032521,0.027819,0.036426,0.047887,0.036040,0.029993,0.029993,0.099776,0.097623,0.120741,0.065467,0.029157,0.023602,0.023191,0.022871
2510,4.023284,4.120084,4.268577,3.974105,0.029397,0.032558,0.027759,0.036436,0.046922,0.035001,0.029258,0.029488,0.099023,0.097902,0.120871,0.065269,0.029049,0.023562,0.023058,0.022787
2520,3.997736,4.139591,4.276966,4.003519,0.029345,0.032516,0.027746,0.036246,0.044359,0.033531,0.027147,0.027816,0.099853,0.098286,0.121357,0.065496,0.030075,0.023988,0.023524,0.023223
2530,3.973095,4.152032,4.299596,4.004203,0.029573,0.032748,0.027783,0.036420,0.044197,0.034074,0.027115,0.027690,0.099190,0.098037,0.121010,0.065828,0.030599,0.023869,0.023593,0.023173
2540,4.036523,4.128974,4.271068,3.988054,0.029689,0.032681,0.027805,0.036882,0.044599,0.034012,0.027900,0.027996,0.098629,0.097295,0.119848,0.064224,0.029724,0.023404,0.022953,0.022676
2550,3.972010,4.123076,4.272566,3.975279,0.029569,0.032557,0.027773,0.036811,0.045134,0.033993,0.028982,0.028851,0.098365,0.096620,0.120029,0.063872,0.028859,0.022941,0.022421,0.022221
2560,4.033261,4.110347,4.268204,3.953841,0.029584,0.032646,0.027656,0.036905,0.048874,0.037243,0.030955,0.030494,0.099129,0.098152,0.120508,0.063963,0.028529,0.022691,0.022266,0.021978
2570,4.008923,4.116916,4.259757,3.976250,0.029357,0.032318,0.027340,0.036691,0.045835,0.034551,0.029410,0.029538,0.100318,0.099782,0.124200,0.063545,0.028493,0.022742,0.022423,0.021919
2580,4.009348,4.139198,4.277513,4.003187,0.029245,0.032021,0.027351,0.036156,0.042690,0.032213,0.027753,0.028492,0.101295,0.100599,0.125524,0.064466,0.028670,0.022787,0.022481,0.021940
2590,3.976621,4.150635,4.310767,3.991234,0.029312,0.032173,0.027550,0.036306,0.043229,0.034465,0.028505,0.029886,0.101418,0.101274,0.124732,0.065822,0.028869,0.022726,0.022815,0.021986
2600,4.048450,4.145896,4.281492,4.009898,0.029292,0.032152,0.027529,0.036207,0.041588,0.032147,0.027441,0.028088,0.102557,0.102096,0.125087,0.065906,0.029720,0.023551,0.023299,0.022552
2610,4.026125,4.120219,4.256999,3.984987,0.029331,0.032161,0.027569,0.036601,0.044886,0.034988,0.028172,0.028681,0.101943,0.100841,0.124565,0.063994,0.028833,0.023393,0.022960,0.022483
2620,4.010538,4.091744,4.251833,3.934900,0.029230,0.031986,0.027718,0.036568,0.049383,0.039945,0.032401,0.033703,0.100907,0.099465,0.123479,0.062577,0.027541,0.022551,0.022049,0.021776
2630,3.987934,4.097495,4.256959,3.940093,0.029133,0.031855,0.027789,0.036302,0.049984,0.039900,0.031902,0.033094,0.101344,0.099763,0.122927,0.063010,0.027808,0.022713,0.022174,0.021842
2640,3.925718,4.128031,4.297344,3.957184,0.029170,0.031972,0.028008,0.036061,0.052027,0.043120,0.032753,0.033527,0.100799,0.100367,0.121483,0.064784,0.028793,0.023231,0.022653,0.022206
2650,4.018939,4.115068,4.294036,3.933535,0.029193,0.032345,0.028046,0.036728,0.054476,0.044993,0.035369,0.034908,0.100068,0.100350,0.121433,0.064342,0.028620,0.023066,0.022340,0.021958
2660,3.985937,4.080318,4.254956,3.906702,0.029114,0.032265,0.028143,0.037441,0.054460,0.046395,0.036195,0.035516,0.099613,0.100006,0.121298,0.061966,0.027312,0.022325,0.021656,0.021410
2670,3.988671,4.102292,4.246776,3.960084,0.028798,0.032012,0.027671,0.037174,0.046619,0.036950,0.030694,0.030185,0.100275,0.100034,0.125007,0.061148,0.027559,0.022626,0.021850,0.021657
2680,3.989009,4.149396,4.276506,4.024022,0.028523,0.031803,0.027381,0.036446,0.040670,0.032552,0.027339,0.027629,0.101672,0.099751,0.126287,0.062219,0.027953,0.022647,0.021715,0.021578
2690,4.005568,4.128210,4.274476,3.983965,0.028737,0.031971,0.027298,0.036702,0.042605,0.035773,0.028942,0.029840,0.101651,0.100454,0.125864,0.062227,0.027215,0.022259,0.021389,0.021085
2700,4.024720,4.120488,4.277418,3.965300,0.028869,0.032087,0.027611,0.037077,0.042567,0.037616,0.029878,0.031413,0.101655,0.100792,0.125709,0.062947,0.028070,0.022967,0.022461,0.021800
2710,3.944997,4.147636,4.285876,4.009452,0.028902,0.032083,0.028011,0.037453,0.043389,0.036748,0.028290,0.030255,0.101570,0.100870,0.123687,0.063342,0.028867,0.023538,0.022926,0.022479
2720,3.963328,4.145325,4.289535,3.999593,0.028987,0.032293,0.027874,0.037627,0.045354,0.037513,0.028098,0.029941,0.102261,0.100995,0.123613,0.063454,0.029186,0.023862,0.023097,0.022709
2730,3.948503,4.122506,4.294581,3.949989,0.029203,0.032810,0.027943,0.038093,0.049113,0.041449,0.030823,0.031789,0.101068,0.100235,0.123052,0.062750,0.027837,0.023104,0.022488,0.022050
2740,3.928943,4.147134,4.337819,3.953885,0.029264,0.033148,0.028089,0.038141,0.050202,0.042717,0.031284,0.031818,0.100254,0.099734,0.122105,0.063685,0.027426,0.022857,0.022414,0.021915
2750,4.138773,4.151759,4.319212,3.980439,0.029189,0.032970,0.027994,0.037801,0.045671,0.038115,0.029011,0.029760,0.102482,0.101240,0.124137,0.064150,0.028788,0.023476,0.023003,0.022314
2760,3.973127,4.133044,4.317286,3.945655,0.029277,0.033097,0.028202,0.038057,0.048368,0.041105,0.031585,0.031897,0.102007,0.101181,0.123070,0.064258,0.027806,0.022932,0.022466,0.021854
2770,4.115413,4.133515,4.318289,3.945005,0.029292,0.033114,0.028325,0.038085,0.048757,0.042778,0.031991,0.032985,0.101290,0.101349,0.122523,0.064180,0.027634,0.022700,0.022165,0.021730
2780,4.083046,4.108763,4.288105,3.928413,0.029062,0.032661,0.028211,0.037595,0.048013,0.040874,0.032712,0.034564,0.103051,0.102602,0.125445,0.063741,0.027113,0.022504,0.021869,0.021466
2790,4.038630,4.128215,4.295745,3.959334,0.028774,0.032273,0.028140,0.037417,0.045273,0.037156,0.031302,0.032170,0.103346,0.102322,0.125630,0.063235,0.027219,0.022545,0.021745,0.021464
2800,3.935996,4.139831,4.307162,3.970658,0.028749,0.032206,0.028142,0.037392,0.043369,0.037394,0.029334,0.031784,0.103984,0.103120,0.125540,0.063440,0.027799,0.022627,0.022126,0.021646
2810,4.087723,4.122954,4.304753,3.939190,0.028812,0.032289,0.028216,0.037345,0.047360,0.041852,0.031238,0.034185,0.103522,0.103740,0.125167,0.063767,0.027141,0.022316,0.021941,0.021503
2820,4.017519,4.098808,4.284469,3.912611,0.028933,0.032429,0.028297,0.037589,0.050419,0.044026,0.033415,0.035328,0.102875,0.103492,0.124375,0.063206,0.026781,0.022298,0.021807,0.021592
2830,4.094296,4.124158,4.298565,3.949712,0.028937,0.032481,0.028196,0.037641,0.047415,0.040200,0.031722,0.032135,0.103281,0.103492,0.125644,0.063707,0.027017,0.022625,0.022141,0.021927
2840,4.030825,4.088220,4.273572,3.903073,0.029155,0.032842,0.028215,0.038141,0.054077,0.048601,0.036433,0.038564,0.103798,0.105000,0.126547,0.063711,0.026929,0.022577,0.022007,0.021794
2850,3.939768,4.097259,4.270217,3.924679,0.029159,0.032936,0.028231,0.037980,0.050252,0.044545,0.033539,0.035359,0.102694,0.103401,0.126564,0.063416,0.027115,0.022633,0.021902,0.021883
2860,3.969425,4.097322,4.257459,3.939423,0.029100,0.032556,0.028235,0.037657,0.046156,0.040273,0.031517,0.033041,0.103570,0.103965,0.128467,0.062432,0.026773,0.022274,0.021372,0.021435
2870,4.082176,4.131471,4.291580,3.971596,0.029218,0.032476,0.028401,0.037342,0.044521,0.038309,0.029156,0.031036,0.103201,0.103855,0.128067,0.063369,0.027640,0.022965,0.022216,0.022147
2880,4.064312,4.107301,4.291821,3.921311,0.029458,0.032810,0.028598,0.037910,0.051738,0.045786,0.033902,0.035756,0.102477,0.103324,0.126547,0.063358,0.027911,0.023275,0.022534,0.022378
2890,4.047780,4.125126,4.316254,3.931353,0.029492,0.033043,0.028671,0.038089,0.052092,0.044886,0.033700,0.035407,0.102788,0.102727,0.125875,0.063448,0.028129,0.023435,0.022843,0.022579
2900,3.946744,4.117743,4.326565,3.905809,0.029515,0.033272,0.028855,0.038191,0.053022,0.047329,0.035140,0.037561,0.103650,0.102335,0.125800,0.063777,0.027384,0.022871,0.022619,0.022052
2910,4.026429,4.114763,4.292576,3.935731,0.029488,0.032951,0.028835,0.038021,0.046908,0.041767,0.032153,0.034290,0.105953,0.104304,0.127582,0.063823,0.027356,0.022875,0.022824,0.022162
2920,3.941664,4.111612,4.284346,3.938509,0.029702,0.033144,0.028962,0.038226,0.046959,0.040738,0.032202,0.034035,0.105251,0.104078,0.127399,0.063615,0.026946,0.022858,0.022628,0.022214
2930,4.041188,4.136617,4.300457,3.972554,0.029864,0.033331,0.029049,0.038511,0.046801,0.040731,0.031120,0.032211,0.104394,0.103533,0.125704,0.063819,0.027686,0.023213,0.022877,0.022659
2940,3.954434,4.083363,4.262324,3.905639,0.030062,0.033381,0.028940,0.038930,0.055193,0.050853,0.037652,0.039069,0.105690,0.104624,0.126542,0.062847,0.026971,0.022752,0.022237,0.022081
2950,4.012448,4.089154,4.304609,3.873969,0.030071,0.033353,0.029225,0.039102,0.056675,0.050736,0.039562,0.041795,0.105088,0.104346,0.126017,0.063581,0.025934,0.022001,0.021629,0.021423
2960,4.031445,4.137428,4.311853,3.961344,0.029777,0.033047,0.029268,0.038789,0.048265,0.041817,0.031673,0.034054,0.106369,0.104827,0.127416,0.064516,0.027189,0.022784,0.022642,0.022201
2970,4.024354,4.166598,4.301881,4.029930,0.029602,0.032977,0.029157,0.038377,0.042829,0.035920,0.028008,0.030601,0.106864,0.105177,0.129093,0.064453,0.028040,0.023140,0.022853,0.022402
2980,3.992020,4.115140,4.273724,3.958746,0.029763,0.033069,0.029125,0.038706,0.046963,0.040762,0.031565,0.034253,0.106262,0.104919,0.129202,0.062133,0.026492,0.022299,0.021669,0.021426
2990,3.970448,4.111294,4.275048,3.947999,0.029688,0.032891,0.029082,0.038556,0.048959,0.042102,0.032221,0.034181,0.104622,0.103937,0.127300,0.061336,0.025924,0.021981,0.021221,0.021046
3000,3.941990,4.095747,4.269336,3.922232,0.029614,0.032753,0.029023,0.038307,0.050689,0.045461,0.033438,0.035777,0.104798,0.104289,0.126136,0.061654,0.025812,0.021963,0.021385,0.021037
3010,3.952895,4.112392,4.298520,3.925791,0.029583,0.032703,0.028911,0.037926,0.047894,0.044608,0.032647,0.035267,0.104756,0.104209,0.126448,0.062843,0.025639,0.021683,0.021113,0.020765
3020,3.953545,4.154656,4.316158,3.990711,0.029419,0.032537,0.028633,0.037557,0.043722,0.039485,0.028835,0.031165,0.104463,0.104224,0.127510,0.063000,0.026026,0.021962,0.021257,0.020957
3030,3.924109,4.155269,4.337213,3.970550,0.029660,0.032835,0.028740,0.037785,0.044247,0.041411,0.029650,0.031921,0.106178,0.105865,0.127727,0.064561,0.026936,0.022616,0.022239,0.021705
3040,3.976215,4.112561,4.300897,3.922210,0.029868,0.033001,0.029011,0.038283,0.049627,0.045758,0.033313,0.034900,0.104811,0.105372,0.126706,0.063750,0.026294,0.022609,0.022065,0.021741
3050,4.073782,4.078130,4.274586,3.880954,0.029903,0.033157,0.028855,0.038811,0.054847,0.050648,0.037552,0.038959,0.105266,0.105415,0.127362,0.062591,0.025851,0.022357,0.021715,0.021592
3060,3.938583,4.073273,4.301059,3.844823,0.029808,0.033652,0.028833,0.039186,0.061259,0.058833,0.042169,0.045572,0.105557,0.104742,0.126283,0.063486,0.025428,0.022116,0.021672,0.021535
3070,3.903401,4.100910,4.314451,3.885073,0.029896,0.034091,0.028923,0.039471,0.057937,0.056617,0.039374,0.043401,0.105362,0.104872,0.125833,0.064045,0.026765,0.022874,0.022607,0.022261
3080,3.935300,4.111614,4.282619,3.941801,0.029738,0.033622,0.028640,0.039406,0.048093,0.044331,0.033081,0.035623,0.107972,0.106660,0.130406,0.063264,0.026732,0.022989,0.022503,0.022220
3090,4.010144,4.125199,4.324620,3.927566,0.029907,0.033888,0.028806,0.039562,0.049034,0.044707,0.034492,0.036196,0.107273,0.105569,0.129953,0.063640,0.026051,0.022708,0.022358,0.021974
3100,3.985578,4.145315,4.317420,3.973639,0.029914,0.033827,0.028750,0.039379,0.046313,0.040627,0.031861,0.033091,0.107876,0.106414,0.130392,0.064050,0.026947,0.023252,0.022922,0.022506
3110,3.937176,4.119670,4.293150,3.946306,0.029830,0.033866,0.028682,0.039649,0.047980,0.043190,0.032199,0.033942,0.107812,0.106691,0.129326,0.063563,0.027058,0.023250,0.022779,0.022519
3120,4.011539,4.102936,4.288500,3.917775,0.029649,0.033716,0.028674,0.039764,0.050353,0.046894,0.033937,0.036045,0.107125,0.105964,0.128448,0.062662,0.026281,0.022558,0.021875,0.021873
3130,4.053213,4.100545,4.297023,3.904092,0.029753,0.033755,0.028692,0.039705,0.051900,0.049698,0.034961,0.036846,0.105836,0.105420,0.127998,0.062295,0.025562,0.021890,0.021240,0.021281
3140,4.087013,4.082383,4.266116,3.898496,0.029696,0.033458,0.028612,0.039618,0.052847,0.051142,0.036038,0.037515,0.105177,0.105981,0.128442,0.060901,0.025348,0.021760,0.020927,0.021029
3150,3.973689,4.090448,4.271491,3.909175,0.029512,0.032962,0.028637,0.039194,0.051319,0.047886,0.034650,0.036488,0.104987,0.105791,0.128466,0.060711,0.025216,0.021734,0.020761,0.020968
3160,3.962969,4.124757,4.289789,3.958716,0.029481,0.032754,0.028529,0.038648,0.045680,0.041709,0.030845,0.032986,0.104863,0.105616,0.129595,0.061267,0.025812,0.022125,0.021200,0.021301
3170,4.049477,4.114426,4.299431,3.928600,0.029576,0.032810,0.028593,0.038486,0.047610,0.043977,0.032311,0.034925,0.105375,0.105278,0.128609,0.061961,0.025106,0.021639,0.020946,0.021010
3180,3.989742,4.076274,4.275238,3.878385,0.029668,0.032840,0.028580,0.038404,0.052615,0.048755,0.038449,0.040840,0.104687,0.105185,0.128588,0.061680,0.024513,0.021521,0.020735,0.020958
3190,3.957829,4.126843,4.330887,3.922515,0.029774,0.033299,0.028560,0.038442,0.048900,0.044670,0.035817,0.037950,0.105419,0.104925,0.129775,0.063694,0.025439,0.022274,0.021854,0.021868
3200,3.955038,4.103967,4.308950,3.898412,0.030152,0.034074,0.028537,0.038974,0.051901,0.048941,0.035741,0.039452,0.107010,0.105726,0.130409,0.064229,0.026672,0.023069,0.022861,0.022897
3210,4.032734,4.093052,4.280766,3.905006,0.029981,0.033764,0.028474,0.039056,0.050701,0.046158,0.034977,0.037562,0.106560,0.106353,0.131194,0.063424,0.026622,0.023265,0.022585,0.022765
3220,3.988193,4.082895,4.293081,3.872304,0.029821,0.033689,0.028572,0.039343,0.057120,0.052522,0.039524,0.041459,0.105811,0.105330,0.128842,0.063198,0.026012,0.022860,0.022134,0.022450
3230,4.064163,4.110115,4.318783,3.898886,0.029850,0.033976,0.028686,0.039614,0.058965,0.057144,0.039950,0.042070,0.104953,0.104252,0.126297,0.063265,0.026404,0.022738,0.022055,0.022510
3240,3.992004,4.094222,4.287533,3.900801,0.029754,0.033387,0.028717,0.039171,0.053079,0.051709,0.035708,0.037407,0.106993,0.106541,0.128602,0.062571,0.026174,0.022379,0.021770,0.022179
3250,4.006541,4.089459,4.284182,3.896898,0.029593,0.033007,0.028706,0.038771,0.050308,0.047679,0.036035,0.037927,0.107715,0.106796,0.130654,0.061725,0.025205,0.021947,0.021232,0.021678
3260,4.086202,4.125122,4.323815,3.926867,0.029476,0.033022,0.028740,0.038593,0.048680,0.044656,0.034633,0.036697,0.107631,0.106302,0.130965,0.062554,0.025367,0.021928,0.021337,0.021548
3270,3.994151,4.084228,4.279114,3.891645,0.029586,0.033225,0.028628,0.038914,0.055094,0.051008,0.039208,0.041516,0.109169,0.107903,0.130961,0.062357,0.025795,0.022412,0.021738,0.021956
3280,3.988558,4.067269,4.282274,3.853927,0.029734,0.033492,0.028702,0.039463,0.058293,0.054913,0.041207,0.043428,0.106611,0.106847,0.128699,0.062026,0.025413,0.022297,0.021538,0.021839
3290,3.954309,4.100871,4.304519,3.897157,0.029756,0.033391,0.028782,0.039447,0.055225,0.052954,0.037992,0.040764,0.105058,0.105949,0.127130,0.062031,0.025412,0.022062,0.021320,0.021749
3300,3.980270,4.097219,4.315539,3.876495,0.029772,0.033590,0.028662,0.039461,0.055815,0.054331,0.037865,0.041276,0.106333,0.106759,0.127882,0.062917,0.026357,0.022246,0.021945,0.022145
3310,4.014702,4.081275,4.283760,3.879863,0.029555,0.033349,0.028496,0.039239,0.055913,0.052010,0.038973,0.041769,0.108250,0.108796,0.130642,0.062003,0.025538,0.022428,0.021967,0.022408
3320,4.078264,4.075562,4.277459,3.875646,0.029576,0.033232,0.028607,0.038852,0.054191,0.049759,0.038546,0.041621,0.107274,0.107950,0.131578,0.061533,0.025192,0.022717,0.022347,0.022673
3330,3.928168,4.114861,4.284746,3.944726,0.029463,0.033274,0.028499,0.038678,0.049354,0.045130,0.033320,0.035511,0.105999,0.106096,0.130171,0.061411,0.026405,0.023389,0.023018,0.023192
3340,4.087610,4.080868,4.277349,3.885496,0.029342,0.033063,0.028360,0.038370,0.054395,0.052233,0.035768,0.039460,0.107038,0.106643,0.129899,0.061179,0.026023,0.022993,0.022553,0.022841
3350,4.051148,4.059271,4.271681,3.848268,0.029420,0.033062,0.028578,0.038762,0.058668,0.060374,0.039036,0.044325,0.105076,0.106062,0.128641,0.060324,0.025348,0.022377,0.021780,0.022160
3360,3.991263,4.055081,4.268498,3.843104,0.029422,0.033108,0.028771,0.039089,0.059547,0.061012,0.040124,0.045314,0.104212,0.105599,0.128193,0.059646,0.025034,0.022046,0.021364,0.021776
3370,4.022839,4.068738,4.284571,3.853305,0.029443,0.033355,0.028875,0.039052,0.059441,0.058982,0.039192,0.044224,0.105751,0.106001,0.128486,0.060484,0.025564,0.022490,0.021967,0.022151
3380,4.035464,4.079208,4.280360,3.878893,0.029377,0.033278,0.028889,0.038870,0.053901,0.051586,0.035925,0.040391,0.106936,0.107450,0.129877,0.060144,0.025950,0.022969,0.022334,0.022488
3390,3.930539,4.131252,4.319627,3.941499,0.029326,0.033282,0.028960,0.038769,0.047593,0.044675,0.032749,0.035807,0.106438,0.106940,0.129621,0.060726,0.025806,0.022642,0.022001,0.022237
3400,4.008258,4.135294,4.323652,3.946612,0.029332,0.033422,0.028733,0.038750,0.043985,0.041257,0.032357,0.033168,0.107521,0.108097,0.132089,0.061604,0.025362,0.022190,0.021634,0.021901
3410,3.951006,4.099378,4.304071,3.894473,0.029437,0.033597,0.028769,0.039347,0.053067,0.049601,0.036044,0.037916,0.107661,0.107262,0.130008,0.061083,0.024834,0.021948,0.021527,0.021747
3420,3.891272,4.155152,4.364936,3.941623,0.029579,0.033841,0.029067,0.039502,0.053200,0.048832,0.034356,0.037556,0.106292,0.105300,0.127429,0.061867,0.025183,0.021943,0.021653,0.021915
3430,3.934097,4.116489,4.312973,3.919167,0.029702,0.033672,0.029054,0.039500,0.049488,0.046638,0.033863,0.036129,0.107360,0.107603,0.130191,0.061187,0.024856,0.021548,0.021167,0.021322
3440,3.918774,4.107175,4.318556,3.895232,0.029797,0.033872,0.029227,0.039560,0.051971,0.049740,0.035345,0.038538,0.107170,0.107128,0.129598,0.061206,0.024388,0.021326,0.020905,0.021139
3450,4.074214,4.094339,4.280416,3.908518,0.029732,0.033898,0.029110,0.039508,0.051650,0.051367,0.035214,0.039072,0.106965,0.107159,0.129744,0.060195,0.024330,0.021364,0.020686,0.020921
3460,3.993701,4.075315,4.269550,3.881852,0.029541,0.033604,0.028872,0.039101,0.053503,0.053548,0.036170,0.040956,0.107821,0.108031,0.130469,0.059788,0.023912,0.021084,0.020276,0.020681
3470,3.961315,4.072152,4.270416,3.874591,0.029295,0.033292,0.028608,0.039054,0.053338,0.054338,0.036161,0.041108,0.107040,0.107736,0.130472,0.059671,0.023962,0.021193,0.020275,0.020698
3480,4.031596,4.070783,4.269218,3.871604,0.029236,0.033193,0.028472,0.039115,0.055720,0.056509,0.036062,0.041882,0.106711,0.107547,0.130510,0.059612,0.024489,0.021588,0.020701,0.021046
3490,3.950937,4.073478,4.289732,3.857748,0.029191,0.033093,0.028429,0.039066,0.056823,0.054589,0.037939,0.043164,0.108420,0.108731,0.131322,0.060795,0.024580,0.021918,0.021225,0.021490
3500,3.959589,4.108251,4.296768,3.919733,0.029308,0.033194,0.028460,0.039061,0.050076,0.047012,0.033573,0.036938,0.108949,0.109034,0.133169,0.061327,0.025427,0.022555,0.021911,0.022150
3510,3.958431,4.133333,4.309692,3.956852,0.029439,0.033288,0.028624,0.039266,0.046870,0.043875,0.031675,0.034263,0.109448,0.109024,0.133518,0.061377,0.025267,0.022475,0.021713,0.021959
3520,3.900472,4.103343,4.311144,3.896137,0.029687,0.033326,0.028853,0.039547,0.052515,0.049793,0.035153,0.038473,0.109395,0.109197,0.132216,0.061401,0.024739,0.022090,0.021269,0.021525
3530,4.000421,4.032495,4.257735,3.808528,0.029888,0.034035,0.028773,0.040253,0.067816,0.067406,0.046958,0.053533,0.107299,0.108358,0.130026,0.060201,0.024202,0.021914,0.021030,0.021304
3540,3.993063,4.045645,4.265632,3.826870,0.029938,0.034587,0.028647,0.040364,0.067975,0.067713,0.048356,0.055290,0.106845,0.107462,0.130588,0.060511,0.024559,0.022129,0.021298,0.021550
3550,3.943075,4.093359,4.303145,3.882478,0.029622,0.034000,0.028600,0.039778,0.061075,0.060668,0.039418,0.046787,0.107651,0.107627,0.131285,0.061233,0.025534,0.022514,0.021928,0.022133
3560,3.988353,4.098503,4.273178,3.925148,0.029421,0.033324,0.028469,0.039163,0.049929,0.047628,0.032914,0.037926,0.108821,0.109115,0.133346,0.060530,0.025187,0.022365,0.021432,0.021831
3570,3.980154,4.088571,4.285699,3.893585,0.029383,0.033077,0.028738,0.038836,0.049297,0.047378,0.034908,0.039440,0.106600,0.107819,0.131260,0.059892,0.023937,0.021702,0.020579,0.021064
3580,3.924535,4.132488,4.302552,3.960691,0.029405,0.033137,0.028839,0.038574,0.046269,0.044968,0.031733,0.035479,0.106041,0.106879,0.130235,0.060289,0.024195,0.021728,0.020799,0.020968
3590,3.925695,4.105966,4.295031,3.916497,0.029407,0.033322,0.028666,0.038570,0.049170,0.048489,0.033638,0.037572,0.107929,0.108165,0.131484,0.060547,0.024282,0.021765,0.020797,0.020990
3600,3.979068,4.120421,4.335513,3.902018,0.029487,0.033610,0.028873,0.038634,0.052375,0.050761,0.034182,0.038316,0.106879,0.107144,0.129533,0.060873,0.024397,0.021620,0.020842,0.020941
3610,3.987435,4.091843,4.323255,3.855770,0.029703,0.033957,0.029076,0.039122,0.059878,0.058349,0.039116,0.044344,0.106354,0.107031,0.127637,0.061253,0.024420,0.021805,0.021270,0.021238
3620,3.962324,4.092151,4.307609,3.874626,0.029669,0.034070,0.028881,0.039440,0.060738,0.059019,0.038831,0.044308,0.106164,0.106640,0.126660,0.060820,0.024435,0.022047,0.021463,0.021726
3630,3.961949,4.098000,4.315622,3.879079,0.029589,0.034367,0.028690,0.039589,0.056532,0.055445,0.036524,0.041735,0.107189,0.107049,0.129146,0.061270,0.024835,0.022331,0.022012,0.022045
3640,4.024090,4.106340,4.307258,3.905074,0.029456,0.034399,0.028604,0.039484,0.050543,0.049132,0.034979,0.039532,0.107980,0.107380,0.131320,0.061275,0.024242,0.022196,0.021659,0.021795
3650,4.020464,4.063292,4.272723,3.855149,0.029629,0.034291,0.028828,0.039861,0.056163,0.055313,0.040110,0.046474,0.107857,0.107710,0.131502,0.060349,0.023700,0.022349,0.021653,0.021715
3660,3.984510,4.082071,4.249731,3.916079,0.029502,0.033803,0.028718,0.039608,0.051551,0.050697,0.035644,0.040172,0.108676,0.108930,0.133861,0.059472,0.024559,0.022947,0.021894,0.022121
3670,4.046130,4.078740,4.266444,3.891752,0.029438,0.033575,0.028674,0.039181,0.053949,0.054990,0.035870,0.041427,0.109437,0.109705,0.134115,0.059877,0.024707,0.022623,0.021632,0.021969
3680,4.013402,4.032354,4.254574,3.811492,0.029415,0.033127,0.028795,0.039116,0.063240,0.064429,0.044062,0.051564,0.108244,0.109189,0.132966,0.059581,0.023822,0.022178,0.021103,0.021401
3690,3.997879,4.028860,4.266830,3.790912,0.029438,0.032920,0.028953,0.039330,0.066670,0.067534,0.047627,0.055323,0.107059,0.108747,0.131138,0.060068,0.023890,0.022147,0.021184,0.021483
3700,4.013191,4.061609,4.293772,3.829088,0.029461,0.032917,0.028834,0.038996,0.059975,0.059573,0.041936,0.047904,0.108452,0.110019,0.132311,0.061666,0.024872,0.022699,0.022097,0.022501
3710,3.943340,4.110247,4.283679,3.937439,0.029363,0.032999,0.028508,0.038387,0.045717,0.043551,0.033348,0.035850,0.108914,0.110096,0.135511,0.061430,0.025653,0.023221,0.022489,0.023102
3720,4.115981,4.129572,4.299261,3.960817,0.029252,0.033005,0.028559,0.038053,0.041423,0.039763,0.031591,0.034607,0.108988,0.109474,0.135733,0.061004,0.025241,0.022656,0.021983,0.022460
3730,4.012957,4.073673,4.291136,3.857058,0.029303,0.033001,0.028753,0.038414,0.054675,0.052458,0.039675,0.045461,0.108805,0.109617,0.132938,0.061105,0.024165,0.022102,0.021514,0.021979
3740,3.935139,4.070547,4.292462,3.844799,0.029246,0.032968,0.028836,0.038620,0.059416,0.057471,0.041686,0.048148,0.106717,0.106972,0.129514,0.060663,0.024056,0.021939,0.021375,0.021709
3750,4.051390,4.063000,4.299330,3.823708,0.029063,0.032587,0.028537,0.038580,0.060832,0.059589,0.044722,0.051274,0.108178,0.108451,0.130665,0.060718,0.023848,0.021679,0.021013,0.021462
3760,3.954766,4.098640,4.294661,3.903754,0.028783,0.032482,0.028235,0.037851,0.048295,0.045301,0.037633,0.040408,0.110301,0.109499,0.133932,0.060850,0.024191,0.022144,0.021251,0.022076
3770,3.912579,4.087645,4.297090,3.878842,0.028918,0.032642,0.028383,0.038256,0.049642,0.047358,0.038499,0.042329,0.109925,0.108428,0.134139,0.061352,0.024735,0.022685,0.021978,0.022521
3780,3.912549,4.080821,4.315130,3.845302,0.029217,0.032950,0.028645,0.038716,0.055080,0.052273,0.040005,0.044678,0.108488,0.107486,0.131958,0.061784,0.025122,0.022800,0.022347,0.022950
3790,3.912726,4.079099,4.282774,3.876287,0.029255,0.032916,0.028577,0.038672,0.051373,0.048572,0.037052,0.041013,0.108590,0.108100,0.134023,0.060842,0.025218,0.022834,0.022115,0.022771
3800,3.963071,4.077092,4.281243,3.875730,0.029144,0.032818,0.028521,0.038450,0.050763,0.048429,0.037005,0.040923,0.108423,0.108574,0.135019,0.060269,0.024461,0.022283,0.021308,0.022073
3810,3.879506,4.140722,4.345855,3.934510,0.029196,0.033129,0.028689,0.038260,0.047215,0.044237,0.033786,0.037046,0.108151,0.108492,0.134009,0.061816,0.025156,0.022664,0.022276,0.022813
3820,3.944899,4.163306,4.339355,3.986917,0.029266,0.033299,0.028676,0.037950,0.041717,0.038332,0.031668,0.033588,0.108744,0.109153,0.135563,0.062185,0.025489,0.022714,0.022383,0.022818
3830,3.925999,4.146351,4.326061,3.966957,0.029395,0.033550,0.028839,0.038209,0.043836,0.040833,0.032168,0.034656,0.108469,0.107742,0.134109,0.061727,0.024896,0.022360,0.021887,0.022443
3840,4.001985,4.075146,4.281446,3.869517,0.029613,0.033496,0.028809,0.038794,0.054512,0.054767,0.037569,0.041641,0.106863,0.107734,0.132623,0.060354,0.024087,0.021952,0.021308,0.021836
3850,3.922696,4.054178,4.287644,3.820036,0.029593,0.033312,0.028840,0.039020,0.063008,0.065676,0.043900,0.049348,0.105593,0.106580,0.130333,0.060121,0.023800,0.021715,0.021213,0.021739
3860,3.901642,4.063819,4.310133,3.814135,0.029485,0.033160,0.028694,0.038877,0.063089,0.064998,0.045990,0.051069,0.106334,0.106718,0.130512,0.061113,0.024135,0.021823,0.021374,0.021930
3870,3.907154,4.086736,4.354641,3.815339,0.029452,0.033183,0.028868,0.038839,0.060036,0.060738,0.044394,0.049054,0.106977,0.107327,0.130250,0.061871,0.024513,0.021853,0.021589,0.022144
3880,4.072103,4.131237,4.425074,3.832882,0.029496,0.033440,0.029079,0.039027,0.057600,0.057294,0.042337,0.046836,0.106435,0.107004,0.128558,0.062618,0.024531,0.021604,0.021630,0.022171
3890,4.029941,4.112484,4.320386,3.902919,0.029348,0.033319,0.028898,0.038664,0.048248,0.046923,0.035551,0.038356,0.107559,0.107127,0.130511,0.061511,0.024332,0.021668,0.021470,0.022002
3900,3.977862,4.097054,4.275955,3.922544,0.029204,0.033189,0.028676,0.038332,0.044806,0.043088,0.036197,0.038988,0.108630,0.107473,0.133781,0.060736,0.023346,0.021489,0.020619,0.021487
3910,4.103391,4.126914,4.314599,3.941855,0.029268,0.033183,0.028715,0.038265,0.042773,0.041432,0.034347,0.036829,0.109338,0.107221,0.133707,0.061698,0.024063,0.021712,0.021179,0.021963
3920,4.043905,4.116745,4.331750,3.901198,0.029433,0.033397,0.028800,0.038735,0.047984,0.046840,0.035009,0.038269,0.108967,0.107102,0.132028,0.062737,0.025033,0.022250,0.022199,0.022771
3930,3.872814,4.103967,4.322291,3.885061,0.029467,0.033377,0.028911,0.038762,0.049456,0.049695,0.035660,0.040130,0.107242,0.106673,0.130944,0.062485,0.024995,0.022151,0.021987,0.022545
3940,3.956886,4.075670,4.290468,3.863551,0.029442,0.033265,0.028680,0.039044,0.052290,0.052260,0.037132,0.043234,0.107169,0.106669,0.132113,0.061632,0.024363,0.021836,0.021286,0.021987
3950,3.996228,4.070762,4.285879,3.859151,0.029256,0.032958,0.028605,0.039163,0.053452,0.052370,0.037734,0.044326,0.107542,0.107113,0.132171,0.060745,0.023937,0.021690,0.020809,0.021796
3960,3.975414,4.072955,4.280302,3.869639,0.029098,0.032735,0.028562,0.038758,0.051714,0.051573,0.037912,0.044176,0.108985,0.108613,0.133443,0.060815,0.024189,0.021915,0.021072,0.022105
3970,3.975966,4.112418,4.285968,3.941921,0.028907,0.032578,0.028521,0.038270,0.045211,0.044313,0.033681,0.038332,0.109853,0.109237,0.134732,0.060582,0.024407,0.022094,0.021366,0.022234
3980,4.031715,4.159887,4.331645,3.987106,0.028893,0.032710,0.028687,0.037944,0.042476,0.041002,0.030699,0.034773,0.110127,0.108644,0.134082,0.061101,0.024754,0.022290,0.021770,0.022645
3990,4.002666,4.140496,4.323895,3.958798,0.028942,0.032661,0.028720,0.037704,0.044675,0.042563,0.034146,0.037982,0.111850,0.109230,0.135482,0.061329,0.024216,0.022068,0.021290,0.022121
4000,3.887235,4.159093,4.336618,3.982016,0.028839,0.032666,0.028699,0.037595,0.041877,0.040066,0.032088,0.035418,0.111187,0.108540,0.134826,0.061099,0.023995,0.021757,0.020993,0.021755
4010,4.107008,4.122048,4.298265,3.948388,0.029002,0.032772,0.028635,0.037752,0.043310,0.042941,0.033858,0.037658,0.112034,0.109196,0.135979,0.060669,0.023612,0.021589,0.020681,0.021440
4020,3.981703,4.062596,4.294244,3.833338,0.029270,0.032974,0.028754,0.038657,0.056724,0.058266,0.040873,0.048143,0.110482,0.108461,0.133461,0.061028,0.023374,0.021593,0.020841,0.021560
4030,3.981009,4.040610,4.285041,3.796365,0.029264,0.032629,0.028995,0.039224,0.067692,0.070813,0.047500,0.056891,0.108537,0.107839,0.130184,0.060450,0.023387,0.021508,0.020790,0.021430
4040,4.013800,4.025829,4.254958,3.798889,0.029134,0.032189,0.028882,0.038976,0.065778,0.067653,0.046488,0.054392,0.110049,0.108992,0.132585,0.059511,0.023588,0.021820,0.020783,0.021670
4050,3.916353,4.074499,4.289119,3.862574,0.029032,0.032287,0.028685,0.038673,0.054820,0.055658,0.038767,0.043403,0.110944,0.108923,0.134075,0.060584,0.024125,0.022162,0.021290,0.022289
4060,3.972872,4.101404,4.298217,3.907237,0.029042,0.032471,0.028594,0.038466,0.048662,0.048809,0.035397,0.038808,0.112050,0.109317,0.135894,0.061374,0.024832,0.022642,0.021920,0.022939
4070,3.923385,4.128062,4.337091,3.919671,0.029093,0.032691,0.028637,0.038636,0.047935,0.048049,0.033782,0.037915,0.111379,0.108629,0.135247,0.061965,0.024864,0.022459,0.022112,0.022965
4080,3.979012,4.106777,4.318112,3.898237,0.029268,0.033018,0.028595,0.038618,0.049163,0.048698,0.036998,0.041409,0.110824,0.108321,0.136066,0.061886,0.023978,0.022179,0.021455,0.022281
4090,3.952410,4.160669,4.338042,3.984984,0.029290,0.033226,0.028517,0.038467,0.043323,0.042209,0.032979,0.036141,0.111373,0.108419,0.137234,0.062328,0.023991,0.022044,0.021286,0.022463
4100,3.949973,4.099667,4.284720,3.916779,0.029369,0.032965,0.028386,0.039025,0.050059,0.051653,0.036695,0.040396,0.112365,0.109711,0.137413,0.061552,0.023748,0.021719,0.020851,0.022140
4110,4.077592,4.067689,4.272557,3.863633,0.029283,0.032953,0.028467,0.039492,0.058317,0.062254,0.039963,0.045892,0.109803,0.107910,0.134877,0.060276,0.023067,0.021376,0.020263,0.021483
4120,4.022267,4.070031,4.293651,3.845332,0.029254,0.033175,0.028557,0.039591,0.062034,0.066631,0.041246,0.049088,0.108881,0.106868,0.133467,0.060703,0.023548,0.021665,0.020770,0.021898
4130,3.917925,4.075470,4.302400,3.848770,0.029379,0.033440,0.028493,0.039339,0.058921,0.060842,0.038838,0.045194,0.109512,0.107567,0.134357,0.060920,0.023456,0.021611,0.020727,0.021810
4140,3.983359,4.071822,4.308260,3.836266,0.029503,0.033527,0.028601,0.039077,0.056475,0.057846,0.038774,0.044673,0.109041,0.107645,0.134490,0.061089,0.023314,0.021528,0.020798,0.021750
4150,3.958757,4.095076,4.284683,3.907535,0.029304,0.033343,0.028559,0.038635,0.048178,0.049170,0.035234,0.039671,0.109716,0.107825,0.135733,0.060626,0.023723,0.021938,0.021188,0.022062
4160,4.069899,4.128391,4.322824,3.933736,0.029192,0.033312,0.028573,0.038478,0.043970,0.045716,0.033048,0.037558,0.110796,0.107890,0.136651,0.061856,0.024305,0.022023,0.021608,0.022326
4170,3.944005,4.110691,4.309214,3.913372,0.029165,0.032980,0.028530,0.038511,0.044955,0.047582,0.034507,0.039441,0.110856,0.108775,0.137110,0.061640,0.023672,0.021761,0.021025,0.021817
4180,3.928073,4.076406,4.285648,3.867807,0.029144,0.032844,0.028512,0.039005,0.050212,0.053818,0.036807,0.043323,0.108882,0.107401,0.135353,0.060818,0.023009,0.021583,0.020482,0.021365
4190,3.972084,4.090541,4.293628,3.886540,0.029101,0.032847,0.028473,0.039148,0.053257,0.057302,0.036651,0.043394,0.108622,0.106726,0.134084,0.060451,0.023031,0.021403,0.020221,0.021223
4200,3.921491,4.066213,4.295209,3.836415,0.029219,0.032853,0.028439,0.039292,0.060101,0.064426,0.040883,0.048078,0.109354,0.108165,0.134614,0.061137,0.023229,0.021590,0.020427,0.021573
4210,3.964154,4.058578,4.304017,3.811526,0.029308,0.032826,0.028664,0.039548,0.065593,0.069268,0.045215,0.053788,0.107603,0.107851,0.132474,0.061086,0.022772,0.021257,0.020188,0.021253
4220,3.971131,4.093091,4.323597,3.858905,0.029294,0.032900,0.028750,0.039468,0.062649,0.067149,0.043066,0.052192,0.106854,0.107253,0.131673,0.061274,0.022960,0.021164,0.020228,0.021257
4230,4.011166,4.062552,4.314744,3.809901,0.029398,0.032969,0.028786,0.039119,0.061827,0.066221,0.043233,0.051067,0.108945,0.108723,0.132972,0.062072,0.023023,0.021341,0.020616,0.021644
4240,4.003789,4.098753,4.314833,3.881003,0.029262,0.032923,0.028863,0.038275,0.049559,0.052108,0.036929,0.042860,0.108227,0.107597,0.132544,0.061995,0.023668,0.021915,0.021105,0.022106
4250,3.915039,4.107217,4.292813,3.921491,0.029162,0.032742,0.028555,0.037957,0.043748,0.045917,0.034092,0.037701,0.109351,0.108486,0.134678,0.061397,0.023861,0.022028,0.020934,0.022067
4260,3.925189,4.091284,4.287336,3.896942,0.029121,0.032786,0.028450,0.038331,0.046852,0.050323,0.036109,0.040726,0.109325,0.108776,0.135386,0.060397,0.023147,0.021605,0.020223,0.021374
4270,3.966109,4.131367,4.325908,3.933879,0.029223,0.033177,0.028661,0.038527,0.046092,0.049549,0.033807,0.039324,0.108169,0.107348,0.134350,0.060590,0.023197,0.021429,0.020096,0.021215
4280,3.912616,4.136458,4.322491,3.950226,0.029357,0.033435,0.028659,0.038567,0.044352,0.045966,0.033868,0.037742,0.107727,0.106867,0.135424,0.060631,0.022781,0.021338,0.019897,0.020973
4290,4.179691,4.183425,4.398159,3.965617,0.029509,0.033641,0.028793,0.038633,0.043600,0.045305,0.033640,0.036365,0.107996,0.106691,0.134625,0.062094,0.023672,0.021852,0.020776,0.021814
4300,4.080003,4.099595,4.325209,3.873727,0.029778,0.033668,0.028850,0.039018,0.051503,0.053996,0.038155,0.041930,0.108396,0.107383,0.134616,0.062434,0.024168,0.022680,0.021730,0.022677
4310,4.003563,4.070980,4.274526,3.869338,0.029673,0.033380,0.028739,0.039274,0.055535,0.060023,0.038595,0.043669,0.106899,0.106663,0.133660,0.061843,0.024292,0.022973,0.021872,0.022851
4320,3.916093,4.063316,4.285310,3.843202,0.029555,0.033327,0.028535,0.039442,0.060027,0.066241,0.040839,0.047477,0.107497,0.107104,0.133678,0.061843,0.024193,0.022651,0.021458,0.022617
4330,3.906049,4.076356,4.294250,3.858005,0.029430,0.033277,0.028486,0.039029,0.057273,0.061876,0.037935,0.045096,0.107605,0.107003,0.133898,0.061764,0.023949,0.022320,0.021044,0.022201
4340,3.988088,4.086438,4.314955,3.855552,0.029477,0.033203,0.028594,0.038776,0.055549,0.059975,0.037387,0.045880,0.107037,0.106971,0.133599,0.061957,0.023733,0.021977,0.020787,0.021920
4350,3.902915,4.070729,4.316695,3.822682,0.029529,0.033007,0.028538,0.038795,0.058384,0.062453,0.040821,0.049435,0.107609,0.106495,0.133638,0.061811,0.023123,0.021448,0.020353,0.021420
4360,3.883122,4.082643,4.327231,3.834600,0.029516,0.033099,0.028475,0.038897,0.059184,0.063067,0.041175,0.049578,0.108478,0.106197,0.133933,0.062228,0.023425,0.021536,0.020651,0.021668
4370,3.896807,4.104011,4.324657,3.880857,0.029439,0.033139,0.028519,0.038763,0.050590,0.055732,0.036974,0.043071,0.108997,0.106425,0.135654,0.061901,0.023431,0.021523,0.020536,0.021575
4380,3.878261,4.147308,4.361022,3.930478,0.029356,0.033311,0.028512,0.038431,0.043726,0.047209,0.034264,0.039261,0.109477,0.106517,0.136160,0.062438,0.023242,0.021436,0.020375,0.021442
4390,4.023093,4.129189,4.326350,3.931896,0.029349,0.033308,0.028555,0.038282,0.043503,0.045798,0.034742,0.039508,0.110277,0.106522,0.136102,0.061975,0.023193,0.021612,0.020376,0.021550
4400,3.975199,4.088291,4.294695,3.883032,0.029355,0.033262,0.028505,0.038799,0.050542,0.055096,0.036673,0.043869,0.109284,0.105865,0.134569,0.061190,0.023485,0.021962,0.020573,0.021682
4410,3.912713,4.090952,4.300248,3.882299,0.029315,0.033113,0.028455,0.038897,0.051004,0.056412,0.036559,0.043913,0.109115,0.105548,0.133800,0.061188,0.023534,0.022091,0.020522,0.021634
4420,4.047103,4.097335,4.358443,3.832549,0.029476,0.033393,0.028611,0.039418,0.059506,0.064276,0.039879,0.049559,0.108795,0.105450,0.132098,0.062830,0.024087,0.022226,0.021170,0.022097
4430,3.931027,4.090258,4.333089,3.845943,0.029758,0.033588,0.028694,0.039570,0.056974,0.060801,0.039564,0.047246,0.107887,0.105465,0.131965,0.063145,0.024144,0.022417,0.021426,0.022269
4440,3.950130,4.094487,4.310430,3.878485,0.029750,0.033394,0.028690,0.039374,0.053391,0.055768,0.037554,0.043573,0.107497,0.106034,0.133287,0.062802,0.023525,0.022201,0.020751,0.022101
4450,4.053571,4.072450,4.297454,3.850046,0.029691,0.033177,0.028629,0.039193,0.054121,0.057256,0.040184,0.046930,0.109033,0.106678,0.134811,0.062514,0.022951,0.021965,0.020406,0.021756
4460,3.994953,4.097843,4.330606,3.864844,0.029681,0.033328,0.028641,0.039330,0.052852,0.055933,0.038668,0.045647,0.109258,0.106883,0.135024,0.062890,0.023565,0.022282,0.020998,0.022228
4470,4.047753,4.095400,4.317748,3.872891,0.029753,0.033384,0.028585,0.039332,0.051145,0.055081,0.038460,0.045541,0.110733,0.107712,0.136348,0.062800,0.023960,0.022490,0.021171,0.022413
4480,3.961856,4.056593,4.304280,3.809560,0.029794,0.033203,0.028633,0.039513,0.060020,0.065011,0.042402,0.054393,0.109720,0.107175,0.135011,0.062053,0.023565,0.022125,0.020731,0.021882
4490,3.979682,4.093044,4.310730,3.873713,0.029564,0.033109,0.028545,0.039499,0.056578,0.061248,0.038490,0.049464,0.108447,0.106274,0.134441,0.061024,0.023630,0.021980,0.020388,0.021602
4500,3.921418,4.073824,4.290538,3.859261,0.029455,0.032825,0.028444,0.039039,0.051731,0.056155,0.038305,0.045155,0.109377,0.107066,0.135506,0.060278,0.022773,0.021426,0.019658,0.020864
4510,3.961719,4.080308,4.289052,3.872281,0.029350,0.032717,0.028232,0.038857,0.049848,0.053823,0.037847,0.043682,0.108442,0.106283,0.135463,0.059889,0.022552,0.021390,0.019558,0.020628
4520,4.070549,4.100202,4.316127,3.884155,0.029385,0.032808,0.028121,0.038766,0.051313,0.054936,0.038189,0.044330,0.108143,0.106355,0.135981,0.060702,0.022663,0.021461,0.019663,0.020805
4530,3.960852,4.077010,4.285706,3.870501,0.029369,0.032558,0.028167,0.038596,0.051888,0.055477,0.040340,0.045564,0.109645,0.107713,0.137096,0.060690,0.023070,0.022025,0.020056,0.021222
4540,3.917100,4.109731,4.321422,3.898804,0.029413,0.032777,0.028230,0.038671,0.050204,0.053838,0.037573,0.044151,0.110725,0.107277,0.136989,0.062303,0.024309,0.022942,0.021208,0.022324
4550,4.098195,4.126422,4.322502,3.929885,0.029508,0.033065,0.028176,0.038979,0.048951,0.054090,0.035291,0.042987,0.111368,0.106939,0.137672,0.062667,0.024609,0.022992,0.021415,0.022561
4560,3.935911,4.066913,4.297932,3.838244,0.029561,0.032919,0.028417,0.038806,0.056495,0.062586,0.040663,0.049639,0.111407,0.107866,0.136786,0.062403,0.023836,0.022688,0.021016,0.022161
4570,3.937609,4.072796,4.327399,3.817734,0.029601,0.033133,0.028593,0.038955,0.058361,0.064251,0.041022,0.051239,0.110687,0.106858,0.134372,0.062963,0.024103,0.022763,0.021289,0.022405
4580,3.889060,4.113419,4.366592,3.858367,0.029641,0.033232,0.028662,0.038924,0.054696,0.059882,0.038351,0.048595,0.111965,0.106977,0.135232,0.063676,0.024971,0.023137,0.021916,0.023125
4590,3.934892,4.075338,4.315598,3.836040,0.029711,0.033147,0.028529,0.039300,0.056053,0.060750,0.039919,0.049341,0.111785,0.107702,0.136211,0.062948,0.024624,0.023060,0.021623,0.022930
4600,3.988378,4.059783,4.282254,3.842608,0.029661,0.032778,0.028564,0.038900,0.054503,0.056948,0.041267,0.048629,0.112262,0.108435,0.137939,0.061785,0.023853,0.022826,0.020961,0.022300
4610,3.952334,4.075092,4.298527,3.855232,0.029573,0.032631,0.028557,0.038544,0.052915,0.055290,0.040727,0.047813,0.112982,0.109002,0.137565,0.062229,0.024140,0.023031,0.021311,0.022620
4620,3.906658,4.093053,4.307897,3.878175,0.029479,0.032451,0.028363,0.038335,0.050790,0.054883,0.038240,0.045161,0.112773,0.108393,0.136703,0.062186,0.024606,0.023029,0.021411,0.022818
4630,3.914078,4.078234,4.319993,3.838874,0.029485,0.032472,0.028354,0.038589,0.055422,0.059169,0.042474,0.050094,0.113964,0.109429,0.137060,0.062352,0.024134,0.022767,0.021218,0.022644
4640,4.004273,4.054505,4.319995,3.790135,0.029721,0.032810,0.028653,0.039327,0.061854,0.065538,0.046545,0.055852,0.112667,0.108596,0.135075,0.062694,0.023881,0.022616,0.021159,0.022555
4650,3.903178,4.062265,4.296580,3.828071,0.029788,0.032767,0.028662,0.039804,0.063950,0.068250,0.047789,0.057735,0.111345,0.107366,0.134363,0.061793,0.024221,0.022864,0.021220,0.022527
4660,3.991532,4.106075,4.332323,3.880389,0.029884,0.033076,0.028498,0.039990,0.059982,0.064451,0.044175,0.052756,0.111317,0.106945,0.135741,0.062101,0.024397,0.022813,0.021303,0.022645
4670,3.974473,4.088401,4.330025,3.847592,0.030084,0.033233,0.028496,0.039919,0.059150,0.062343,0.043421,0.050676,0.111332,0.107469,0.135503,0.062399,0.023782,0.022586,0.020968,0.022339
4680,3.988253,4.105478,4.386716,3.822417,0.030274,0.033467,0.028721,0.039818,0.058945,0.062265,0.043900,0.051499,0.110017,0.106961,0.133545,0.063159,0.023682,0.022437,0.021023,0.022316
4690,3.942616,4.111325,4.369236,3.849898,0.030344,0.033405,0.028733,0.039787,0.055797,0.060026,0.041481,0.049332,0.110061,0.106360,0.133079,0.063091,0.024004,0.022664,0.021195,0.022545
4700,3.863147,4.098285,4.344614,3.852243,0.030289,0.033165,0.028600,0.039504,0.054404,0.060483,0.040804,0.048020,0.111710,0.107364,0.134370,0.062954,0.023604,0.022167,0.020898,0.022173
4710,4.011055,4.079378,4.327069,3.831715,0.030266,0.033170,0.028599,0.039763,0.056679,0.064018,0.042317,0.049889,0.110529,0.107449,0.133668,0.062268,0.023189,0.022066,0.020481,0.021902
4720,3.976410,4.041147,4.284148,3.800127,0.030222,0.033100,0.028642,0.039811,0.060421,0.067371,0.045665,0.053415,0.111072,0.107199,0.134395,0.061102,0.022584,0.021706,0.019865,0.021157
4730,3.973838,4.024563,4.264003,3.787906,0.029955,0.032892,0.028630,0.039692,0.063112,0.067698,0.047633,0.056132,0.110778,0.106562,0.133904,0.059772,0.022017,0.021365,0.019272,0.020558
4740,3.938112,4.034503,4.272607,3.799846,0.029770,0.032815,0.028389,0.039656,0.062142,0.065446,0.046478,0.054333,0.112323,0.107344,0.136510,0.060474,0.022609,0.021829,0.019806,0.021192
4750,3.946712,4.062913,4.273022,3.856623,0.029651,0.032835,0.028208,0.039562,0.057785,0.060369,0.042865,0.049427,0.113366,0.107413,0.138124,0.060424,0.023047,0.022254,0.020004,0.021472
4760,3.970406,4.059198,4.287885,3.833858,0.029577,0.032942,0.028214,0.039720,0.060186,0.063013,0.044255,0.051717,0.113120,0.107076,0.137122,0.060441,0.022714,0.022008,0.019648,0.021206
4770,3.874885,4.125648,4.353577,3.894891,0.029610,0.033074,0.028287,0.039610,0.058301,0.060719,0.040559,0.048989,0.112971,0.107056,0.136174,0.061280,0.023429,0.022562,0.020204,0.022078
4780,3.953239,4.118459,4.351310,3.885211,0.029902,0.033122,0.028344,0.039226,0.055202,0.056685,0.040052,0.046341,0.114997,0.108492,0.137183,0.061990,0.023394,0.022464,0.020386,0.022142
4790,3.955648,4.074716,4.309163,3.841080,0.029888,0.033005,0.028335,0.039226,0.058019,0.060310,0.043155,0.049279,0.113083,0.107117,0.135688,0.061382,0.022898,0.022255,0.020156,0.021638
4800,3.912289,4.063047,4.303815,3.821941,0.029883,0.033066,0.028369,0.039572,0.063953,0.069440,0.047925,0.055718,0.111999,0.106350,0.135327,0.060978,0.022958,0.022199,0.020069,0.021554
4810,4.075316,4.090386,4.356808,3.819122,0.030016,0.033243,0.028529,0.039687,0.066994,0.073054,0.049854,0.059142,0.113411,0.107437,0.135589,0.062271,0.024725,0.023409,0.021496,0.023538
4820,4.019812,4.055515,4.308957,3.801162,0.030045,0.032907,0.028672,0.039167,0.064181,0.069402,0.048191,0.056464,0.114237,0.108258,0.135020,0.062126,0.024031,0.023074,0.021140,0.022929
4830,3.995433,4.045812,4.262161,3.833873,0.029846,0.032714,0.028565,0.038805,0.056648,0.059209,0.044661,0.050876,0.113561,0.107145,0.136024,0.061016,0.023659,0.023187,0.020938,0.022540
4840,3.974701,4.058199,4.272271,3.850547,0.029863,0.032690,0.028523,0.038477,0.055243,0.056555,0.044763,0.050725,0.114753,0.107919,0.137818,0.061238,0.023698,0.023452,0.021042,0.022717
4850,3.932286,4.060600,4.316501,3.807255,0.029977,0.032989,0.028555,0.038681,0.059703,0.062111,0.047487,0.054767,0.115115,0.108927,0.137293,0.062633,0.024611,0.024303,0.022130,0.024062
4860,4.063292,4.103883,4.323179,3.881777,0.029912,0.033093,0.028567,0.038830,0.057544,0.060492,0.043085,0.052847,0.114265,0.107823,0.135394,0.062994,0.025521,0.024966,0.022806,0.025094
4870,4.013161,4.047749,4.286866,3.811224,0.029769,0.032725,0.028459,0.038639,0.060871,0.064514,0.047252,0.055242,0.115186,0.108047,0.135115,0.062386,0.024091,0.023808,0.021612,0.023360
4880,3.975226,4.019866,4.292289,3.749265,0.029673,0.032465,0.028554,0.038574,0.068263,0.072255,0.054196,0.062966,0.114461,0.106872,0.132951,0.062099,0.023462,0.023196,0.021069,0.022643
4890,4.017526,4.033255,4.328656,3.736839,0.029760,0.032572,0.028707,0.038650,0.071898,0.075102,0.058971,0.066896,0.114791,0.106852,0.132759,0.062924,0.023822,0.023558,0.021633,0.023197
4900,3.899005,4.032692,4.300862,3.766399,0.029698,0.032423,0.028561,0.038422,0.064117,0.067305,0.051566,0.058793,0.116494,0.108311,0.135135,0.063132,0.024239,0.024025,0.022015,0.023675
4910,3.909678,4.049408,4.303977,3.795293,0.029681,0.032430,0.028408,0.038373,0.062343,0.065620,0.048518,0.056543,0.116140,0.107719,0.135784,0.062907,0.024518,0.024479,0.022206,0.024134
4920,3.906654,4.074088,4.301276,3.849584,0.029686,0.032453,0.028283,0.038245,0.058099,0.061172,0.044393,0.051425,0.117886,0.108686,0.138713,0.062385,0.024545,0.024562,0.022164,0.024084
4930,3.950080,4.109822,4.313787,3.907571,0.029554,0.032549,0.028218,0.038266,0.054574,0.058843,0.041669,0.047851,0.118788,0.109136,0.140185,0.061688,0.024504,0.024431,0.021936,0.023916
4940,3.959146,4.105779,4.318560,3.895802,0.029595,0.032798,0.028299,0.038411,0.054559,0.059692,0.042767,0.049506,0.120089,0.109521,0.140927,0.061448,0.023768,0.023551,0.021108,0.022893
4950,3.973187,4.061881,4.303812,3.823852,0.029628,0.032861,0.028374,0.038606,0.060717,0.065524,0.048455,0.055963,0.120108,0.109945,0.140330,0.061154,0.023019,0.023405,0.020683,0.022259
4960,3.914420,4.058434,4.299733,3.817758,0.029567,0.032848,0.028329,0.038851,0.063661,0.069630,0.048489,0.058111,0.118537,0.108397,0.138606,0.061113,0.023595,0.023831,0.021222,0.022660
4970,3.900038,4.071722,4.305314,3.838129,0.029566,0.032864,0.028227,0.039057,0.063484,0.070602,0.047990,0.056934,0.118367,0.108438,0.138546,0.061382,0.024362,0.024264,0.021880,0.023631
4980,3.898302,4.075449,4.320112,3.831907,0.029651,0.032953,0.028201,0.038905,0.063097,0.068599,0.047607,0.055320,0.118449,0.108484,0.138185,0.061666,0.024078,0.024094,0.021719,0.023616
4990,3.923496,4.168871,4.403927,3.929065,0.029688,0.033297,0.028299,0.038917,0.061699,0.067726,0.045061,0.055829,0.117170,0.106574,0.136355,0.062228,0.024955,0.024186,0.022217,0.023918
5000,3.858432,4.162225,4.386085,3.933424,0.029785,0.033562,0.028321,0.038916,0.059052,0.065426,0.042924,0.052581,0.117035,0.105632,0.136231,0.061824,0.023733,0.023013,0.021031,0.022347
5010,3.913538,4.117566,4.361842,3.871823,0.029794,0.033779,0.028349,0.039054,0.057972,0.065413,0.045237,0.052375,0.118201,0.105414,0.136246,0.061525,0.022603,0.022289,0.020150,0.021393
5020,3.920767,4.088037,4.303936,3.875308,0.029765,0.033447,0.028409,0.038717,0.055919,0.061345,0.045996,0.051799,0.119523,0.106751,0.137627,0.060514,0.022151,0.022552,0.020011,0.021294
5030,4.085598,4.083558,4.286356,3.882750,0.029794,0.033367,0.028285,0.038908,0.058718,0.061141,0.046375,0.052388,0.120140,0.108001,0.139913,0.060683,0.022856,0.023337,0.020509,0.022032
5040,3.913207,4.079967,4.298209,3.862631,0.029838,0.033557,0.028329,0.039574,0.063198,0.067685,0.051085,0.058024,0.120403,0.108504,0.138866,0.061574,0.024061,0.024212,0.021382,0.023358
5050,3.907252,4.087095,4.334363,3.838787,0.029951,0.033545,0.028443,0.039417,0.063003,0.067634,0.049367,0.056710,0.119880,0.108199,0.138196,0.062226,0.024376,0.024491,0.021558,0.023751
5060,3.864501,4.064919,4.341403,3.787398,0.030076,0.033364,0.028550,0.039020,0.065215,0.070962,0.050834,0.059508,0.118825,0.107610,0.137113,0.062517,0.024262,0.024355,0.021571,0.023600
5070,3.863820,4.053239,4.346113,3.762661,0.030055,0.033281,0.028531,0.038880,0.064939,0.070611,0.053207,0.061331,0.119919,0.108197,0.137075,0.062521,0.024258,0.024432,0.021900,0.023716
5080,4.008816,4.081022,4.330816,3.831638,0.030082,0.033255,0.028460,0.038737,0.060337,0.065011,0.047640,0.054918,0.119196,0.107626,0.137330,0.062439,0.025103,0.025110,0.022554,0.024445
5090,3.974092,4.093688,4.296655,3.890785,0.030021,0.032866,0.028161,0.038333,0.057229,0.062162,0.042976,0.049527,0.118757,0.108826,0.139664,0.061780,0.025339,0.025345,0.022574,0.024584
5100,3.992734,4.149987,4.363410,3.935918,0.030039,0.033060,0.028067,0.038142,0.054664,0.060748,0.040663,0.047775,0.119195,0.109156,0.139834,0.062198,0.024939,0.024549,0.022272,0.024239
5110,3.863735,4.110472,4.326901,3.894149,0.030093,0.032979,0.028024,0.037876,0.053447,0.060821,0.041066,0.048230,0.120151,0.109208,0.139779,0.061699,0.024022,0.023681,0.021287,0.022997
5120,3.945588,4.087610,4.306643,3.869880,0.030076,0.032849,0.028051,0.037812,0.055694,0.063290,0.043178,0.050635,0.119138,0.108635,0.139411,0.060682,0.023254,0.023310,0.020705,0.022183
5130,3.915899,4.090736,4.286711,3.896240,0.030069,0.032767,0.028051,0.037905,0.055647,0.060894,0.042244,0.048574,0.119706,0.109672,0.141372,0.059395,0.022674,0.023077,0.020158,0.021568
5140,3.911697,4.081279,4.313429,3.850724,0.030089,0.032844,0.028226,0.037916,0.060503,0.063963,0.045416,0.051984,0.120124,0.110885,0.141017,0.059221,0.022195,0.022755,0.019830,0.021343
5150,3.820749,4.156771,4.412478,3.894782,0.030118,0.033261,0.028455,0.037833,0.059929,0.062484,0.044688,0.053006,0.119661,0.110333,0.140070,0.060276,0.023400,0.023636,0.020853,0.022427
5160,3.813763,4.180772,4.452160,3.901284,0.030188,0.033519,0.028530,0.037839,0.057666,0.061093,0.044427,0.052351,0.121779,0.110417,0.140817,0.061183,0.023570,0.023227,0.020734,0.022323
5170,3.868442,4.079517,4.339714,3.816864,0.030165,0.033474,0.028473,0.038134,0.063442,0.069513,0.049868,0.057941,0.121831,0.109809,0.139979,0.060205,0.021994,0.022390,0.019713,0.021183
5180,4.011043,4.065423,4.290953,3.841620,0.030064,0.033330,0.028189,0.038619,0.061914,0.067698,0.049212,0.055558,0.121167,0.109779,0.142006,0.058992,0.021645,0.022442,0.019335,0.020628
5190,4.058129,4.057815,4.284422,3.835760,0.030254,0.033305,0.028174,0.038630,0.063704,0.068549,0.049608,0.056011,0.122129,0.111383,0.144418,0.059058,0.022222,0.023200,0.019830,0.021313
5200,3.879924,4.084568,4.316720,3.854836,0.030271,0.033524,0.028106,0.038768,0.061861,0.067042,0.048452,0.055341,0.121438,0.110610,0.143481,0.060013,0.023897,0.024892,0.021430,0.023044
5210,3.918933,4.058593,4.322244,3.796097,0.030447,0.033477,0.028113,0.038904,0.066229,0.073708,0.052702,0.061242,0.121384,0.110680,0.143249,0.060199,0.024469,0.025266,0.021966,0.023544
5220,3.886560,4.060401,4.345788,3.776797,0.030449,0.033313,0.028119,0.038475,0.068247,0.073375,0.053236,0.060724,0.122031,0.111468,0.142711,0.060249,0.024203,0.025064,0.021779,0.023560
5230,3.965814,4.051281,4.302135,3.801886,0.030313,0.033136,0.028036,0.038433,0.065672,0.070538,0.051699,0.057394,0.121592,0.111379,0.143400,0.059334,0.023874,0.024838,0.021216,0.023019
5240,3.937628,4.096899,4.327618,3.867609,0.030045,0.033164,0.027972,0.038302,0.059673,0.063415,0.047156,0.051119,0.122877,0.111695,0.144915,0.059525,0.023921,0.024747,0.021250,0.023090
5250,3.909618,4.138660,4.355478,3.921866,0.030014,0.033218,0.027936,0.038485,0.054277,0.057074,0.044277,0.047637,0.124437,0.112846,0.146190,0.060326,0.024711,0.025301,0.021817,0.023883
5260,3.868519,4.098453,4.339850,3.859571,0.030368,0.033364,0.028234,0.038504,0.058336,0.063268,0.048550,0.053227,0.126423,0.114119,0.146654,0.060158,0.024002,0.024614,0.021149,0.023168
5270,3.870416,4.104338,4.355429,3.849493,0.030346,0.033417,0.028281,0.038675,0.062852,0.068865,0.049487,0.055730,0.125734,0.112668,0.144835,0.060015,0.024530,0.024950,0.021497,0.023362
5280,3.878912,4.088090,4.379453,3.793219,0.030370,0.033284,0.028168,0.038665,0.070116,0.076173,0.056090,0.063082,0.126450,0.113320,0.145462,0.059908,0.024078,0.024345,0.021107,0.022957
5290,3.968190,4.089455,4.320513,3.859471,0.030148,0.032914,0.027827,0.038299,0.059733,0.064097,0.048511,0.052040,0.126230,0.113405,0.145882,0.058909,0.023796,0.024767,0.020919,0.022657
5300,3.897667,4.092582,4.306393,3.883713,0.030104,0.032717,0.027862,0.038289,0.056563,0.060134,0.047322,0.049141,0.127083,0.114035,0.146569,0.058638,0.023623,0.024671,0.020789,0.022516
5310,3.919369,4.049243,4.302099,3.798964,0.030282,0.032890,0.027907,0.038548,0.065979,0.069437,0.054912,0.058265,0.125832,0.114261,0.146145,0.058614,0.023548,0.024962,0.020738,0.022535
5320,3.958451,4.066652,4.312723,3.821407,0.030232,0.033042,0.027918,0.038666,0.066624,0.070698,0.055206,0.059949,0.124885,0.112930,0.145038,0.058861,0.023830,0.025126,0.020937,0.022613
5330,3.877393,4.127272,4.351678,3.902336,0.030096,0.033285,0.027930,0.038771,0.059131,0.062593,0.048772,0.052507,0.126289,0.112704,0.146319,0.059206,0.024400,0.025275,0.021458,0.023027
5340,3.874649,4.111453,4.331933,3.892623,0.030153,0.033348,0.027981,0.039057,0.059942,0.063125,0.049899,0.052938,0.127586,0.113506,0.147252,0.059302,0.023820,0.024952,0.021082,0.022698
5350,3.999678,4.099257,4.341837,3.857266,0.030308,0.033773,0.027947,0.039689,0.063682,0.067712,0.053138,0.057541,0.126981,0.112397,0.147508,0.059806,0.024242,0.025642,0.021335,0.023168
5360,3.964175,4.009061,4.264600,3.757612,0.030462,0.033576,0.028012,0.039317,0.071586,0.076562,0.061386,0.065794,0.126320,0.112289,0.147026,0.059155,0.023081,0.025000,0.020141,0.022162
5370,3.937657,4.028042,4.318413,3.740920,0.030459,0.033605,0.028054,0.039160,0.075794,0.078442,0.065362,0.068794,0.126152,0.112880,0.146182,0.059725,0.024144,0.026001,0.021221,0.023128
5380,3.970362,4.086311,4.358634,3.814444,0.030532,0.033916,0.028139,0.039117,0.067621,0.068278,0.056264,0.059017,0.129078,0.114588,0.148630,0.060805,0.026851,0.028260,0.023817,0.025975
5390,3.981716,4.099663,4.348312,3.851391,0.030460,0.033976,0.028043,0.039482,0.062779,0.065521,0.052730,0.055660,0.129884,0.114702,0.149482,0.061213,0.027483,0.027977,0.023995,0.025941
5400,3.863065,4.080166,4.338469,3.825803,0.030386,0.033963,0.027901,0.039433,0.065093,0.068969,0.054708,0.058164,0.131188,0.115729,0.150811,0.061273,0.025678,0.026028,0.022602,0.024356
5410,3.984475,4.010435,4.282776,3.740943,0.030491,0.033862,0.027902,0.040066,0.076332,0.080525,0.064947,0.070299,0.129127,0.114227,0.149012,0.060269,0.024678,0.025707,0.021723,0.023460
5420,3.990392,4.018564,4.307987,3.729521,0.030482,0.033850,0.028035,0.040138,0.079494,0.084285,0.071485,0.076042,0.127266,0.112581,0.146915,0.059595,0.025287,0.025903,0.022095,0.023973
5430,3.865741,4.045991,4.340409,3.751812,0.030518,0.033614,0.028185,0.039397,0.073364,0.078538,0.061635,0.066307,0.128760,0.114410,0.148019,0.059985,0.026086,0.026276,0.022826,0.025098
5440,3.849757,4.103018,4.379386,3.826843,0.030460,0.033478,0.028139,0.038653,0.062516,0.067819,0.052782,0.056334,0.129753,0.115712,0.148967,0.060363,0.026295,0.026225,0.022991,0.024963
5450,4.051210,4.121139,4.314493,3.931574,0.030210,0.033324,0.027773,0.038072,0.052999,0.057801,0.046208,0.048406,0.132080,0.116763,0.151605,0.060065,0.025683,0.025924,0.022425,0.024207
5460,3.924942,4.064212,4.290417,3.841823,0.030404,0.033605,0.027779,0.038983,0.062867,0.068832,0.052726,0.058416,0.130187,0.115155,0.151256,0.059385,0.024417,0.025134,0.021297,0.022933
5470,3.924116,4.039649,4.313690,3.767947,0.030609,0.033870,0.027982,0.039594,0.073177,0.078206,0.061663,0.069079,0.129284,0.114683,0.149449,0.059553,0.024528,0.025357,0.021296,0.023015
5480,3.840637,4.085841,4.355557,3.814402,0.030591,0.034101,0.028018,0.039823,0.070329,0.075118,0.057973,0.063703,0.129682,0.114955,0.150035,0.060162,0.026204,0.026731,0.022662,0.024595
5490,3.987454,4.081160,4.356406,3.805317,0.030585,0.033969,0.027911,0.039253,0.068737,0.073646,0.056215,0.060577,0.131030,0.115100,0.151437,0.060204,0.025286,0.025900,0.022057,0.023878
5500,3.940285,4.052038,4.307074,3.799583,0.030485,0.033611,0.027790,0.038732,0.066745,0.072071,0.056475,0.061077,0.132081,0.116083,0.152223,0.059804,0.023863,0.025060,0.020767,0.022453
5510,3.877172,4.073037,4.316577,3.832328,0.030400,0.033566,0.027612,0.038637,0.065304,0.070009,0.055236,0.059507,0.132294,0.116459,0.153101,0.059900,0.024142,0.024945,0.020841,0.022531
5520,3.950227,4.074209,4.312272,3.837882,0.030499,0.033859,0.027543,0.038835,0.065413,0.070821,0.055143,0.059087,0.133900,0.117191,0.155575,0.060193,0.024476,0.024766,0.021018,0.022675
5530,3.929205,4.044672,4.290789,3.802095,0.030736,0.034208,0.027561,0.039000,0.068762,0.073721,0.059225,0.063434,0.132827,0.116624,0.155213,0.059974,0.023871,0.024640,0.020452,0.022001
5540,3.869469,4.076005,4.321635,3.832793,0.030936,0.034574,0.027694,0.038743,0.065945,0.069470,0.056665,0.060119,0.132798,0.116957,0.156281,0.059678,0.024125,0.024779,0.020610,0.022142
5550,3.915245,4.086211,4.332067,3.842020,0.030966,0.034774,0.027739,0.038791,0.066894,0.069288,0.057316,0.059671,0.133521,0.117303,0.156785,0.059800,0.024924,0.025491,0.021421,0.023055
5560,3.905030,4.113919,4.331536,3.899838,0.030775,0.034639,0.027486,0.038549,0.062298,0.064969,0.053820,0.056476,0.135087,0.118102,0.158726,0.060236,0.025290,0.025824,0.021796,0.023384
5570,3.923850,4.063836,4.300797,3.831302,0.030925,0.034325,0.027487,0.038660,0.067407,0.070709,0.057922,0.060812,0.134388,0.117639,0.157358,0.059969,0.025033,0.025656,0.021535,0.023183
5580,3.997323,4.078373,4.286922,3.874731,0.030754,0.034147,0.027380,0.038502,0.065351,0.067729,0.055730,0.057955,0.135428,0.118188,0.159230,0.059848,0.024912,0.025762,0.021437,0.023144
5590,3.908290,4.100810,4.342916,3.857352,0.030948,0.034229,0.027388,0.038896,0.069878,0.071659,0.058629,0.060640,0.134660,0.118338,0.159123,0.060161,0.026005,0.026311,0.022416,0.024042
5600,3.901193,4.075953,4.306579,3.845083,0.031107,0.034213,0.027438,0.039126,0.068302,0.071006,0.058848,0.061936,0.135374,0.118350,0.159052,0.059905,0.025212,0.025802,0.021528,0.023012
5610,3.918597,4.048161,4.285966,3.814774,0.030912,0.034025,0.027455,0.039200,0.068142,0.071543,0.060144,0.063692,0.134755,0.117270,0.158092,0.059458,0.024051,0.024878,0.020375,0.021984
5620,3.919982,3.996951,4.281576,3.716204,0.031128,0.034063,0.027614,0.039758,0.080368,0.081956,0.070968,0.075291,0.133768,0.117118,0.156636,0.059667,0.024020,0.025213,0.020676,0.022499
5630,3.912536,3.973869,4.304158,3.645514,0.031152,0.034329,0.027765,0.040081,0.090735,0.091506,0.086006,0.089191,0.132535,0.116358,0.154180,0.060614,0.025335,0.026748,0.021926,0.023729
5640,3.951340,4.022938,4.328479,3.718271,0.031036,0.034453,0.027686,0.039764,0.081296,0.083030,0.072655,0.075464,0.133887,0.115999,0.156285,0.061443,0.028350,0.028610,0.024293,0.025849
5650,3.845848,4.078950,4.360532,3.797525,0.030878,0.034417,0.027584,0.039362,0.072986,0.076058,0.062800,0.064643,0.135812,0.116844,0.157479,0.061802,0.028915,0.028152,0.024539,0.026314
5660,3.955462,4.106546,4.352397,3.861939,0.030685,0.034301,0.027511,0.038806,0.066079,0.069534,0.056149,0.057663,0.138389,0.118313,0.159569,0.061813,0.027222,0.026546,0.023023,0.024632
5670,3.980388,4.117317,4.345142,3.889714,0.030615,0.034437,0.027506,0.038715,0.064537,0.067521,0.054437,0.055561,0.139446,0.119021,0.160036,0.061410,0.025914,0.025495,0.021994,0.023290
5680,3.947257,4.059049,4.311336,3.808561,0.031155,0.034789,0.027650,0.039194,0.072395,0.076002,0.062416,0.065684,0.139361,0.119598,0.160232,0.061068,0.025340,0.025407,0.021775,0.023059
5690,3.847254,4.089046,4.360128,3.815013,0.031187,0.034929,0.027717,0.039143,0.075426,0.078350,0.065840,0.067838,0.138324,0.119204,0.159625,0.061309,0.027340,0.027160,0.023222,0.024504
5700,3.934242,4.065244,4.308947,3.822117,0.031137,0.034620,0.027577,0.038935,0.072164,0.075358,0.062098,0.063392,0.140649,0.120372,0.161792,0.061112,0.025676,0.025724,0.022291,0.023422
5710,3.843305,4.134871,4.378932,3.892162,0.030993,0.034477,0.027491,0.038725,0.067134,0.069360,0.057723,0.058063,0.141535,0.121243,0.162361,0.061232,0.026469,0.026175,0.022985,0.023949
5720,3.864503,4.099137,4.318252,3.879479,0.031181,0.034488,0.027442,0.039012,0.068338,0.070238,0.057589,0.059274,0.143289,0.121629,0.163065,0.061328,0.027433,0.027124,0.023804,0.025062
5730,3.887742,4.104482,4.339971,3.867633,0.031117,0.034710,0.027451,0.039268,0.068687,0.071697,0.058067,0.059706,0.141564,0.119851,0.162368,0.061400,0.027268,0.027191,0.023342,0.024374
5740,3.837343,4.048606,4.341897,3.753919,0.031561,0.035078,0.027660,0.039948,0.081233,0.084934,0.069940,0.072461,0.139493,0.118799,0.160872,0.061363,0.025877,0.026200,0.022448,0.023457
5750,4.032458,4.064746,4.397565,3.725844,0.031567,0.035185,0.027725,0.040278,0.087289,0.090924,0.077732,0.078987,0.139671,0.118567,0.159761,0.061767,0.026498,0.026212,0.022856,0.024037
5760,3.980356,4.066514,4.358823,3.771795,0.031252,0.034749,0.027518,0.039590,0.078394,0.082551,0.066848,0.069002,0.142858,0.120471,0.161791,0.062033,0.026027,0.025766,0.022442,0.023621
5770,3.864127,4.117296,4.316155,3.920980,0.031136,0.034843,0.027393,0.039035,0.065507,0.069094,0.055375,0.056340,0.145260,0.121701,0.166173,0.061702,0.026170,0.026112,0.022418,0.023474
5780,3.939036,4.149283,4.305068,3.996531,0.031170,0.034946,0.027304,0.039032,0.062404,0.066377,0.051497,0.051758,0.145923,0.122154,0.168708,0.061279,0.025994,0.025969,0.022247,0.023204
5790,3.886238,4.139285,4.352117,3.928061,0.031526,0.035455,0.027386,0.039875,0.068282,0.072821,0.056935,0.058385,0.145665,0.121857,0.167559,0.061644,0.027038,0.026546,0.023396,0.024442
5800,3.936000,4.123399,4.403278,3.842390,0.031845,0.036079,0.027557,0.040752,0.074728,0.079371,0.064932,0.066511,0.144856,0.121090,0.166009,0.062390,0.028215,0.027823,0.024608,0.025820
5810,3.886166,4.089464,4.367949,3.808173,0.031963,0.036259,0.027573,0.040607,0.077272,0.081621,0.067954,0.067829,0.144034,0.120668,0.165657,0.062498,0.028202,0.027441,0.024321,0.025841
5820,3.940268,4.102494,4.355113,3.845539,0.031764,0.035971,0.027497,0.039891,0.077436,0.082611,0.069006,0.066166,0.143933,0.121046,0.165156,0.062545,0.028266,0.027056,0.023677,0.025398
5830,3.938430,4.096499,4.309609,3.881675,0.031791,0.035971,0.027419,0.039575,0.074198,0.080409,0.064268,0.062988,0.146175,0.122600,0.167147,0.062110,0.025852,0.025474,0.021888,0.023244
5840,3.877946,4.044800,4.289238,3.806534,0.031922,0.036061,0.027641,0.039617,0.078026,0.081892,0.066998,0.067925,0.147002,0.123292,0.167709,0.061674,0.023903,0.024815,0.020718,0.022330
5850,3.957213,4.046491,4.361879,3.734079,0.032015,0.036255,0.027859,0.039922,0.084389,0.087239,0.074639,0.076363,0.146499,0.122318,0.166307,0.062011,0.026542,0.027407,0.023417,0.024980
5860,3.810646,4.088819,4.362386,3.809992,0.031826,0.036261,0.027785,0.040159,0.079774,0.083381,0.073711,0.072493,0.145978,0.120152,0.164958,0.062110,0.030844,0.029974,0.026593,0.027711
5870,4.049451,4.093306,4.359531,3.824240,0.031654,0.036151,0.027581,0.040234,0.077365,0.081580,0.071589,0.070221,0.148075,0.121000,0.166997,0.062607,0.029420,0.027886,0.025286,0.026252
5880,3.944571,4.054097,4.315106,3.791777,0.031686,0.036172,0.027626,0.040042,0.078554,0.084626,0.073487,0.072333,0.148183,0.121072,0.166650,0.062533,0.027364,0.026396,0.023522,0.024225
5890,4.081060,4.083881,4.340036,3.823879,0.031524,0.036175,0.027639,0.039761,0.078340,0.084123,0.072044,0.069774,0.149140,0.121770,0.167757,0.062542,0.027694,0.026534,0.023773,0.024629
5900,3.912253,4.083751,4.330964,3.832654,0.031486,0.036347,0.027480,0.039992,0.078129,0.082616,0.071565,0.070389,0.150002,0.122138,0.168985,0.062249,0.027257,0.026391,0.023495,0.024342
5910,3.786795,4.120724,4.398450,3.841606,0.031649,0.036801,0.027461,0.039914,0.076748,0.080805,0.070057,0.069241,0.151283,0.122663,0.169963,0.062025,0.027252,0.026184,0.023672,0.024495
5920,3.981433,4.118812,4.403128,3.830443,0.031822,0.037020,0.027663,0.040032,0.078496,0.082829,0.072366,0.071616,0.150419,0.122722,0.168882,0.061729,0.027316,0.026366,0.023545,0.024508
5930,3.978118,4.140859,4.398207,3.879804,0.031501,0.037017,0.027661,0.039849,0.076070,0.080688,0.068711,0.068623,0.153950,0.123378,0.170595,0.061870,0.026205,0.025267,0.022796,0.023665
5940,3.862257,4.122615,4.351717,3.893347,0.031229,0.037058,0.027492,0.039998,0.076294,0.080555,0.068138,0.068854,0.156522,0.123377,0.171813,0.061414,0.025419,0.024946,0.022070,0.022980
5950,3.860667,4.106018,4.349372,3.863830,0.031413,0.037193,0.027529,0.040045,0.076801,0.082294,0.068317,0.069465,0.157403,0.124779,0.173029,0.061530,0.025231,0.025338,0.022314,0.023196
5960,3.865784,4.112031,4.359837,3.862712,0.031658,0.037473,0.027736,0.040038,0.079317,0.084769,0.071705,0.072558,0.157870,0.125180,0.172737,0.061452,0.026441,0.025942,0.022903,0.023903
5970,3.834181,4.083047,4.335306,3.827115,0.032025,0.037531,0.027750,0.040074,0.081615,0.087605,0.074507,0.075373,0.157421,0.125652,0.173414,0.061369,0.026823,0.026556,0.023213,0.024259
5980,3.890738,4.036317,4.313204,3.761055,0.032227,0.037411,0.027675,0.039903,0.085321,0.092170,0.078607,0.079661,0.156293,0.126147,0.173830,0.061190,0.025566,0.025665,0.022074,0.023154
5990,3.875819,4.074338,4.301958,3.847772,0.032147,0.037123,0.027254,0.039673,0.078882,0.085838,0.071320,0.070832,0.156314,0.126441,0.175240,0.060737,0.025572,0.025815,0.021791,0.022805
6000,3.901273,4.023656,4.302312,3.745155,0.032596,0.037083,0.027525,0.040080,0.086999,0.092883,0.082118,0.080479,0.155510,0.127526,0.175192,0.060590,0.025572,0.026301,0.021964,0.023179
6010,3.999281,4.028819,4.352456,3.702005,0.032679,0.037395,0.027752,0.040452,0.092612,0.098600,0.090348,0.088454,0.154106,0.126760,0.174002,0.060841,0.028774,0.028572,0.024551,0.025541
6020,3.950255,4.036782,4.348414,3.720169,0.032658,0.037505,0.027776,0.040677,0.095569,0.100995,0.093074,0.092724,0.153871,0.125349,0.173755,0.060883,0.029559,0.029115,0.025263,0.026468
6030,3.880348,4.044197,4.362365,3.723551,0.032647,0.037473,0.027733,0.040816,0.094635,0.099887,0.089039,0.089550,0.155049,0.126291,0.174929,0.061073,0.026812,0.026604,0.023774,0.024873
6040,3.835288,4.096786,4.358582,3.831595,0.032254,0.037026,0.027452,0.040189,0.085447,0.090290,0.076985,0.076716,0.156116,0.128131,0.176211,0.061131,0.027229,0.026831,0.023658,0.024524
6050,3.955004,4.102979,4.341897,3.859136,0.032241,0.037171,0.027347,0.039838,0.081794,0.088197,0.073487,0.073115,0.158133,0.129180,0.177521,0.061096,0.027612,0.026235,0.023456,0.024104
6060,3.838465,4.108384,4.353602,3.864830,0.031766,0.037292,0.027282,0.039551,0.078133,0.083274,0.070633,0.070072,0.161645,0.130170,0.178475,0.061074,0.026497,0.025593,0.022715,0.023350
6070,3.906854,4.147579,4.386608,3.907223,0.031562,0.037568,0.027441,0.039257,0.076078,0.080594,0.068957,0.067022,0.164086,0.130284,0.180098,0.061332,0.028514,0.027182,0.024417,0.024993
6080,3.904985,4.142942,4.408160,3.873117,0.031536,0.037995,0.027627,0.039672,0.080704,0.086622,0.072932,0.071361,0.165329,0.130016,0.180766,0.061646,0.028309,0.026690,0.024698,0.025308
6090,4.079291,4.107047,4.362453,3.847982,0.031576,0.038289,0.027695,0.039985,0.083651,0.089826,0.076420,0.074728,0.167344,0.130423,0.181189,0.061717,0.026778,0.025515,0.023200,0.024006
6100,3.840901,4.020870,4.315029,3.727341,0.031885,0.037934,0.027957,0.040079,0.092596,0.098393,0.085283,0.084552,0.165362,0.131208,0.179988,0.061434,0.025684,0.025427,0.021906,0.022927
6110,3.932701,3.978935,4.297416,3.662213,0.032009,0.037762,0.027979,0.040164,0.100546,0.107114,0.095267,0.097339,0.164409,0.131784,0.179933,0.060841,0.026063,0.026000,0.022026,0.023363
6120,3.921074,3.994499,4.346402,3.639969,0.032233,0.037840,0.028120,0.040165,0.105978,0.112704,0.102886,0.104906,0.164304,0.132031,0.179524,0.061190,0.028819,0.028017,0.024391,0.025767
6130,3.916492,4.038426,4.351981,3.722662,0.032144,0.037913,0.028102,0.039890,0.096605,0.102385,0.088237,0.089939,0.167115,0.133723,0.182033,0.061515,0.029906,0.028399,0.025787,0.026388
6140,3.870027,4.097307,4.335560,3.862953,0.031688,0.037750,0.027822,0.039727,0.083867,0.088212,0.075795,0.075717,0.171065,0.136501,0.185623,0.061567,0.029140,0.027912,0.025157,0.025669
6150,3.875587,4.109241,4.373762,3.846659,0.032037,0.037889,0.027908,0.039593,0.084754,0.090673,0.077468,0.076182,0.171353,0.137253,0.186091,0.061955,0.029299,0.027483,0.025259,0.025970
6160,4.054711,4.023244,4.287907,3.760334,0.032206,0.038329,0.028086,0.040155,0.094980,0.100976,0.087678,0.087037,0.170330,0.135445,0.185133,0.061506,0.028050,0.027295,0.023616,0.024673
6170,3.863024,4.025016,4.308435,3.742875,0.032105,0.038904,0.028074,0.041208,0.103287,0.107271,0.099752,0.099126,0.167933,0.132405,0.184106,0.060865,0.029438,0.027953,0.024158,0.025074
6180,3.798018,4.019307,4.333053,3.704424,0.032062,0.038536,0.028095,0.041094,0.104545,0.109987,0.099804,0.097730,0.169061,0.134548,0.184776,0.060963,0.029644,0.028601,0.025492,0.026532
6190,3.980520,4.038370,4.324800,3.753510,0.031638,0.038132,0.027931,0.040780,0.098443,0.102033,0.089608,0.087417,0.170514,0.135575,0.185365,0.060972,0.029431,0.028734,0.025207,0.026221
6200,3.766114,4.087917,4.397456,3.778363,0.031769,0.038729,0.027771,0.040905,0.097686,0.100388,0.088113,0.085997,0.169880,0.134729,0.185525,0.061376,0.030930,0.028883,0.026064,0.026670
6210,3.880043,4.046333,4.334264,3.757014,0.032133,0.039021,0.028023,0.041001,0.099729,0.102442,0.088610,0.089173,0.171370,0.136149,0.186865,0.061201,0.028731,0.027589,0.024568,0.025227
6220,3.864920,4.019717,4.316264,3.726315,0.032044,0.039349,0.028211,0.041023,0.103190,0.104916,0.092306,0.094095,0.171764,0.136119,0.187872,0.060823,0.028052,0.027407,0.023357,0.024358
6230,3.867365,4.058892,4.359172,3.758360,0.032023,0.039484,0.028400,0.040927,0.100870,0.103411,0.091040,0.092079,0.172333,0.136221,0.189107,0.060758,0.029740,0.027917,0.024274,0.025214
6240,3.783320,4.073642,4.364358,3.778940,0.032010,0.039308,0.028567,0.040745,0.099043,0.102577,0.089700,0.090703,0.172336,0.137161,0.189207,0.060285,0.029643,0.027613,0.024092,0.025135
6250,4.032426,4.082366,4.359283,3.806089,0.031633,0.039316,0.028300,0.040640,0.096068,0.099299,0.084664,0.086486,0.173917,0.137727,0.189903,0.059852,0.027746,0.026157,0.022963,0.023785
6260,3.843842,4.089407,4.364304,3.811474,0.031487,0.039493,0.028223,0.040772,0.099856,0.101147,0.087978,0.089769,0.174231,0.136937,0.191271,0.059582,0.027998,0.026525,0.023196,0.024041
6270,3.938385,4.072678,4.371383,3.773375,0.031525,0.039765,0.028444,0.041013,0.103038,0.105444,0.092011,0.095796,0.175441,0.137237,0.191970,0.059886,0.028119,0.026379,0.023816,0.024289
6280,3.783982,4.058427,4.384060,3.728874,0.031952,0.039976,0.028631,0.041290,0.107466,0.110425,0.098815,0.101693,0.173906,0.136403,0.190168,0.060025,0.029482,0.026812,0.024027,0.024416
6290,3.802161,4.044382,4.324262,3.765923,0.031737,0.039761,0.028453,0.041172,0.102317,0.104968,0.091853,0.093918,0.175904,0.137664,0.191507,0.059899,0.028072,0.026097,0.022933,0.023485
6300,3.813647,4.074472,4.352029,3.797227,0.031965,0.039481,0.028463,0.040987,0.099171,0.100662,0.088299,0.087117,0.176354,0.139361,0.192246,0.059644,0.028473,0.026280,0.023207,0.024012
6310,3.801024,4.147118,4.410947,3.880420,0.031942,0.039494,0.028484,0.040850,0.093725,0.096575,0.082095,0.082343,0.178235,0.141060,0.193754,0.060096,0.030328,0.027316,0.025120,0.025834
6320,3.906346,4.034349,4.380719,3.683690,0.032288,0.039798,0.028647,0.041207,0.111514,0.116210,0.099494,0.102440,0.177519,0.139916,0.192930,0.060219,0.028275,0.026721,0.024215,0.024891
6330,3.747860,4.024419,4.383991,3.662163,0.032484,0.039900,0.028697,0.041321,0.118292,0.119977,0.109155,0.111681,0.175980,0.138992,0.191837,0.059663,0.029104,0.026487,0.023834,0.024556
6340,3.782782,3.963044,4.332671,3.594920,0.032400,0.039166,0.028824,0.041271,0.121353,0.123160,0.112972,0.115585,0.176909,0.141536,0.192366,0.058888,0.027408,0.026238,0.022681,0.023843
6350,3.923319,3.975354,4.368487,3.580174,0.032362,0.039374,0.029039,0.041259,0.122998,0.124943,0.114562,0.118136,0.178019,0.141683,0.192961,0.059200,0.029870,0.028065,0.024156,0.025445
6360,3.853326,4.038704,4.411322,3.661435,0.032057,0.039424,0.028798,0.040926,0.117866,0.120407,0.105137,0.108452,0.180460,0.142261,0.195123,0.059624,0.031082,0.028346,0.025466,0.026119
6370,3.783605,4.051270,4.397659,3.701665,0.031837,0.039468,0.028548,0.040725,0.115106,0.116933,0.100745,0.102541,0.181274,0.143531,0.197987,0.059917,0.030252,0.027387,0.025002,0.025379
6380,3.883948,3.958930,4.348056,3.567335,0.032285,0.039748,0.028609,0.041303,0.130166,0.130257,0.120196,0.123403,0.178372,0.143127,0.196674,0.059544,0.028754,0.026698,0.023471,0.024016
6390,3.875710,3.981855,4.322848,3.639626,0.031760,0.039788,0.028371,0.041528,0.125110,0.123710,0.112493,0.116900,0.178809,0.143937,0.199224,0.058465,0.029368,0.027264,0.023210,0.023820
6400,3.770419,4.084123,4.384545,3.780754,0.031461,0.039820,0.028266,0.041509,0.113535,0.112520,0.099926,0.101374,0.179832,0.145124,0.201969,0.058413,0.032289,0.028393,0.024830,0.025392
6410,3.852274,4.109009,4.400568,3.815601,0.031673,0.039746,0.028345,0.041486,0.108348,0.108306,0.092453,0.094336,0.181971,0.146830,0.201276,0.058735,0.030261,0.027094,0.024793,0.024749
6420,3.854252,3.995553,4.341167,3.649887,0.032487,0.040001,0.028538,0.041712,0.122617,0.120951,0.105686,0.108551,0.178999,0.145080,0.199976,0.058841,0.028468,0.026696,0.022941,0.023312
6430,3.928334,4.027302,4.436295,3.613494,0.033173,0.040097,0.028752,0.041890,0.127670,0.126665,0.115898,0.118714,0.176444,0.143583,0.197979,0.059733,0.030883,0.027235,0.025192,0.025392
6440,3.743534,4.010730,4.364600,3.653983,0.032886,0.039328,0.028581,0.041656,0.122635,0.122426,0.106937,0.109900,0.179016,0.146903,0.199665,0.059723,0.030205,0.026808,0.024491,0.024887
6450,3.855760,4.084812,4.393170,3.776423,0.032348,0.039350,0.028369,0.041580,0.113099,0.110774,0.095284,0.095963,0.182111,0.148564,0.201826,0.059434,0.029734,0.026484,0.023942,0.024368
6460,3.821542,4.069110,4.350708,3.787480,0.032266,0.039243,0.028436,0.041593,0.111242,0.109609,0.095129,0.095496,0.183837,0.149504,0.202533,0.058752,0.028066,0.025769,0.022730,0.023327
6470,3.832829,4.020024,4.351758,3.689947,0.032653,0.039340,0.028651,0.041673,0.121429,0.118906,0.104156,0.105471,0.182674,0.149215,0.202444,0.058381,0.027609,0.025666,0.022212,0.023068
6480,3.856483,4.045830,4.426276,3.660177,0.033043,0.039542,0.028800,0.041531,0.126765,0.125894,0.112513,0.114061,0.181745,0.149055,0.202827,0.059225,0.031342,0.027637,0.024924,0.025657
6490,3.955766,4.102740,4.468147,3.727066,0.032953,0.039866,0.028617,0.041413,0.125647,0.124027,0.108193,0.110528,0.182042,0.149143,0.203922,0.059816,0.030184,0.026232,0.024748,0.025151
6500,3.828344,4.123067,4.461015,3.780356,0.032621,0.039929,0.028457,0.041169,0.121101,0.116162,0.099877,0.102209,0.184543,0.150744,0.204783,0.059970,0.026697,0.024099,0.022809,0.023040
6510,3.815810,4.158331,4.416965,3.896091,0.032446,0.039765,0.028282,0.041060,0.112148,0.107365,0.091325,0.092373,0.186153,0.152538,0.207227,0.059630,0.027251,0.024090,0.022399,0.022363
6520,3.835224,3.967707,4.348919,3.587239,0.032587,0.039651,0.028283,0.041766,0.134782,0.129555,0.117177,0.122511,0.182636,0.150717,0.205040,0.059335,0.026874,0.024737,0.021695,0.022183
6530,3.913085,4.019178,4.422472,3.609643,0.032650,0.039991,0.028391,0.042226,0.134437,0.129807,0.121848,0.127362,0.180999,0.149291,0.204874,0.059296,0.031537,0.027632,0.024563,0.025152
6540,3.985114,4.013554,4.366103,3.655498,0.032292,0.040087,0.028396,0.042081,0.132212,0.127207,0.114155,0.120672,0.183668,0.150219,0.206305,0.059069,0.030785,0.027793,0.025277,0.025481
6550,3.801021,3.988642,4.377738,3.597959,0.032272,0.039907,0.028454,0.041763,0.138037,0.130339,0.117283,0.122799,0.183254,0.149892,0.206199,0.058940,0.029836,0.026884,0.024460,0.024636
6560,3.663281,4.056466,4.464779,3.639344,0.032426,0.039901,0.028561,0.041763,0.137087,0.130503,0.116162,0.121886,0.183576,0.150212,0.205688,0.059597,0.030318,0.026462,0.024817,0.024595
6570,3.842711,4.014796,4.391397,3.632604,0.032407,0.039633,0.028555,0.041691,0.135371,0.128955,0.110279,0.118339,0.185889,0.151704,0.206722,0.059816,0.027109,0.024915,0.022828,0.022877
6580,3.755011,4.020861,4.430725,3.606687,0.032527,0.039951,0.028798,0.041896,0.138143,0.130001,0.113659,0.122464,0.186380,0.151497,0.207527,0.059746,0.028885,0.025913,0.023614,0.023814
6590,3.820083,3.979954,4.396047,3.556741,0.032588,0.039790,0.028863,0.041922,0.142337,0.134919,0.119466,0.129615,0.186833,0.153353,0.207873,0.059521,0.029254,0.026241,0.024306,0.024300
6600,3.793306,4.043012,4.360103,3.728076,0.031381,0.039315,0.028371,0.041856,0.130286,0.121687,0.104704,0.113223,0.190677,0.155624,0.211245,0.059046,0.028308,0.025865,0.023537,0.023566
6610,3.736019,4.050061,4.380990,3.719090,0.031594,0.039458,0.028418,0.042015,0.132291,0.122143,0.108080,0.114612,0.191324,0.156704,0.212556,0.058761,0.029741,0.026448,0.024023,0.024139
6620,3.863927,4.056716,4.404817,3.704820,0.031966,0.039796,0.028591,0.041882,0.133870,0.124705,0.109642,0.116748,0.191501,0.157493,0.212812,0.058733,0.031119,0.027218,0.024566,0.024708
6630,3.751948,4.020929,4.373835,3.671499,0.031769,0.039535,0.028317,0.041833,0.135667,0.123917,0.108258,0.116470,0.192340,0.158960,0.213759,0.058418,0.028499,0.025797,0.022862,0.023582
6640,3.691804,4.148436,4.452497,3.838104,0.031681,0.039195,0.028208,0.041638,0.126094,0.115131,0.100865,0.106793,0.193173,0.160244,0.214756,0.058785,0.032740,0.027678,0.025467,0.025898
6650,3.679489,4.036765,4.431965,3.630902,0.032637,0.039776,0.028800,0.041890,0.143386,0.131650,0.119216,0.123771,0.191992,0.158301,0.213456,0.058808,0.031151,0.026753,0.024420,0.024829
6660,3.768077,4.013711,4.402995,3.624875,0.032361,0.039723,0.028715,0.042008,0.143104,0.130983,0.114591,0.123071,0.192268,0.159472,0.214499,0.058547,0.028481,0.025518,0.022358,0.023339
6670,4.073853,4.066158,4.399392,3.730337,0.032118,0.039789,0.028586,0.041829,0.134907,0.120858,0.108713,0.114606,0.194387,0.161956,0.216702,0.058413,0.029556,0.025814,0.022915,0.023926
6680,3.659572,4.070069,4.470164,3.658141,0.032543,0.040209,0.028849,0.041923,0.144452,0.128865,0.118267,0.123498,0.194246,0.161741,0.216470,0.058422,0.031106,0.026494,0.024509,0.024804
6690,3.628178,4.086843,4.528765,3.628393,0.032358,0.040221,0.028741,0.041911,0.150599,0.135426,0.121579,0.127381,0.194589,0.161353,0.216582,0.059111,0.028492,0.024985,0.023956,0.023423
6700,3.701004,4.008891,4.441439,3.567429,0.031627,0.039850,0.028246,0.042159,0.160888,0.143851,0.127357,0.136735,0.195172,0.161658,0.216897,0.058916,0.027104,0.024362,0.022194,0.022600
6710,3.900162,4.116901,4.501897,3.720147,0.031122,0.039564,0.028028,0.042060,0.147873,0.132114,0.116268,0.122282,0.196779,0.163883,0.218414,0.059160,0.029946,0.025866,0.023760,0.024057
6720,3.825970,4.004720,4.435322,3.562696,0.031949,0.039683,0.028411,0.042203,0.155993,0.141235,0.126177,0.132032,0.196157,0.164480,0.218039,0.059139,0.028284,0.025125,0.022996,0.023414
6730,3.777682,4.007844,4.438669,3.571568,0.032761,0.039966,0.028988,0.042105,0.156082,0.139131,0.125209,0.131714,0.197101,0.165608,0.218443,0.058851,0.027719,0.024723,0.022492,0.022837
6740,3.801927,4.029959,4.465668,3.588742,0.032916,0.040121,0.029065,0.042021,0.154688,0.137051,0.120571,0.130949,0.199278,0.167414,0.219786,0.059329,0.028322,0.025139,0.023378,0.023569
6750,3.729100,4.103257,4.459712,3.741555,0.032285,0.040298,0.028738,0.041867,0.147816,0.129134,0.115108,0.122278,0.202109,0.168328,0.222752,0.059485,0.029998,0.026053,0.024191,0.024469
6760,3.665818,3.975710,4.425027,3.518193,0.032383,0.040915,0.028812,0.042465,0.167813,0.146768,0.135174,0.143285,0.199826,0.165708,0.222027,0.059094,0.028912,0.025793,0.023471,0.024357
6770,3.601699,3.999198,4.545639,3.440281,0.032554,0.041286,0.029009,0.042439,0.173750,0.153841,0.144720,0.151993,0.198410,0.164159,0.221600,0.059270,0.030107,0.026327,0.024646,0.025196
6780,3.781004,3.941133,4.481138,3.388643,0.032168,0.040877,0.028896,0.042074,0.180953,0.158145,0.146213,0.157684,0.199507,0.165186,0.221750,0.059427,0.028776,0.025686,0.023972,0.024381
6790,3.782665,3.969816,4.463021,3.469807,0.031783,0.040622,0.028716,0.041603,0.178132,0.153871,0.139993,0.153110,0.200957,0.166638,0.222858,0.058834,0.028505,0.025433,0.023785,0.024017
6800,3.706005,3.962862,4.437966,3.483578,0.031920,0.040349,0.028762,0.041547,0.173739,0.148827,0.137869,0.147855,0.201812,0.168654,0.222999,0.058596,0.028322,0.025224,0.023129,0.023520
6810,3.615842,3.967892,4.436064,3.495035,0.032171,0.040241,0.028936,0.041499,0.171032,0.147214,0.134207,0.145527,0.202158,0.169057,0.223942,0.058654,0.029384,0.025680,0.023100,0.023737
6820,3.641541,3.908638,4.443574,3.365322,0.032618,0.040689,0.029185,0.041919,0.182714,0.158429,0.144895,0.159134,0.202368,0.168428,0.223671,0.058616,0.030119,0.025888,0.023523,0.024197
6830,3.578255,3.981956,4.448381,3.508008,0.032546,0.040903,0.029052,0.042238,0.174148,0.149088,0.134968,0.146992,0.203335,0.169792,0.224432,0.058694,0.030977,0.026371,0.024104,0.024720
6840,3.672158,4.019087,4.454571,3.579559,0.032517,0.040705,0.028969,0.042308,0.170441,0.141620,0.127310,0.140757,0.204923,0.172173,0.224982,0.058950,0.029099,0.025425,0.023228,0.023763
6850,3.551394,4.065962,4.523691,3.597471,0.032470,0.040919,0.028869,0.042101,0.172007,0.144796,0.132164,0.143361,0.205688,0.171328,0.225753,0.059152,0.031015,0.026263,0.024107,0.024553
6860,3.923774,4.002240,4.527877,3.461995,0.032879,0.041733,0.029013,0.042345,0.182629,0.155202,0.144032,0.153379,0.205485,0.169904,0.226229,0.058905,0.030625,0.025916,0.023558,0.024147
6870,3.641928,3.865102,4.459860,3.261613,0.033109,0.042189,0.029218,0.042795,0.200292,0.170059,0.155979,0.170809,0.205938,0.171559,0.225984,0.058606,0.027528,0.024383,0.022129,0.022917
6880,3.522648,3.884001,4.521701,3.233872,0.032779,0.041892,0.028995,0.042839,0.202753,0.173230,0.159894,0.173958,0.207018,0.173294,0.226877,0.058934,0.030206,0.025907,0.024285,0.024370
6890,3.693612,3.947227,4.445973,3.438735,0.032285,0.041226,0.028800,0.042630,0.189180,0.159698,0.149210,0.160486,0.208634,0.175014,0.228638,0.058862,0.031912,0.027292,0.024838,0.024921
6900,3.689656,3.884320,4.447459,3.310867,0.032800,0.041996,0.029103,0.042990,0.198723,0.169455,0.155854,0.167190,0.208416,0.173468,0.228167,0.058881,0.030123,0.026299,0.023979,0.024415
6910,3.562450,3.867980,4.505400,3.216083,0.033012,0.042245,0.029174,0.043129,0.205961,0.177210,0.164176,0.175761,0.207830,0.172976,0.228460,0.059015,0.030642,0.026575,0.024458,0.024906
6920,3.694679,3.918017,4.526166,3.296770,0.032980,0.042024,0.029203,0.042838,0.200781,0.171155,0.157411,0.169151,0.209127,0.173962,0.229544,0.059001,0.030331,0.026155,0.024087,0.024384
6930,3.760156,3.920397,4.534815,3.292969,0.033164,0.041655,0.029020,0.042371,0.201496,0.171667,0.158549,0.170730,0.210039,0.174683,0.229083,0.058929,0.030429,0.025520,0.023618,0.024108
6940,3.689981,3.804501,4.487973,3.108799,0.033326,0.041932,0.029386,0.042326,0.217479,0.187672,0.173437,0.187139,0.209698,0.174090,0.228521,0.058827,0.029568,0.025363,0.023028,0.023530
6950,3.529575,3.811172,4.440035,3.178407,0.033164,0.041990,0.029568,0.042274,0.212650,0.182906,0.164434,0.181972,0.211964,0.175140,0.229098,0.058504,0.028228,0.024495,0.022140,0.022583
6960,3.605835,3.974184,4.478333,3.462489,0.032534,0.041502,0.029215,0.041913,0.191270,0.163303,0.148353,0.161360,0.214606,0.176065,0.231107,0.058468,0.031601,0.026653,0.023949,0.024128
6970,3.706822,4.060683,4.524687,3.584288,0.032385,0.041534,0.029196,0.041815,0.188020,0.157475,0.144219,0.155606,0.215786,0.176447,0.232357,0.058331,0.032974,0.027808,0.024524,0.024879
6980,3.895314,4.106260,4.604507,3.593900,0.032536,0.041576,0.029175,0.041844,0.190015,0.157900,0.141042,0.151779,0.216463,0.177162,0.232871,0.058694,0.030384,0.025803,0.023349,0.023358
6990,3.493585,3.875035,4.564032,3.163882,0.033034,0.043151,0.029405,0.042254,0.220161,0.188796,0.174354,0.185817,0.215127,0.173864,0.232601,0.058667,0.029617,0.025430,0.022570,0.023030
7000,3.459132,3.963826,4.549052,3.358311,0.033096,0.043802,0.029512,0.042379,0.209023,0.179718,0.167503,0.177170,0.216171,0.173749,0.233406,0.058626,0.030917,0.026233,0.022886,0.023336
7010,3.500567,3.940529,4.501375,3.362620,0.032804,0.043260,0.029289,0.042359,0.207331,0.176549,0.159460,0.170856,0.216953,0.175162,0.233448,0.058644,0.029519,0.025232,0.021953,0.022611
7020,3.631248,3.919834,4.561358,3.255129,0.032814,0.042398,0.029192,0.042075,0.218927,0.183681,0.170265,0.181185,0.217085,0.176742,0.233447,0.058691,0.030803,0.025865,0.022740,0.023765
7030,3.446214,3.894214,4.586079,3.177988,0.033173,0.042542,0.029398,0.042304,0.226993,0.188520,0.176422,0.187726,0.217510,0.178098,0.233664,0.058943,0.031370,0.026785,0.024009,0.024600
7040,3.593892,3.766205,4.530954,2.978947,0.033063,0.043035,0.029317,0.042555,0.241306,0.205485,0.190002,0.206250,0.217745,0.177560,0.233701,0.059110,0.029564,0.025797,0.023192,0.023791
7050,3.856091,3.878785,4.543391,3.193069,0.032330,0.043106,0.028699,0.042539,0.227343,0.191638,0.178751,0.193549,0.218416,0.175654,0.234963,0.058855,0.031505,0.027382,0.024540,0.024690
7060,3.411849,3.907299,4.588606,3.200064,0.032052,0.042829,0.028588,0.042497,0.226586,0.191316,0.181468,0.192646,0.219031,0.176220,0.235563,0.058950,0.032600,0.028187,0.025043,0.025018
7070,3.547006,3.858326,4.574629,3.120608,0.032297,0.042353,0.028670,0.042349,0.234665,0.195206,0.179125,0.196621,0.220398,0.177540,0.235646,0.059111,0.029254,0.025164,0.022452,0.023105
7080,3.542876,3.857480,4.524102,3.175061,0.032734,0.042070,0.028935,0.042239,0.227203,0.192655,0.173721,0.191928,0.221198,0.178839,0.235549,0.058948,0.029746,0.025078,0.022318,0.022898
7090,3.376122,3.897585,4.595289,3.176643,0.033178,0.041873,0.029090,0.042107,0.227916,0.191550,0.176785,0.191464,0.222022,0.180631,0.235721,0.058759,0.032147,0.026434,0.024140,0.024305
7100,3.647449,3.829846,4.640451,2.991113,0.033250,0.041538,0.028902,0.042197,0.244353,0.206986,0.191419,0.206486,0.222900,0.182782,0.236158,0.059020,0.031533,0.026029,0.024192,0.024463
7110,3.373821,3.738328,4.584153,2.868386,0.032731,0.040857,0.028784,0.042089,0.256201,0.215463,0.202734,0.221269,0.223255,0.184904,0.235588,0.058746,0.029762,0.025437,0.022615,0.023522
7120,3.565192,3.821760,4.646688,2.972789,0.032369,0.040852,0.028618,0.042088,0.250182,0.209966,0.196052,0.214381,0.224301,0.184799,0.235986,0.058808,0.030914,0.026035,0.023834,0.024008
7130,3.392171,3.905391,4.575311,3.217777,0.032096,0.040734,0.028765,0.042141,0.232195,0.192198,0.179691,0.196128,0.225732,0.185100,0.236790,0.058975,0.029850,0.025411,0.023549,0.023505
7140,3.533637,4.140329,4.706758,3.555193,0.031756,0.040657,0.028848,0.041990,0.214947,0.176343,0.161915,0.175604,0.227627,0.186013,0.237433,0.059180,0.031806,0.026585,0.024585,0.024249
7150,3.453825,3.945014,4.653647,3.213189,0.032081,0.041178,0.028847,0.042394,0.237874,0.197609,0.180998,0.195486,0.227676,0.184838,0.237010,0.059236,0.030290,0.025377,0.023398,0.023402
7160,3.381917,3.902200,4.605833,3.179011,0.032098,0.041003,0.028804,0.042625,0.239172,0.198377,0.182496,0.198495,0.227369,0.186254,0.236742,0.059126,0.029301,0.024679,0.022100,0.022650
7170,3.426723,3.941113,4.627552,3.232831,0.032335,0.040784,0.029002,0.042367,0.236947,0.196527,0.179583,0.196279,0.228429,0.187967,0.236555,0.058956,0.031195,0.026166,0.023252,0.023998
7180,3.798333,3.900573,4.583512,3.193542,0.032169,0.040754,0.028846,0.042624,0.239731,0.198463,0.187102,0.199067,0.227990,0.187804,0.236347,0.058710,0.031692,0.027153,0.022968,0.024070
7190,3.443877,3.840516,4.559129,3.102190,0.032197,0.041182,0.028750,0.042952,0.243980,0.199377,0.187589,0.202314,0.227348,0.185634,0.236519,0.058410,0.030670,0.026340,0.022338,0.023840
7200,3.420064,3.987052,4.645586,3.298142,0.032359,0.041179,0.028812,0.042926,0.237324,0.196040,0.179850,0.191890,0.228718,0.186715,0.236450,0.059098,0.033501,0.028277,0.024858,0.025771
7210,3.587997,4.070757,4.757227,3.352620,0.032424,0.041198,0.028859,0.042879,0.236854,0.192254,0.176914,0.187356,0.229969,0.188160,0.236720,0.059520,0.031494,0.026330,0.023607,0.024345
7220,3.350736,3.837061,4.726866,2.911784,0.032482,0.040788,0.028968,0.042801,0.260331,0.218129,0.207572,0.217564,0.230443,0.189095,0.236973,0.059408,0.030127,0.025532,0.022490,0.023470
7230,3.451656,3.769483,4.672426,2.831872,0.032112,0.040155,0.028881,0.042571,0.269009,0.227157,0.214977,0.228539,0.230460,0.189794,0.235904,0.059411,0.030448,0.026177,0.022364,0.023723
7240,3.262507,3.879554,4.665982,3.060901,0.031671,0.039630,0.028528,0.042435,0.253800,0.214763,0.196823,0.214788,0.230374,0.189884,0.235744,0.059594,0.031258,0.027307,0.023365,0.024600
7250,3.449446,3.869552,4.666852,3.042234,0.032053,0.039970,0.028810,0.042426,0.260235,0.215961,0.202106,0.218069,0.231561,0.190459,0.235650,0.059244,0.031308,0.027375,0.023420,0.024555
7260,3.349334,3.778573,4.656721,2.869938,0.031918,0.039577,0.028826,0.042422,0.270023,0.225343,0.207628,0.225043,0.231453,0.191702,0.235106,0.059128,0.030279,0.026598,0.022684,0.024012
7270,3.395701,3.688067,4.642093,2.701660,0.031666,0.038882,0.028821,0.042621,0.278276,0.238646,0.216252,0.237995,0.231467,0.193063,0.234955,0.059256,0.030385,0.026481,0.023043,0.024132
7280,3.224937,3.834875,4.722411,2.913224,0.031387,0.039165,0.028734,0.042668,0.270261,0.228481,0.211253,0.229411,0.232756,0.192509,0.235347,0.059135,0.032108,0.028329,0.024402,0.025250
7290,3.232267,3.934731,4.765919,3.066446,0.031281,0.039246,0.028751,0.042633,0.265908,0.219883,0.204362,0.219375,0.233594,0.192463,0.235554,0.059665,0.031747,0.028042,0.023978,0.025048
7300,3.317034,3.866833,4.702476,2.997172,0.031885,0.039573,0.029073,0.042656,0.266346,0.222086,0.201534,0.221081,0.232799,0.192127,0.234421,0.059845,0.029523,0.026312,0.022336,0.023742
7310,3.330138,3.994365,4.825329,3.123421,0.031997,0.039422,0.029026,0.042590,0.258022,0.216429,0.197095,0.215182,0.233190,0.192970,0.234756,0.059813,0.031454,0.027608,0.023855,0.024982
7320,3.184871,3.899046,4.808489,2.949376,0.031918,0.039281,0.028933,0.042780,0.271953,0.228171,0.209154,0.227366,0.234042,0.193260,0.235303,0.059849,0.030418,0.026625,0.023079,0.024200
7330,3.231452,3.900908,4.779844,2.984580,0.031777,0.039074,0.028774,0.042801,0.268933,0.225227,0.209034,0.225754,0.233617,0.193591,0.234443,0.059586,0.030348,0.026296,0.022207,0.023679
7340,3.432490,3.922860,4.757250,3.046972,0.031754,0.038801,0.028814,0.042751,0.266842,0.222459,0.211788,0.222898,0.233463,0.195051,0.233356,0.059597,0.030600,0.026708,0.021835,0.024000
7350,3.133776,3.802619,4.781836,2.775822,0.032004,0.038391,0.029026,0.042564,0.281213,0.235192,0.220240,0.238524,0.232932,0.196234,0.233032,0.059543,0.030321,0.026560,0.021924,0.024202
7360,3.191258,3.823508,4.824787,2.775083,0.031790,0.038315,0.028872,0.042257,0.284147,0.239399,0.222686,0.238992,0.234414,0.195997,0.234016,0.059630,0.030655,0.026987,0.022470,0.024651
7370,3.228616,3.576871,4.706499,2.402633,0.031823,0.037952,0.028867,0.042317,0.304355,0.261232,0.245218,0.266319,0.232485,0.197695,0.233989,0.059644,0.030230,0.027097,0.022607,0.024820
7380,3.334373,3.476994,4.639153,2.278140,0.031945,0.038234,0.029308,0.042145,0.314754,0.270909,0.257060,0.277213,0.233073,0.197116,0.233178,0.058971,0.029944,0.027105,0.022696,0.024876
7390,3.135030,3.687359,4.702822,2.637980,0.031121,0.038606,0.028885,0.042068,0.297300,0.255922,0.237395,0.259637,0.234662,0.194861,0.233990,0.059017,0.031640,0.028433,0.024223,0.025693
7400,3.264711,3.866922,4.792981,2.905610,0.030942,0.039369,0.028584,0.042210,0.283071,0.239165,0.224355,0.239221,0.235266,0.192312,0.233053,0.059630,0.031607,0.028276,0.024303,0.025620
7410,3.103408,3.796664,4.743789,2.816325,0.031298,0.039861,0.028820,0.042468,0.284554,0.240207,0.225455,0.242284,0.236172,0.193442,0.232702,0.059664,0.030575,0.027257,0.022930,0.024636
7420,3.240103,3.779477,4.804918,2.715268,0.031806,0.039877,0.029090,0.042548,0.288608,0.244473,0.230543,0.244733,0.237497,0.194532,0.234294,0.059413,0.031177,0.027528,0.023763,0.025401
7430,3.293532,3.790653,4.775571,2.764742,0.031405,0.039250,0.028737,0.042649,0.287365,0.243457,0.228792,0.244085,0.237554,0.195654,0.233136,0.059265,0.030489,0.026886,0.023353,0.024948
7440,3.256341,3.644219,4.719897,2.531249,0.031472,0.038668,0.028783,0.042735,0.305879,0.254836,0.240327,0.262556,0.237903,0.197412,0.232246,0.059058,0.029442,0.026284,0.022635,0.024457
7450,3.138492,3.623888,4.709828,2.500478,0.031905,0.038498,0.029098,0.042612,0.306723,0.259802,0.244094,0.265464,0.237826,0.199575,0.232124,0.059374,0.030132,0.026849,0.023087,0.024905
7460,3.236593,3.594567,4.734516,2.411263,0.031727,0.038293,0.028995,0.043101,0.310582,0.262840,0.251585,0.270547,0.238272,0.201615,0.232390,0.059496,0.031527,0.028058,0.024020,0.025693
7470,3.223108,3.706401,4.768742,2.606102,0.031583,0.037909,0.028892,0.043182,0.298325,0.250736,0.236641,0.257761,0.238678,0.202959,0.232436,0.059455,0.030626,0.027613,0.023465,0.025257
7480,3.180714,3.771616,4.759616,2.746916,0.031580,0.038358,0.028887,0.043099,0.293921,0.247059,0.230340,0.248459,0.239793,0.203445,0.232440,0.059773,0.030892,0.027874,0.023886,0.025691
7490,3.287610,3.729916,4.767619,2.655754,0.031735,0.038452,0.028909,0.043096,0.298224,0.245923,0.230986,0.253450,0.240267,0.203868,0.232259,0.059876,0.029788,0.026909,0.023011,0.024957
7500,3.172934,3.797116,4.824543,2.731558,0.031698,0.038465,0.028921,0.042988,0.294176,0.243073,0.229422,0.247238,0.241025,0.204748,0.232668,0.060000,0.030308,0.027526,0.023659,0.025448
7510,3.214111,3.577813,4.685010,2.431226,0.031675,0.037858,0.028982,0.043080,0.310367,0.256346,0.249267,0.267194,0.239631,0.205906,0.231400,0.059803,0.030569,0.027302,0.023239,0.025387
7520,3.286904,3.486356,4.719680,2.207336,0.031320,0.036548,0.028930,0.042800,0.322112,0.268597,0.261621,0.279578,0.239665,0.207862,0.231517,0.059475,0.030935,0.028194,0.023831,0.026192
7530,3.189080,3.620077,4.768816,2.427313,0.031239,0.036425,0.029005,0.042912,0.320667,0.267984,0.258139,0.277341,0.240754,0.208582,0.231257,0.059452,0.032253,0.029506,0.025010,0.027206
7540,3.073900,3.731272,4.708127,2.718590,0.031259,0.036703,0.028986,0.043151,0.298689,0.247281,0.232884,0.255152,0.239822,0.207708,0.230921,0.059613,0.030905,0.027757,0.023728,0.026070
7550,3.083668,3.766404,4.728210,2.765420,0.030947,0.036664,0.028859,0.043346,0.294354,0.242257,0.227681,0.248002,0.239908,0.207644,0.230858,0.059403,0.031177,0.027862,0.023608,0.026425
7560,3.109307,3.748414,4.764925,2.688396,0.031137,0.036395,0.028985,0.043183,0.300117,0.243650,0.235325,0.249935,0.240655,0.209006,0.229760,0.059618,0.031811,0.027930,0.023867,0.026653
7570,2.990823,3.816290,4.906651,2.674426,0.031564,0.036770,0.029234,0.043078,0.303337,0.250132,0.236381,0.248657,0.241708,0.209986,0.230101,0.059653,0.031909,0.028528,0.024627,0.026973
7580,3.049773,3.717457,4.905628,2.477165,0.031508,0.036693,0.029102,0.042852,0.318563,0.264787,0.250149,0.267793,0.242021,0.211155,0.230968,0.059801,0.031162,0.027811,0.023820,0.026311
7590,3.315884,3.834431,5.000860,2.613947,0.031468,0.036601,0.029035,0.042551,0.309158,0.258134,0.241546,0.257626,0.243226,0.211886,0.232059,0.060197,0.031273,0.028190,0.024174,0.026374
7600,3.387664,3.576864,4.867999,2.233496,0.031735,0.037635,0.029192,0.043607,0.333773,0.278685,0.264562,0.283600,0.242588,0.209539,0.230956,0.059994,0.029504,0.026901,0.022963,0.025095
7610,3.223219,3.507013,4.783131,2.185184,0.031876,0.037497,0.029215,0.043666,0.332719,0.281503,0.268727,0.287630,0.241919,0.208934,0.229903,0.059720,0.029246,0.026655,0.022523,0.024930
7620,3.089808,3.571674,4.717638,2.384178,0.031914,0.037396,0.029169,0.043641,0.323990,0.273186,0.262516,0.277468,0.241697,0.210877,0.229839,0.059651,0.031182,0.027800,0.023481,0.025876
7630,3.159650,3.723844,4.840660,2.562660,0.031903,0.037135,0.029074,0.043611,0.313522,0.256461,0.245350,0.257716,0.243052,0.211848,0.230775,0.059857,0.031751,0.028562,0.024431,0.026844
7640,3.465250,3.565573,4.811219,2.271231,0.032174,0.037247,0.029293,0.043988,0.333672,0.280106,0.268796,0.283047,0.243394,0.213340,0.230108,0.060016,0.032040,0.028679,0.024089,0.026704
7650,3.144893,3.453251,4.741198,2.112510,0.031749,0.036298,0.029149,0.044136,0.339224,0.284986,0.278188,0.293777,0.244123,0.214762,0.230528,0.059026,0.031694,0.028631,0.023695,0.026808
7660,3.023299,3.530854,4.736325,2.277302,0.031476,0.036247,0.029115,0.044334,0.332890,0.280260,0.272568,0.283307,0.243551,0.215177,0.229654,0.058562,0.032585,0.029327,0.024016,0.027368
7670,2.952080,3.585700,4.757784,2.364800,0.031609,0.036355,0.029130,0.044390,0.329114,0.273106,0.258153,0.277672,0.243948,0.216168,0.230726,0.058793,0.032041,0.028179,0.023809,0.026689
7680,3.110891,3.587228,4.814203,2.308861,0.031675,0.036485,0.029157,0.044409,0.336024,0.278063,0.266463,0.283478,0.244899,0.217320,0.230695,0.059034,0.031917,0.028347,0.023878,0.026963
7690,2.982363,3.614284,4.916854,2.257885,0.032051,0.036721,0.029427,0.044303,0.335270,0.275946,0.264012,0.286034,0.244716,0.216933,0.230055,0.059333,0.030896,0.027945,0.023903,0.026528
7700,3.146768,3.747778,4.993458,2.450299,0.032016,0.036732,0.029286,0.044159,0.326409,0.267049,0.254986,0.277042,0.245163,0.217876,0.229903,0.059888,0.031058,0.028222,0.023959,0.026455
7710,3.310100,3.630698,4.876909,2.336588,0.031695,0.036796,0.029061,0.044293,0.333182,0.273541,0.261738,0.284415,0.244798,0.216877,0.229451,0.059897,0.030892,0.027912,0.023576,0.026174
7720,3.212343,3.484642,4.821658,2.097250,0.031771,0.037068,0.029123,0.044331,0.343590,0.283072,0.282794,0.296412,0.244973,0.216797,0.229794,0.059776,0.031457,0.028475,0.023566,0.026605
7730,3.438727,3.416587,4.757241,2.022031,0.031884,0.037140,0.029082,0.044284,0.351111,0.296229,0.287166,0.306024,0.244503,0.217206,0.228874,0.059696,0.032191,0.028806,0.023779,0.026809
7740,3.070518,3.465545,4.764524,2.116908,0.031954,0.037037,0.029301,0.044311,0.347949,0.292379,0.279473,0.302066,0.244930,0.216626,0.228666,0.059453,0.031950,0.028553,0.023784,0.026927
7750,3.059444,3.553251,4.874758,2.181458,0.031986,0.037305,0.029297,0.044293,0.348525,0.292199,0.279324,0.295402,0.246186,0.218697,0.229209,0.059377,0.032121,0.029012,0.024186,0.027151
7760,2.950072,3.512967,4.911170,2.060603,0.032164,0.037139,0.029380,0.044522,0.355257,0.294622,0.284034,0.302185,0.247038,0.219933,0.228698,0.059432,0.031652,0.028848,0.023997,0.026969
7770,3.061753,3.498018,4.807498,2.137010,0.031693,0.036289,0.029136,0.044912,0.346136,0.292261,0.284074,0.299954,0.245846,0.221484,0.228662,0.059436,0.032118,0.029030,0.023879,0.026744
7780,2.963917,3.465770,4.822511,2.056181,0.031346,0.035926,0.029076,0.045128,0.347620,0.285279,0.285919,0.299435,0.246950,0.222330,0.229809,0.059042,0.031958,0.029039,0.024185,0.027261
7790,3.598525,3.538271,4.951592,2.067378,0.031168,0.035775,0.029022,0.045109,0.351561,0.291853,0.289364,0.301563,0.248340,0.225028,0.230105,0.059252,0.032052,0.029220,0.024214,0.026884
7800,3.310147,3.410647,4.805682,1.961662,0.031507,0.036175,0.029259,0.044744,0.360533,0.302751,0.294150,0.315453,0.247493,0.223671,0.229474,0.059560,0.031020,0.028602,0.023635,0.026681
7810,3.183502,3.414963,4.700553,2.081431,0.031770,0.036371,0.029158,0.044821,0.353710,0.297110,0.288147,0.307209,0.245405,0.223718,0.228155,0.059497,0.032506,0.029416,0.024077,0.027537
7820,2.966127,3.588994,4.811073,2.317203,0.031694,0.036167,0.028988,0.044623,0.339249,0.278685,0.272987,0.286284,0.246572,0.224646,0.228492,0.058971,0.033111,0.029521,0.024438,0.027948
7830,3.042850,3.453992,4.867557,1.983214,0.032145,0.036732,0.029335,0.044956,0.361187,0.296305,0.293670,0.304604,0.248003,0.226371,0.228754,0.059036,0.032237,0.028956,0.023965,0.027319
7840,3.019548,3.428777,4.868656,1.931305,0.032241,0.036589,0.029269,0.045024,0.363743,0.299246,0.294632,0.312690,0.247936,0.226979,0.229277,0.059518,0.031712,0.028838,0.024035,0.027091
7850,3.029936,3.435999,4.836576,1.980271,0.032305,0.036656,0.029387,0.045012,0.362244,0.302901,0.294731,0.311555,0.247764,0.228089,0.229161,0.059563,0.031782,0.029017,0.024013,0.027112
7860,3.016818,3.422504,4.786668,2.004658,0.032129,0.036362,0.029163,0.044946,0.360166,0.300376,0.295520,0.313301,0.247152,0.228432,0.229000,0.059561,0.031373,0.028565,0.023409,0.026719
7870,3.176521,3.434416,4.853952,1.956618,0.032247,0.036357,0.029244,0.044766,0.361258,0.296881,0.296908,0.308853,0.247608,0.228598,0.229237,0.059244,0.031941,0.028994,0.023796,0.027144
7880,2.904202,3.580586,5.002731,2.098735,0.032257,0.036500,0.029300,0.044699,0.360261,0.297465,0.289253,0.300244,0.248195,0.230220,0.228907,0.059994,0.031502,0.028872,0.024470,0.027261
7890,3.191963,3.478285,4.802112,2.103844,0.032488,0.036628,0.029427,0.044993,0.358051,0.298554,0.291149,0.309422,0.248320,0.229909,0.229066,0.060111,0.030735,0.028099,0.023090,0.026308
7900,3.099446,3.203906,4.587001,1.774352,0.032257,0.036328,0.029257,0.045502,0.368289,0.311535,0.310399,0.329590,0.245245,0.229598,0.226776,0.059026,0.031277,0.027998,0.022684,0.026590
7910,2.998844,3.296334,4.716147,1.821637,0.031605,0.035546,0.029126,0.045231,0.369121,0.301721,0.302004,0.317001,0.246517,0.232496,0.226670,0.058730,0.033595,0.029651,0.024829,0.028041
7920,2.929087,3.359793,4.792984,1.869968,0.031869,0.035954,0.029112,0.044641,0.375980,0.316801,0.309778,0.325287,0.247709,0.233963,0.228096,0.059206,0.033764,0.030528,0.025147,0.028554
7930,2.846191,3.539178,4.985699,2.032124,0.031842,0.036282,0.028990,0.044389,0.374088,0.311127,0.301467,0.318834,0.249310,0.235730,0.228775,0.059406,0.032828,0.030130,0.024815,0.028120
7940,3.008407,3.480372,4.900898,2.001647,0.032549,0.036860,0.029328,0.044762,0.377161,0.310696,0.303788,0.322176,0.248218,0.235459,0.226602,0.059382,0.031388,0.028639,0.023699,0.026861
7950,2.922098,3.370901,4.739223,1.949180,0.032880,0.036945,0.029577,0.045123,0.373866,0.306460,0.304302,0.320851,0.247889,0.235707,0.227475,0.058842,0.032177,0.028720,0.023510,0.027057
7960,2.860386,3.448145,4.820065,2.018532,0.032601,0.036638,0.029264,0.045214,0.365255,0.299903,0.299131,0.310982,0.248410,0.237093,0.228378,0.058681,0.032623,0.029129,0.024116,0.027619
7970,2.943680,3.459627,4.901795,1.955758,0.032790,0.036698,0.029323,0.045276,0.373553,0.305622,0.305034,0.318178,0.248347,0.237748,0.227996,0.058930,0.032014,0.028873,0.023768,0.027284
7980,2.979383,3.296151,4.759838,1.775876,0.033012,0.036659,0.029525,0.045486,0.382677,0.318098,0.316292,0.334131,0.247678,0.238480,0.226103,0.059068,0.031740,0.028613,0.023370,0.027065
7990,3.000999,3.325322,4.831072,1.758201,0.032653,0.036103,0.029283,0.045415,0.387739,0.322034,0.318206,0.333449,0.248453,0.238883,0.227677,0.059375,0.031919,0.029507,0.024368,0.027740
8000,2.958191,3.202260,4.694055,1.653853,0.032656,0.035983,0.029421,0.045266,0.391604,0.332072,0.329413,0.346770,0.247993,0.239433,0.227665,0.059427,0.032609,0.029283,0.024118,0.027377
8010,3.037648,3.179350,4.679679,1.622353,0.032280,0.035686,0.029136,0.045274,0.391241,0.331695,0.327560,0.342440,0.247696,0.239055,0.227592,0.058875,0.033811,0.030214,0.024696,0.028616
8020,2.924901,3.363885,4.846846,1.815468,0.032050,0.035480,0.028979,0.045290,0.379194,0.314296,0.312015,0.323506,0.250167,0.241585,0.228201,0.058868,0.034043,0.030255,0.024889,0.028688
8030,3.174843,3.377012,4.939155,1.744737,0.032271,0.035782,0.029187,0.045253,0.386062,0.320504,0.320947,0.332091,0.250296,0.242501,0.228480,0.058927,0.032514,0.029371,0.024032,0.027914
8040,2.973504,3.294835,4.803731,1.723705,0.032746,0.036233,0.029529,0.045322,0.391491,0.330298,0.321212,0.340867,0.250938,0.242826,0.228694,0.059095,0.031843,0.028545,0.023328,0.027015
8050,2.932523,3.413655,4.823231,1.939834,0.032559,0.035846,0.029280,0.045246,0.378115,0.313534,0.308484,0.323772,0.249537,0.243398,0.228572,0.058622,0.033120,0.029520,0.024327,0.028252
8060,3.107029,3.476922,4.902363,1.986634,0.032585,0.035995,0.029326,0.045147,0.379257,0.312248,0.303283,0.320742,0.250785,0.244334,0.228493,0.058818,0.031966,0.028760,0.023998,0.027620
8070,3.059242,3.289743,4.810510,1.705656,0.033224,0.036387,0.029554,0.045424,0.396147,0.333879,0.324837,0.345016,0.249324,0.243671,0.226498,0.059281,0.031244,0.028293,0.023374,0.027080
8080,2.972344,3.268688,4.825894,1.644593,0.033506,0.036614,0.029682,0.045554,0.396266,0.328425,0.325481,0.344665,0.248910,0.243915,0.226880,0.059182,0.032439,0.029316,0.024174,0.027740
8090,3.128145,3.365453,4.987567,1.671282,0.033490,0.036791,0.029565,0.045466,0.394503,0.328935,0.325102,0.338519,0.249746,0.245174,0.226080,0.059623,0.032733,0.029990,0.024810,0.028228
8100,3.163259,3.397105,4.918502,1.808468,0.033760,0.036898,0.029679,0.045471,0.390950,0.324000,0.318144,0.334470,0.249729,0.245535,0.226083,0.059787,0.031495,0.028855,0.023916,0.027336
8110,2.963742,3.459827,4.956787,1.897247,0.033791,0.036899,0.029543,0.045415,0.387769,0.318727,0.318195,0.330021,0.249675,0.247335,0.227030,0.059737,0.031815,0.028733,0.023732,0.027441
8120,2.846980,3.426345,4.834467,1.956334,0.034095,0.036870,0.029730,0.045564,0.383736,0.321085,0.317094,0.329164,0.250158,0.246699,0.227466,0.059730,0.032053,0.028922,0.023422,0.027524
8130,3.144136,3.388658,4.818276,1.897369,0.034189,0.036770,0.029890,0.045710,0.383655,0.319494,0.315943,0.328528,0.249968,0.247491,0.227800,0.059612,0.032268,0.028846,0.023938,0.027707
8140,2.837635,3.461172,4.805792,2.057640,0.034008,0.036649,0.029765,0.045826,0.373843,0.302465,0.300808,0.317554,0.248198,0.247277,0.225594,0.059372,0.032395,0.028799,0.023823,0.027697
8150,2.869908,3.422796,4.767452,2.019003,0.034114,0.036586,0.029828,0.045940,0.374039,0.305442,0.302671,0.317086,0.247911,0.247318,0.224439,0.059483,0.032406,0.028459,0.023980,0.027691
8160,2.815377,3.536825,4.944247,2.062965,0.034274,0.036723,0.030123,0.045902,0.372631,0.301799,0.298464,0.311217,0.250489,0.249701,0.226333,0.059525,0.032374,0.028997,0.024702,0.028206
8170,2.978450,3.596213,5.118963,2.001207,0.034006,0.036562,0.029919,0.045896,0.381062,0.309497,0.306204,0.318697,0.250753,0.250047,0.226098,0.059720,0.031660,0.029054,0.024453,0.027643
8180,2.881742,3.339716,4.964151,1.643267,0.033613,0.035976,0.029864,0.045975,0.405436,0.333641,0.329946,0.345438,0.250008,0.249870,0.225651,0.059359,0.029716,0.027482,0.022649,0.026077
8190,2.816001,3.270540,4.799041,1.677433,0.033446,0.035623,0.029718,0.046010,0.401831,0.339220,0.330651,0.349737,0.248520,0.248553,0.224139,0.059091,0.030265,0.027763,0.022891,0.026378
8200,2.857478,3.452822,4.859090,1.984507,0.033251,0.035515,0.029567,0.045972,0.384061,0.319865,0.311086,0.328101,0.249215,0.250542,0.224691,0.059179,0.031749,0.029015,0.024004,0.027555
8210,3.040533,3.544878,4.846523,2.178772,0.033154,0.035512,0.029445,0.045929,0.372257,0.307705,0.299057,0.312313,0.248112,0.251063,0.223929,0.059713,0.032498,0.029390,0.024536,0.027895
8220,2.881125,3.348281,4.733183,1.901061,0.033650,0.035797,0.029766,0.045928,0.385219,0.319182,0.315951,0.330705,0.247559,0.249682,0.223566,0.059377,0.032091,0.028818,0.023599,0.027508
8230,3.011774,3.391464,4.856367,1.859730,0.033414,0.035527,0.029682,0.045821,0.393735,0.321435,0.319654,0.332490,0.248813,0.252327,0.224383,0.059179,0.032279,0.029192,0.024391,0.027629
8240,2.833577,3.288913,4.881127,1.623478,0.033830,0.035887,0.029887,0.045931,0.410117,0.339712,0.337248,0.351827,0.249441,0.252837,0.224201,0.059295,0.032172,0.029472,0.024132,0.027586
8250,2.843905,3.259600,4.840755,1.609267,0.034312,0.036208,0.030132,0.046126,0.407379,0.342313,0.335102,0.353012,0.249249,0.253012,0.223918,0.059533,0.031716,0.029200,0.023910,0.027319
8260,2.837555,3.445848,4.843533,1.984693,0.033871,0.035536,0.029600,0.046299,0.387452,0.317963,0.312760,0.325281,0.248808,0.254267,0.223945,0.059573,0.032302,0.029408,0.024397,0.027968
8270,2.785794,3.331528,4.804028,1.795519,0.034236,0.035818,0.029869,0.046267,0.396605,0.325912,0.325036,0.341678,0.249465,0.253456,0.224788,0.059925,0.031841,0.028668,0.024035,0.027223
8280,2.945004,3.212694,4.730435,1.628723,0.034438,0.035892,0.029869,0.046465,0.398752,0.332398,0.335087,0.350223,0.249112,0.253533,0.223432,0.059498,0.032800,0.029446,0.024373,0.027933
8290,3.356892,3.312219,4.810228,1.743415,0.034263,0.035733,0.029804,0.046423,0.394225,0.327727,0.328443,0.340681,0.249820,0.253927,0.223483,0.059254,0.033661,0.029808,0.024965,0.028629
8300,2.765390,3.262470,4.817029,1.636793,0.034509,0.036099,0.029972,0.046158,0.403973,0.335953,0.333804,0.351683,0.250091,0.254118,0.223214,0.059369,0.032613,0.029456,0.024638,0.028230
8310,2.916640,3.289336,4.894438,1.609341,0.034462,0.036247,0.029912,0.045982,0.416742,0.346322,0.340653,0.361218,0.251264,0.256557,0.224228,0.059680,0.032088,0.029194,0.024187,0.027693
8320,2.834067,3.172213,4.748447,1.526768,0.034927,0.036234,0.030220,0.046196,0.413159,0.346652,0.347733,0.362763,0.250713,0.255448,0.223558,0.059494,0.032409,0.029412,0.024285,0.027874
8330,2.797566,3.217129,4.815819,1.547098,0.034370,0.035753,0.029938,0.046281,0.415045,0.346440,0.348646,0.363405,0.250636,0.256250,0.223653,0.059306,0.033196,0.030220,0.024865,0.028524
8340,2.799259,3.326253,4.848977,1.733030,0.034374,0.035795,0.029868,0.046443,0.405775,0.338631,0.334829,0.354396,0.251237,0.255609,0.223042,0.059438,0.032665,0.029755,0.024567,0.028075
8350,3.003407,3.267580,4.760427,1.705419,0.034719,0.036070,0.030056,0.046538,0.405484,0.337483,0.339464,0.357940,0.249965,0.255506,0.223201,0.059553,0.032588,0.029667,0.024276,0.028103
8360,2.801835,3.400761,4.930630,1.796024,0.034617,0.036057,0.030029,0.046319,0.402931,0.329904,0.330884,0.345769,0.251796,0.257546,0.223200,0.059546,0.032680,0.029913,0.024821,0.028228
8370,2.828304,3.276778,4.900782,1.572775,0.035054,0.036302,0.030198,0.046183,0.414427,0.348500,0.343066,0.361130,0.251328,0.257560,0.222285,0.059574,0.032412,0.029851,0.024542,0.027921
8380,2.830853,3.139654,4.742764,1.465032,0.035096,0.036394,0.030197,0.046318,0.422207,0.357913,0.357647,0.377983,0.250307,0.257087,0.222123,0.059734,0.032229,0.029598,0.024154,0.027876
8390,3.178387,3.141281,4.769952,1.442253,0.035264,0.036336,0.030214,0.046530,0.429203,0.365753,0.361555,0.383113,0.251294,0.259259,0.223390,0.059344,0.032167,0.029586,0.024290,0.027934
8400,2.961340,3.142975,4.716478,1.498806,0.034840,0.035746,0.029684,0.046799,0.421797,0.351805,0.355799,0.370100,0.251771,0.259790,0.224465,0.059268,0.033215,0.030400,0.025135,0.028743
8410,2.747467,3.222598,4.800059,1.570109,0.034879,0.035748,0.029764,0.046699,0.416741,0.345469,0.351708,0.360059,0.252011,0.259887,0.224027,0.059265,0.033174,0.030633,0.024888,0.028844
8420,2.765185,3.226065,4.869181,1.501627,0.035237,0.036023,0.030035,0.046819,0.417556,0.351986,0.350231,0.363162,0.253222,0.260177,0.224887,0.059154,0.032600,0.029877,0.024321,0.028485
8430,3.312053,3.262389,4.821779,1.626318,0.035208,0.036010,0.029972,0.046938,0.411233,0.342577,0.343558,0.358199,0.253372,0.260585,0.225456,0.059211,0.032238,0.029374,0.023938,0.028212
8440,2.949952,3.243931,4.813416,1.598625,0.035491,0.036209,0.030298,0.047081,0.412591,0.341959,0.345646,0.358728,0.253959,0.260532,0.226023,0.059158,0.032010,0.029098,0.024052,0.028248
8450,2.847784,3.312833,4.968594,1.573407,0.035067,0.035864,0.030025,0.046757,0.413366,0.345063,0.347025,0.358040,0.254645,0.261787,0.225685,0.059284,0.032564,0.029789,0.024671,0.028548
8460,2.836796,3.177556,4.877862,1.395559,0.034864,0.035675,0.029905,0.046531,0.435317,0.370929,0.366823,0.388770,0.253581,0.261622,0.224535,0.059343,0.031543,0.029292,0.024201,0.027845
8470,2.786088,3.079789,4.752181,1.333938,0.035142,0.035787,0.030102,0.046652,0.439536,0.373574,0.373730,0.393474,0.252568,0.261298,0.223528,0.059083,0.032260,0.029900,0.024134,0.028279
8480,2.797716,3.200828,4.786899,1.541728,0.035102,0.035536,0.029802,0.046704,0.426725,0.357531,0.356674,0.376470,0.253775,0.261736,0.224414,0.059185,0.032933,0.030445,0.024880,0.028848
8490,2.733171,3.340693,4.906707,1.698816,0.035182,0.035740,0.029826,0.046677,0.418929,0.347431,0.347446,0.364605,0.255853,0.264235,0.226715,0.059484,0.032541,0.030303,0.024723,0.028576
8500,2.775405,3.351014,5.012898,1.608924,0.035354,0.035976,0.029896,0.046386,0.424438,0.350901,0.353613,0.367882,0.255538,0.263211,0.224472,0.059960,0.031553,0.029720,0.024291,0.027904
8510,2.797468,3.220114,4.873386,1.490890,0.035582,0.036246,0.030183,0.046458,0.429341,0.361138,0.362153,0.384966,0.253648,0.261509,0.223530,0.060086,0.030843,0.028955,0.023786,0.027278
8520,3.030769,3.103788,4.860621,1.270492,0.035897,0.036546,0.030494,0.046601,0.438807,0.371783,0.377043,0.393211,0.254200,0.261356,0.225642,0.059637,0.031135,0.029415,0.023733,0.027667
8530,2.952297,3.148211,4.878937,1.340480,0.035774,0.036445,0.030248,0.046598,0.442934,0.373629,0.375599,0.393542,0.253213,0.261778,0.224392,0.059702,0.032113,0.030163,0.024365,0.028308
8540,2.837286,3.209472,4.864889,1.481484,0.035888,0.036494,0.030360,0.046717,0.435499,0.369773,0.368805,0.387610,0.253427,0.262499,0.223819,0.059733,0.031470,0.029761,0.023917,0.027929
8550,2.790111,3.227084,4.795709,1.590032,0.035796,0.036260,0.030349,0.046911,0.425558,0.358518,0.364071,0.378555,0.253300,0.262567,0.223907,0.059456,0.031934,0.029857,0.024072,0.028122
8560,2.965365,3.147692,4.836096,1.383888,0.035391,0.035753,0.030009,0.046855,0.436038,0.365007,0.369613,0.386334,0.255054,0.263933,0.224995,0.059323,0.032220,0.030211,0.024500,0.028563
8570,2.848844,3.099372,4.809620,1.314325,0.035365,0.035814,0.029884,0.046633,0.440126,0.371483,0.373396,0.393212,0.253070,0.262981,0.222724,0.059513,0.031713,0.029785,0.024345,0.028424
8580,2.836472,3.159482,4.763906,1.483030,0.035529,0.035962,0.029927,0.046699,0.431094,0.362819,0.368804,0.382742,0.252964,0.263285,0.223757,0.059742,0.032063,0.029920,0.024595,0.028738
8590,2.778415,3.231008,4.758749,1.632825,0.035702,0.036046,0.030027,0.046802,0.420428,0.345131,0.356524,0.366790,0.253557,0.263503,0.224646,0.059365,0.032462,0.030012,0.025150,0.029192
8600,2.794629,3.226832,4.900004,1.474087,0.035609,0.036106,0.030131,0.046819,0.432564,0.356390,0.371388,0.378186,0.255394,0.266089,0.225938,0.059177,0.032566,0.030181,0.024853,0.029183
8610,2.758408,3.104710,4.774018,1.360936,0.035546,0.035866,0.029803,0.046835,0.440253,0.369573,0.373989,0.394288,0.255241,0.264438,0.225176,0.059334,0.031253,0.029151,0.024004,0.027937
8620,2.813933,3.121162,4.827699,1.334911,0.035759,0.036069,0.029923,0.046781,0.442268,0.376018,0.378089,0.397187,0.255333,0.265335,0.225772,0.059366,0.031751,0.029755,0.024474,0.028381
8630,2.769294,3.148592,4.779422,1.442608,0.035876,0.036032,0.029868,0.046762,0.435435,0.364763,0.373549,0.386581,0.254256,0.264711,0.224480,0.059457,0.032305,0.030128,0.024819,0.029009
8640,2.779969,3.138331,4.764005,1.436975,0.035643,0.035954,0.029731,0.047002,0.436087,0.368988,0.375076,0.389395,0.254508,0.266105,0.224993,0.059227,0.032387,0.030179,0.024811,0.029000
8650,2.723985,3.252023,4.904394,1.520029,0.035577,0.036089,0.029802,0.046949,0.432818,0.363903,0.369059,0.382871,0.256244,0.268386,0.225990,0.059377,0.032588,0.030180,0.025318,0.028904
8660,2.855735,3.274937,4.989701,1.475210,0.035535,0.035957,0.029703,0.046836,0.429612,0.360799,0.367366,0.379824,0.256059,0.268057,0.224764,0.059676,0.031972,0.029893,0.024701,0.028501
8670,2.903846,3.230364,4.870559,1.510173,0.035462,0.035878,0.029470,0.046903,0.431652,0.363564,0.369238,0.383396,0.254251,0.266997,0.223517,0.059696,0.031058,0.029033,0.024072,0.027811
8680,2.807221,3.330350,4.960498,1.620980,0.035531,0.035874,0.029557,0.046756,0.426532,0.359388,0.361761,0.377333,0.255063,0.267698,0.224412,0.059784,0.031266,0.029375,0.024391,0.028217
8690,3.082982,3.135314,4.756524,1.440025,0.036159,0.036312,0.029984,0.046885,0.438085,0.374207,0.377451,0.396489,0.252511,0.265889,0.223337,0.059924,0.031783,0.029530,0.024282,0.028478
8700,2.766230,3.100069,4.782530,1.340889,0.036058,0.035958,0.029737,0.046925,0.446319,0.378177,0.388257,0.398847,0.254072,0.265419,0.223797,0.059417,0.031838,0.029711,0.024313,0.028601
8710,2.672167,3.201756,4.922481,1.398885,0.035978,0.035844,0.029636,0.046888,0.440368,0.374840,0.379406,0.390061,0.254827,0.268460,0.224804,0.059406,0.032447,0.029953,0.024724,0.028686
8720,2.986469,3.085471,4.763239,1.333434,0.036209,0.036028,0.029815,0.047066,0.445892,0.382771,0.387037,0.405641,0.255145,0.267941,0.224969,0.059153,0.031800,0.029811,0.024539,0.028379
8730,2.734599,3.063863,4.698285,1.355601,0.036005,0.035861,0.029683,0.047245,0.447459,0.382733,0.387473,0.403470,0.254319,0.268343,0.224986,0.059063,0.031973,0.029588,0.024704,0.028573
8740,2.749312,3.158849,4.778284,1.463688,0.035711,0.035633,0.029456,0.047155,0.444417,0.374545,0.381706,0.393029,0.254963,0.268422,0.224989,0.059536,0.031818,0.029768,0.024936,0.028831
8750,2.754164,3.123843,4.770671,1.402359,0.035729,0.035608,0.029411,0.046981,0.444469,0.378195,0.382398,0.401375,0.255337,0.268274,0.224557,0.059746,0.032559,0.030161,0.025262,0.029110
8760,2.796945,3.096407,4.888970,1.218040,0.035933,0.035752,0.029679,0.047000,0.449769,0.383130,0.390243,0.407585,0.257756,0.269746,0.226580,0.059349,0.032911,0.030707,0.025358,0.029319
8770,2.876191,3.094796,4.865647,1.239984,0.035981,0.035806,0.029620,0.047136,0.454461,0.385506,0.389943,0.407308,0.255869,0.268955,0.224015,0.059338,0.032577,0.030339,0.024794,0.028924
8780,2.809113,3.190242,4.851376,1.448917,0.035938,0.035774,0.029530,0.047391,0.445423,0.376006,0.379776,0.396073,0.255256,0.268301,0.223644,0.059588,0.031983,0.029822,0.024839,0.028729
8790,2.703302,3.164363,4.841841,1.407055,0.036429,0.036249,0.030020,0.047461,0.452002,0.381282,0.381996,0.401093,0.255472,0.268071,0.223053,0.059594,0.031432,0.029271,0.024347,0.028197
8800,2.792673,3.184240,4.881015,1.403056,0.036465,0.036461,0.029876,0.047394,0.447225,0.382369,0.382086,0.404100,0.255646,0.269274,0.224087,0.059639,0.031296,0.029343,0.024337,0.028024
8810,2.737839,3.237970,4.892840,1.502786,0.036516,0.036597,0.029936,0.047377,0.444495,0.383452,0.380525,0.397878,0.256042,0.269802,0.223948,0.059721,0.031616,0.029668,0.024162,0.028332
8820,2.715687,3.045538,4.690550,1.327486,0.036635,0.036426,0.029933,0.047471,0.453342,0.390927,0.391779,0.408353,0.253877,0.267723,0.222920,0.059731,0.032004,0.029838,0.024511,0.028873
8830,2.699260,3.051614,4.717841,1.306538,0.036037,0.035855,0.029564,0.047416,0.449632,0.382116,0.388401,0.403137,0.253886,0.269898,0.222979,0.059339,0.032440,0.029663,0.024996,0.029042
8840,3.076444,3.107597,4.817744,1.317453,0.035775,0.035562,0.029574,0.047619,0.455823,0.386719,0.387443,0.406718,0.256620,0.272256,0.225860,0.059067,0.032085,0.029675,0.024606,0.028825
8850,2.755547,3.125412,4.863922,1.305270,0.035327,0.035295,0.029439,0.047572,0.451836,0.387277,0.391521,0.408457,0.256852,0.272310,0.226192,0.059100,0.032116,0.029994,0.024759,0.028761
8860,2.727629,3.120201,4.796314,1.363298,0.035429,0.035350,0.029445,0.047504,0.448396,0.386278,0.386233,0.403919,0.254758,0.271251,0.223524,0.059067,0.032294,0.030035,0.025255,0.029166
8870,2.785047,3.122204,4.857851,1.300234,0.035505,0.035451,0.029605,0.047363,0.454143,0.391348,0.390220,0.406464,0.257338,0.272231,0.225865,0.059297,0.032405,0.030021,0.025544,0.029216
8880,2.697083,3.096869,4.822171,1.286850,0.035580,0.035551,0.029488,0.047376,0.450847,0.388003,0.390327,0.406920,0.254977,0.271788,0.222932,0.059404,0.032657,0.030123,0.025041,0.029246
8890,2.722793,3.009875,4.761631,1.177278,0.036018,0.035956,0.029744,0.047422,0.466878,0.402676,0.401957,0.421609,0.254687,0.270804,0.222906,0.059319,0.032187,0.029603,0.025144,0.028845
8900,2.708996,3.062016,4.743257,1.305175,0.035782,0.035874,0.029711,0.047650,0.461796,0.393882,0.397737,0.414780,0.254966,0.271789,0.223314,0.059197,0.032189,0.029655,0.025252,0.029281
8910,2.719682,3.029489,4.636814,1.351360,0.035465,0.035609,0.029394,0.047665,0.448323,0.389347,0.394439,0.407659,0.254632,0.271460,0.223616,0.059340,0.032243,0.029861,0.025280,0.029235
8920,2.764901,2.915631,4.666095,1.087609,0.035039,0.035044,0.029313,0.047605,0.468614,0.403827,0.409283,0.426664,0.254011,0.271993,0.223149,0.059212,0.032862,0.030442,0.025885,0.029736
8930,2.716017,3.064477,4.869195,1.175355,0.035400,0.035182,0.029247,0.047319,0.470412,0.402269,0.403813,0.422346,0.255488,0.273413,0.223681,0.059590,0.033061,0.030661,0.026290,0.029766
8940,2.887254,2.974233,4.774216,1.097719,0.036380,0.035596,0.029568,0.047182,0.477157,0.409877,0.413703,0.430205,0.256577,0.272791,0.225039,0.059608,0.033005,0.031142,0.026000,0.030048
8950,2.770263,3.041286,4.818134,1.187595,0.036552,0.035737,0.029786,0.047205,0.473865,0.412627,0.409278,0.425976,0.257479,0.274994,0.225894,0.059882,0.032133,0.030050,0.025666,0.029111
8960,2.792532,3.105435,4.777133,1.358630,0.036623,0.035883,0.029785,0.047367,0.465461,0.399711,0.401097,0.415040,0.256483,0.274679,0.226019,0.060099,0.031893,0.029819,0.025372,0.028912
8970,3.071241,3.034461,4.666845,1.331017,0.036376,0.035800,0.029473,0.047449,0.459016,0.395176,0.403426,0.414794,0.254854,0.272977,0.224065,0.060134,0.032467,0.030193,0.025706,0.029382
8980,2.690176,3.048111,4.781600,1.230361,0.035921,0.035417,0.029275,0.047599,0.461870,0.393668,0.396402,0.408660,0.256180,0.273884,0.224948,0.059949,0.032329,0.030183,0.026141,0.029644
8990,2.880380,3.109138,4.879701,1.247927,0.035888,0.035564,0.029280,0.047889,0.462321,0.394970,0.397318,0.410439,0.256232,0.274296,0.224005,0.059748,0.031992,0.029896,0.025759,0.029391
9000,2.663907,3.057418,4.797822,1.232817,0.035960,0.035659,0.029557,0.047988,0.465257,0.399027,0.402923,0.416179,0.255859,0.273278,0.223319,0.059451,0.031427,0.029185,0.025208,0.028789
9010,2.686855,2.999099,4.709716,1.208413,0.035810,0.035556,0.029439,0.048084,0.467630,0.403977,0.413469,0.426058,0.255441,0.272957,0.223609,0.059315,0.032067,0.029683,0.025383,0.029202
9020,2.748494,2.976625,4.693063,1.176801,0.035860,0.035538,0.029485,0.048034,0.464616,0.404130,0.409266,0.421684,0.256376,0.273771,0.224543,0.059210,0.032955,0.030316,0.025960,0.030068
9030,2.651687,3.039186,4.700805,1.292462,0.035907,0.035541,0.029507,0.048134,0.454130,0.391389,0.397227,0.412461,0.255436,0.274018,0.222965,0.059257,0.032347,0.030010,0.025962,0.029852
9040,2.611978,2.996915,4.719554,1.189564,0.035732,0.035466,0.029548,0.048257,0.465365,0.400125,0.406633,0.424267,0.256415,0.275322,0.223634,0.059231,0.032116,0.029593,0.025583,0.029404
9050,2.688469,2.949223,4.723215,1.087928,0.035527,0.035311,0.029396,0.048228,0.475865,0.411151,0.416374,0.430438,0.256181,0.275451,0.223632,0.059298,0.032542,0.030244,0.026006,0.029772
9060,2.673025,3.051067,4.861570,1.145973,0.035426,0.035315,0.029433,0.048009,0.469240,0.400619,0.408877,0.419315,0.257904,0.277042,0.224261,0.059334,0.032901,0.030827,0.026441,0.030286
9070,3.120065,3.080196,4.753260,1.318859,0.035914,0.035828,0.029814,0.048125,0.461056,0.396282,0.398267,0.417201,0.254991,0.275221,0.221728,0.059657,0.032302,0.029832,0.026011,0.029599
9080,2.886876,3.008233,4.640537,1.295588,0.036224,0.036112,0.029958,0.048219,0.464491,0.404100,0.408336,0.420301,0.255163,0.275056,0.222604,0.059710,0.031421,0.029319,0.025175,0.028946
9090,2.835523,2.925402,4.684665,1.080917,0.035790,0.035723,0.029551,0.048090,0.477428,0.419313,0.424120,0.432878,0.256966,0.277054,0.223990,0.059644,0.032453,0.030135,0.025777,0.029406
9100,2.680882,3.060351,4.982227,1.043884,0.035382,0.035449,0.029270,0.047702,0.485524,0.424655,0.426831,0.435038,0.261021,0.279926,0.226189,0.059980,0.032961,0.031026,0.026063,0.029714
9110,2.829494,3.139712,4.981098,1.206684,0.035539,0.035504,0.029283,0.047783,0.482902,0.421890,0.422971,0.433587,0.258968,0.278696,0.223514,0.060214,0.032111,0.030660,0.025455,0.029478
9120,3.088243,3.094097,4.769204,1.336765,0.035922,0.035726,0.029332,0.048030,0.469099,0.409306,0.410413,0.421915,0.256535,0.276161,0.222252,0.060095,0.031383,0.029762,0.024989,0.028880
9130,2.715266,2.974147,4.730896,1.132011,0.036348,0.035822,0.029839,0.048082,0.475524,0.414910,0.425020,0.432556,0.255234,0.275971,0.222264,0.059717,0.032563,0.030324,0.025505,0.029612
9140,3.105764,3.069067,4.912143,1.132398,0.036139,0.035603,0.029848,0.047966,0.476041,0.409386,0.422061,0.428871,0.256118,0.276923,0.222541,0.059667,0.032524,0.030513,0.025845,0.029891
9150,2.713352,3.019117,4.781307,1.171148,0.036069,0.035738,0.030180,0.048027,0.476216,0.418244,0.418081,0.435994,0.255787,0.277509,0.222875,0.059583,0.032171,0.029991,0.025594,0.029102
9160,2.758447,3.098637,4.784420,1.327435,0.035949,0.035716,0.030108,0.048080,0.466613,0.404979,0.406181,0.422002,0.255391,0.277187,0.223428,0.059362,0.031964,0.029854,0.025915,0.029506
9170,2.865482,3.223681,4.929521,1.427152,0.035810,0.035889,0.029953,0.048019,0.462251,0.396881,0.403279,0.417758,0.255675,0.277801,0.224941,0.059434,0.031694,0.029794,0.025709,0.029220
9180,2.768241,3.148387,4.909863,1.296388,0.035914,0.036026,0.030082,0.048009,0.468627,0.408023,0.414294,0.425152,0.255929,0.278501,0.223337,0.059337,0.031423,0.029730,0.024793,0.028938
9190,2.686311,3.023022,4.721620,1.244186,0.036007,0.035935,0.030053,0.048154,0.477406,0.417746,0.422740,0.435958,0.254465,0.276941,0.223053,0.059081,0.031102,0.029324,0.024805,0.028621
9200,2.682709,2.941561,4.712298,1.087363,0.035048,0.034984,0.029305,0.048169,0.483687,0.420537,0.431824,0.442045,0.254887,0.278162,0.222892,0.058926,0.032987,0.030500,0.026102,0.029747
9210,2.947833,3.046779,4.839695,1.163732,0.034941,0.034936,0.029295,0.048313,0.479130,0.414085,0.420776,0.432004,0.255885,0.278745,0.222579,0.058973,0.032536,0.030309,0.025851,0.029765
9220,2.831224,3.086409,4.905919,1.174610,0.034905,0.034982,0.029158,0.048363,0.483463,0.418429,0.422624,0.436177,0.255518,0.278684,0.221588,0.059272,0.031802,0.029646,0.025115,0.028623
9230,2.666329,2.973011,4.759020,1.102035,0.035606,0.035314,0.029630,0.048157,0.485705,0.426877,0.427915,0.438374,0.255992,0.278082,0.223301,0.059252,0.031893,0.030160,0.025372,0.029350
9240,2.756432,2.925115,4.683465,1.083034,0.036309,0.035732,0.029905,0.048069,0.488750,0.426605,0.433004,0.443731,0.255419,0.278429,0.224094,0.059145,0.032785,0.030598,0.025858,0.029651
9250,2.689468,3.026911,4.750176,1.219382,0.035933,0.035280,0.029466,0.048093,0.485270,0.415633,0.426505,0.431325,0.257094,0.280394,0.225820,0.059085,0.032539,0.030628,0.025917,0.029902
9260,2.699065,3.097332,4.809759,1.299582,0.035616,0.035080,0.029341,0.048160,0.470698,0.411021,0.417435,0.422792,0.255874,0.280629,0.224030,0.059207,0.031982,0.030233,0.025619,0.029516
9270,2.669021,2.964144,4.680277,1.165646,0.035844,0.035049,0.029458,0.048265,0.479049,0.414722,0.425456,0.434674,0.254015,0.278368,0.222193,0.059177,0.032029,0.030127,0.025500,0.029362
9280,2.677315,2.939172,4.729096,1.064849,0.035792,0.035157,0.029593,0.048290,0.488076,0.423224,0.434513,0.441909,0.255126,0.279712,0.223463,0.059268,0.032738,0.030639,0.026013,0.029887
9290,2.652588,2.939596,4.794120,0.995562,0.035620,0.035078,0.029528,0.048128,0.494261,0.429488,0.439144,0.446318,0.255857,0.280381,0.223766,0.059259,0.033246,0.030996,0.026357,0.030314
9300,2.661555,2.972751,4.686757,1.175495,0.035707,0.035303,0.029487,0.048443,0.490264,0.424851,0.437413,0.440211,0.253668,0.279959,0.222316,0.059162,0.032589,0.030471,0.025751,0.029885
9310,2.662447,3.020114,4.829380,1.119507,0.035922,0.035291,0.029580,0.048358,0.491953,0.428301,0.438601,0.439323,0.255028,0.280809,0.223007,0.059260,0.033015,0.030686,0.026480,0.030190
9320,2.871479,3.049273,4.971938,1.028976,0.036416,0.035506,0.029962,0.048247,0.494736,0.433407,0.442013,0.447881,0.256736,0.282690,0.224264,0.059179,0.032452,0.030319,0.025770,0.029344
9330,2.829194,3.111902,5.059219,1.065988,0.036366,0.035513,0.029937,0.048393,0.489062,0.431350,0.440046,0.440677,0.256174,0.282907,0.223859,0.059264,0.031195,0.029471,0.025236,0.028578
9340,2.616642,3.084599,4.895157,1.180906,0.036661,0.035695,0.030244,0.048644,0.482962,0.419856,0.428049,0.432836,0.255378,0.281852,0.222906,0.059230,0.031006,0.029125,0.025036,0.028659
9350,2.661684,2.957535,4.729402,1.100149,0.036672,0.035747,0.030106,0.048711,0.487544,0.431363,0.444992,0.445045,0.254658,0.281253,0.224083,0.058973,0.031993,0.029702,0.025187,0.029175
9360,2.926293,2.905075,4.725199,1.001011,0.036474,0.035614,0.029958,0.048770,0.497300,0.435523,0.448554,0.452989,0.255056,0.281574,0.224596,0.058665,0.032707,0.030187,0.025603,0.029597
9370,2.754182,2.824392,4.643167,0.927139,0.035761,0.034971,0.029477,0.048629,0.500417,0.443761,0.452904,0.458125,0.253054,0.280785,0.222546,0.058546,0.033939,0.031196,0.026231,0.030543
9380,2.704795,2.869752,4.670698,0.990517,0.035671,0.034898,0.029414,0.048636,0.504239,0.441731,0.455656,0.460374,0.252223,0.280767,0.221695,0.058805,0.033576,0.030862,0.026238,0.030301
9390,2.843182,2.947241,4.732748,1.079163,0.035884,0.035323,0.029710,0.048744,0.497061,0.436891,0.446027,0.451181,0.254303,0.282511,0.223142,0.059033,0.032841,0.030470,0.025855,0.030019
9400,2.686403,3.028152,4.819817,1.150578,0.035954,0.035354,0.029730,0.048713,0.496055,0.434036,0.441613,0.444164,0.256280,0.283550,0.224252,0.059438,0.032386,0.030272,0.025771,0.029772
9410,2.638283,2.880061,4.646030,1.033985,0.036216,0.035613,0.029914,0.048665,0.495237,0.435207,0.447650,0.452237,0.254757,0.283096,0.223142,0.059395,0.031997,0.030074,0.025662,0.029580
9420,2.601245,2.817965,4.586432,0.965144,0.035949,0.035249,0.029890,0.048679,0.495794,0.435678,0.448203,0.451527,0.255022,0.283066,0.223189,0.058989,0.033252,0.030959,0.026629,0.030678
9430,2.748904,2.963607,4.744720,1.088312,0.035545,0.035115,0.029818,0.048754,0.489033,0.424707,0.433824,0.436280,0.256516,0.284508,0.224122,0.058932,0.032979,0.030408,0.026922,0.030311
9440,2.617151,2.911117,4.789222,0.936875,0.035685,0.035302,0.029931,0.048620,0.503825,0.439968,0.449883,0.454398,0.256510,0.284432,0.223721,0.058937,0.032703,0.030364,0.026028,0.030076
9450,2.685732,2.851267,4.715633,0.896871,0.035661,0.035224,0.029935,0.048598,0.516360,0.448270,0.460442,0.463761,0.256082,0.283534,0.223929,0.058876,0.032562,0.030416,0.026098,0.030087
9460,2.616687,2.932436,4.687860,1.088403,0.035624,0.035245,0.030141,0.048650,0.497265,0.437575,0.445608,0.448948,0.254873,0.283134,0.223177,0.059143,0.033401,0.030859,0.026593,0.030536
9470,2.847474,3.087906,4.897076,1.180520,0.035348,0.035235,0.030090,0.048477,0.492831,0.427364,0.436612,0.438070,0.256824,0.284288,0.224095,0.059360,0.032838,0.030375,0.026574,0.030122
9480,2.626184,2.960807,4.802781,1.023883,0.036000,0.035892,0.030686,0.048416,0.500708,0.439199,0.446845,0.454767,0.257564,0.284184,0.223479,0.059438,0.032073,0.029635,0.025827,0.029213
9490,2.608986,2.816641,4.615109,0.932859,0.035368,0.035343,0.029644,0.048398,0.504764,0.442733,0.461715,0.460082,0.255805,0.283735,0.223859,0.059292,0.032793,0.030553,0.026219,0.030041
9500,2.649062,2.903419,4.715739,1.002249,0.035433,0.035512,0.029699,0.048374,0.505812,0.440997,0.458190,0.451212,0.256541,0.284296,0.224187,0.059348,0.033548,0.030946,0.027028,0.030513
9510,2.620710,2.995913,4.887197,1.009103,0.035619,0.035667,0.029884,0.048257,0.510889,0.448425,0.458316,0.457670,0.258800,0.285855,0.225733,0.059611,0.033415,0.030862,0.026735,0.030455
9520,2.650674,3.007209,4.911063,1.007511,0.035908,0.035695,0.030014,0.048341,0.510384,0.449027,0.457444,0.455901,0.259031,0.285738,0.226448,0.059758,0.032081,0.029997,0.026004,0.029723
9530,2.603290,3.026959,4.838243,1.121461,0.036097,0.035825,0.030203,0.048529,0.496383,0.432808,0.448277,0.443060,0.258726,0.286067,0.226215,0.059671,0.031617,0.029493,0.025845,0.029251
9540,2.599441,2.962647,4.761890,1.074411,0.035979,0.035713,0.029998,0.048603,0.499182,0.432422,0.453053,0.446926,0.257542,0.285195,0.225007,0.059439,0.031877,0.029512,0.026000,0.029509
9550,2.692505,2.900648,4.738905,0.975982,0.035811,0.035609,0.029950,0.048708,0.514818,0.449403,0.468370,0.462536,0.258412,0.285822,0.225989,0.059469,0.032295,0.029950,0.025865,0.029457
9560,2.581389,2.980419,4.868686,0.998260,0.035919,0.035662,0.030059,0.048597,0.511749,0.446580,0.460751,0.455901,0.258687,0.286742,0.226112,0.059413,0.032915,0.030717,0.026867,0.030489
9570,2.635026,2.946318,4.818701,0.982340,0.036265,0.035873,0.030277,0.048645,0.508050,0.443036,0.455981,0.456355,0.256484,0.285787,0.223815,0.059468,0.032062,0.029734,0.026103,0.029693
9580,2.610490,2.950251,4.685858,1.132846,0.036263,0.035839,0.030295,0.048849,0.497556,0.432367,0.449332,0.446717,0.254588,0.283719,0.221863,0.059440,0.031942,0.029819,0.026087,0.029812
9590,2.592093,2.892499,4.681077,1.020434,0.035975,0.035451,0.029984,0.048974,0.503817,0.438051,0.454665,0.457565,0.255123,0.284546,0.223135,0.058925,0.032767,0.030346,0.027021,0.030437
9600,2.642697,2.904016,4.705040,1.014771,0.035574,0.034848,0.029664,0.049160,0.498344,0.437324,0.447722,0.446670,0.254543,0.285479,0.222331,0.058745,0.032988,0.030559,0.027270,0.030356
9610,2.626994,2.921957,4.736911,1.015095,0.035690,0.034988,0.029906,0.049089,0.502202,0.433982,0.451227,0.450945,0.254275,0.286271,0.221615,0.058705,0.032372,0.030094,0.026678,0.030029
9620,2.616404,2.895568,4.764529,0.935683,0.036086,0.035330,0.030234,0.048995,0.514222,0.446609,0.464443,0.459865,0.255050,0.286561,0.222840,0.058623,0.032295,0.029748,0.026431,0.029750
9630,2.594954,2.880713,4.772464,0.894674,0.036084,0.035039,0.029932,0.048798,0.518950,0.453307,0.469385,0.465094,0.254109,0.286159,0.222054,0.058857,0.032722,0.030195,0.026813,0.030197
9640,2.721810,2.954097,4.847116,0.963628,0.036194,0.034819,0.029970,0.048681,0.512326,0.447779,0.458651,0.455222,0.255654,0.287222,0.222727,0.059177,0.032801,0.030566,0.026520,0.030367
9650,2.748893,2.919664,4.830726,0.913250,0.036637,0.035376,0.030586,0.048863,0.520969,0.456802,0.471409,0.467943,0.255693,0.287900,0.223034,0.059118,0.032325,0.030051,0.026020,0.029654
9660,2.586959,2.880325,4.753516,0.914244,0.036386,0.035353,0.030504,0.049074,0.521660,0.456450,0.474967,0.470440,0.254948,0.287721,0.222805,0.058791,0.031841,0.029657,0.025915,0.029577
9670,2.636564,2.959319,4.745624,1.082342,0.035774,0.035069,0.030079,0.049156,0.504681,0.435136,0.457603,0.449694,0.254765,0.288146,0.223075,0.058515,0.032004,0.029773,0.026235,0.029656
9680,2.582684,2.887133,4.707082,0.975772,0.035932,0.035102,0.030174,0.049243,0.503292,0.442754,0.463533,0.457542,0.253876,0.287468,0.222093,0.058259,0.032549,0.030088,0.026430,0.030009
9690,2.595381,2.822061,4.662838,0.889429,0.036062,0.035057,0.030217,0.049227,0.514831,0.449541,0.472353,0.469742,0.252482,0.286386,0.221327,0.058415,0.032732,0.030368,0.026617,0.030293
9700,2.697907,2.873814,4.679157,0.975559,0.036220,0.035351,0.030406,0.049196,0.506683,0.446094,0.467753,0.462873,0.252618,0.287184,0.221090,0.058720,0.033280,0.030273,0.026704,0.030514
9710,2.637112,2.905089,4.693189,1.026256,0.036333,0.035645,0.030728,0.049167,0.512779,0.448508,0.466762,0.460598,0.254041,0.287925,0.222705,0.058865,0.032796,0.030426,0.026693,0.030536
9720,2.609076,2.900826,4.701778,1.006623,0.036351,0.035715,0.030564,0.049105,0.512045,0.453420,0.464207,0.466655,0.255626,0.289150,0.223720,0.059186,0.033470,0.030308,0.027302,0.030600
9730,2.820472,2.805698,4.624426,0.896873,0.035971,0.035253,0.029882,0.049150,0.521091,0.461402,0.480022,0.476503,0.255509,0.289021,0.224107,0.058948,0.033634,0.030881,0.027046,0.031004
9740,2.629509,2.877843,4.829859,0.829347,0.035841,0.035185,0.029875,0.049104,0.536935,0.474777,0.490317,0.485340,0.257638,0.290761,0.225815,0.058973,0.033574,0.030363,0.026917,0.030496
9750,2.588661,2.978653,4.972311,0.883655,0.035954,0.035140,0.029848,0.049035,0.531699,0.465652,0.482914,0.481266,0.257876,0.290865,0.224857,0.059047,0.032335,0.029593,0.026358,0.029809
9760,2.668774,2.994721,4.809334,1.083932,0.035605,0.034868,0.029556,0.049130,0.507999,0.449981,0.468758,0.457370,0.256162,0.289641,0.223321,0.058663,0.032632,0.029632,0.026571,0.030072
9770,2.578216,2.847574,4.640717,0.967157,0.036295,0.035379,0.030159,0.049325,0.512137,0.451076,0.477433,0.464506,0.253788,0.288697,0.221752,0.058067,0.032912,0.029771,0.026445,0.030124
9780,2.583239,2.832901,4.616009,0.963239,0.036389,0.035449,0.030109,0.049413,0.510707,0.451396,0.473209,0.464932,0.253803,0.288567,0.221502,0.057917,0.033025,0.029756,0.026650,0.030216
9790,2.627176,2.960766,4.757890,1.065221,0.036121,0.035422,0.030032,0.049405,0.502172,0.438704,0.461716,0.450937,0.253052,0.288976,0.220566,0.058223,0.033072,0.029974,0.027107,0.030497
9800,2.581447,3.005179,4.853495,1.053858,0.036185,0.035763,0.030361,0.049219,0.504691,0.435568,0.463431,0.454080,0.253282,0.288366,0.220400,0.058539,0.032602,0.029472,0.026799,0.030128
9810,2.613292,2.999321,4.860763,1.035463,0.035999,0.035914,0.030405,0.049111,0.505827,0.443005,0.466186,0.460171,0.253754,0.288524,0.221216,0.058853,0.031839,0.028894,0.026195,0.029579
9820,2.688544,2.915138,4.756382,0.975877,0.036470,0.036081,0.030600,0.049047,0.512729,0.452870,0.472874,0.466385,0.253512,0.288450,0.221367,0.058973,0.032484,0.029144,0.026313,0.029657
9830,2.566662,2.956085,4.786185,1.029086,0.036340,0.035881,0.030354,0.048977,0.513699,0.454116,0.471041,0.463273,0.252634,0.287615,0.221300,0.059069,0.032888,0.030086,0.027037,0.030602
9840,3.026495,2.989240,4.828686,1.053206,0.036066,0.035746,0.030049,0.048961,0.516348,0.457226,0.479341,0.468007,0.252363,0.288003,0.221028,0.059164,0.032602,0.029855,0.026539,0.030149
9850,2.640012,2.890379,4.820873,0.866823,0.036017,0.035637,0.029920,0.048987,0.536265,0.482997,0.496950,0.488586,0.255460,0.289547,0.223094,0.059124,0.031744,0.029300,0.025986,0.029287
9860,2.600136,2.827034,4.666381,0.901777,0.036569,0.035880,0.030237,0.049028,0.531374,0.474692,0.496183,0.485324,0.254162,0.289360,0.222395,0.058953,0.032662,0.029776,0.026738,0.029909
9870,2.647336,2.902739,4.647568,1.072324,0.036840,0.036190,0.030639,0.049315,0.515187,0.455388,0.474560,0.468939,0.254047,0.289374,0.221693,0.058747,0.032995,0.029933,0.027028,0.030497
9880,2.661349,2.953532,4.799915,1.013925,0.036594,0.035990,0.030449,0.049187,0.519424,0.461349,0.481006,0.471169,0.255790,0.290236,0.221868,0.059080,0.033021,0.029823,0.026975,0.030261
9890,2.908825,2.895947,4.766244,0.934824,0.036611,0.035836,0.030382,0.049111,0.520721,0.468730,0.487263,0.477129,0.254832,0.290765,0.222426,0.058921,0.032284,0.029779,0.026547,0.030125
9900,2.600663,2.750663,4.567865,0.852717,0.036195,0.035381,0.030098,0.049203,0.527485,0.468109,0.495826,0.484750,0.252767,0.289377,0.221338,0.058654,0.033255,0.030287,0.026951,0.030417
9910,2.779063,2.776767,4.597803,0.870397,0.036001,0.035186,0.030126,0.049279,0.523675,0.461610,0.486028,0.478688,0.251877,0.289308,0.221079,0.058654,0.033130,0.030035,0.027073,0.030236
9920,2.596507,2.736530,4.638491,0.749403,0.035952,0.034883,0.029830,0.049258,0.538004,0.484597,0.501056,0.489771,0.253192,0.290830,0.222565,0.058745,0.033869,0.030996,0.027312,0.030797
9930,2.699461,2.734694,4.631408,0.749614,0.036150,0.034944,0.029957,0.049323,0.539138,0.479159,0.503722,0.491508,0.253373,0.291132,0.222278,0.058633,0.033645,0.030781,0.027006,0.030461
9940,2.704590,2.740988,4.585139,0.812226,0.036695,0.035343,0.030298,0.049509,0.541375,0.476331,0.505358,0.489618,0.253707,0.290879,0.223014,0.058379,0.033245,0.030545,0.026960,0.030231
9950,2.932356,2.764235,4.556157,0.886455,0.036592,0.035345,0.030328,0.049643,0.526258,0.466148,0.496543,0.482983,0.253559,0.290846,0.223007,0.058341,0.033142,0.030302,0.026826,0.030158
9960,2.613179,2.907417,4.750163,0.968146,0.036316,0.035414,0.030239,0.049578,0.530176,0.465506,0.492706,0.480493,0.257117,0.292523,0.225335,0.058615,0.033166,0.030161,0.027298,0.030489
9970,2.763735,2.924266,4.842526,0.902936,0.036441,0.035431,0.030374,0.049416,0.535840,0.466558,0.491571,0.480860,0.257923,0.293641,0.225011,0.058720,0.032193,0.029464,0.027118,0.030010
9980,2.760997,2.874084,4.758124,0.893534,0.036329,0.035279,0.030427,0.049433,0.529373,0.467872,0.495090,0.476916,0.255858,0.292951,0.223779,0.058648,0.032281,0.029576,0.026743,0.030139
9990,2.706909,2.829834,4.686125,0.875842,0.036361,0.035382,0.030645,0.049456,0.528028,0.470195,0.491529,0.481401,0.254575,0.291602,0.222973,0.058593,0.032861,0.029722,0.027131,0.030434
10000,2.640949,2.805136,4.739179,0.773087,0.036392,0.035145,0.030326,0.049485,0.540445,0.474094,0.496776,0.486143,0.254214,0.291391,0.222850,0.058530,0.032913,0.029922,0.027246,0.030313
10010,2.573081,2.697064,4.589256,0.719288,0.036580,0.034934,0.030104,0.049637,0.541919,0.482783,0.503250,0.490127,0.252633,0.290633,0.221207,0.058094,0.032817,0.030216,0.027144,0.030345
10020,2.658068,2.711673,4.618581,0.715939,0.036225,0.034805,0.029706,0.049614,0.549601,0.484237,0.503661,0.490956,0.253961,0.291089,0.222012,0.058154,0.033552,0.030442,0.027856,0.030613
10030,2.637620,2.775308,4.592222,0.867307,0.036764,0.035484,0.030598,0.049676,0.529835,0.469875,0.492184,0.480734,0.253645,0.291607,0.222182,0.058351,0.033324,0.030178,0.027716,0.030348
10040,2.641903,2.792686,4.583678,0.907832,0.036563,0.035505,0.030890,0.049601,0.519421,0.463840,0.485720,0.471588,0.254365,0.292670,0.223134,0.058287,0.032842,0.030022,0.027166,0.030494
10050,2.697003,2.809199,4.781890,0.732432,0.036409,0.035575,0.030558,0.049561,0.542474,0.484314,0.500833,0.491065,0.256909,0.293906,0.224421,0.058559,0.033083,0.029861,0.027745,0.030314
10060,2.596787,2.824078,4.851104,0.693297,0.036262,0.035523,0.030201,0.049551,0.552802,0.497768,0.511273,0.502328,0.256479,0.293700,0.224089,0.058734,0.032245,0.029556,0.026746,0.029814
10070,2.574434,2.767126,4.717134,0.718702,0.036591,0.035674,0.030425,0.049505,0.558057,0.494197,0.515409,0.501839,0.254802,0.292320,0.222200,0.058459,0.032202,0.029577,0.026685,0.029941
10080,2.605513,2.746510,4.578665,0.827324,0.036536,0.035647,0.030463,0.049607,0.541011,0.488062,0.513606,0.495232,0.253766,0.291626,0.221844,0.058102,0.032084,0.029200,0.026369,0.029443
10090,2.554574,2.652880,4.515613,0.709974,0.035862,0.034865,0.029801,0.049759,0.550686,0.495520,0.519586,0.507020,0.255225,0.292297,0.223347,0.057926,0.033905,0.030331,0.027050,0.030256
10100,2.645256,2.724240,4.650668,0.709787,0.036048,0.035021,0.029943,0.049724,0.562439,0.501394,0.522164,0.508945,0.257840,0.293705,0.225116,0.058576,0.033535,0.029943,0.027473,0.030296
10110,2.708155,2.815360,4.839517,0.690398,0.036072,0.034999,0.029822,0.049374,0.570619,0.508410,0.521876,0.513690,0.259429,0.294495,0.225405,0.059200,0.033016,0.029891,0.027489,0.030304
10120,2.541300,2.787797,4.760080,0.722660,0.036954,0.035436,0.030333,0.049687,0.560382,0.504221,0.531326,0.506203,0.257725,0.294294,0.224544,0.059194,0.032136,0.029812,0.026632,0.029846
10130,2.631913,2.823358,4.692991,0.865021,0.036908,0.035257,0.030448,0.049751,0.538690,0.480515,0.508333,0.490107,0.256521,0.294027,0.223105,0.059258,0.032286,0.029425,0.026887,0.030077
10140,2.558992,2.777479,4.676258,0.791636,0.036738,0.035299,0.030270,0.049803,0.546547,0.484409,0.510291,0.490597,0.256315,0.293900,0.222955,0.058971,0.031950,0.029716,0.026682,0.030168
10150,2.571123,2.780844,4.744615,0.721179,0.036970,0.035375,0.030520,0.049802,0.544406,0.482279,0.505682,0.487987,0.257640,0.295142,0.224176,0.058688,0.032327,0.029458,0.026985,0.030047
10160,2.633167,2.837601,4.872516,0.699097,0.037182,0.035485,0.030824,0.049790,0.545279,0.486876,0.507202,0.489969,0.257246,0.294748,0.224323,0.058598,0.031498,0.029188,0.026451,0.029597
10170,2.606897,2.810389,4.775394,0.746376,0.036853,0.035281,0.030639,0.049621,0.546298,0.484174,0.507445,0.488617,0.254621,0.293852,0.222345,0.058320,0.031635,0.028829,0.026226,0.029440
10180,2.625995,2.824146,4.688961,0.865600,0.036865,0.035245,0.030526,0.049577,0.535955,0.472508,0.500596,0.479388,0.253696,0.292946,0.222093,0.057929,0.031804,0.028921,0.026334,0.029714
10190,2.572260,2.815952,4.701844,0.834451,0.036687,0.035238,0.030671,0.049454,0.541579,0.478882,0.501577,0.489727,0.255771,0.293367,0.223998,0.057958,0.032415,0.029133,0.026923,0.029767
10200,2.566392,2.843541,4.692585,0.896824,0.036503,0.035318,0.030592,0.049539,0.526084,0.466871,0.491070,0.475172,0.254299,0.293193,0.221942,0.057942,0.032213,0.029021,0.026719,0.029683
10210,2.765131,2.865759,4.769639,0.857961,0.035991,0.035380,0.030382,0.049472,0.534049,0.473475,0.493295,0.478082,0.253258,0.292399,0.220702,0.058040,0.031883,0.028980,0.026873,0.029455
10220,2.559421,2.736296,4.652734,0.723101,0.036150,0.035832,0.030476,0.049453,0.548770,0.494538,0.512283,0.505244,0.252751,0.292519,0.220213,0.057976,0.032364,0.029213,0.026581,0.029645
10230,2.583919,2.780007,4.680477,0.779119,0.035974,0.035781,0.030250,0.049493,0.544655,0.483974,0.504198,0.491963,0.253500,0.293443,0.220932,0.057948,0.033272,0.029907,0.027237,0.030452
10240,2.519728,2.881204,4.790037,0.865695,0.036671,0.036189,0.030577,0.049646,0.541303,0.476317,0.497711,0.478306,0.256528,0.295165,0.223018,0.058039,0.032566,0.029648,0.027244,0.029979
10250,2.595413,2.969325,4.913256,0.917391,0.036626,0.036306,0.030522,0.049658,0.538914,0.478316,0.503193,0.489071,0.257044,0.295285,0.223365,0.058410,0.031917,0.028943,0.026286,0.029204
10260,2.675102,2.843713,4.781984,0.809204,0.037023,0.036430,0.030829,0.049629,0.559927,0.502103,0.521239,0.507697,0.255377,0.294149,0.221940,0.058168,0.031212,0.028909,0.025615,0.029181
10270,2.633106,2.842138,4.656786,0.935900,0.036852,0.036109,0.030764,0.049745,0.539465,0.485450,0.505957,0.490729,0.254579,0.293568,0.220976,0.058065,0.031987,0.029104,0.026521,0.029880
10280,2.540328,2.800994,4.714525,0.790233,0.036347,0.035443,0.030362,0.049745,0.549232,0.487696,0.519330,0.501430,0.256395,0.294630,0.221820,0.058033,0.032259,0.029133,0.026784,0.029823
10290,2.728636,2.800735,4.775751,0.721507,0.036299,0.035385,0.030426,0.049701,0.553396,0.494413,0.514630,0.503693,0.256269,0.294584,0.221094,0.058062,0.031728,0.029004,0.026404,0.029547
10300,2.566734,2.802273,4.717548,0.784223,0.036084,0.035420,0.030308,0.049901,0.543734,0.486897,0.504719,0.497748,0.254973,0.293380,0.220054,0.057757,0.031727,0.028946,0.026300,0.029319
10310,2.577435,2.802989,4.718282,0.790295,0.036434,0.035844,0.030660,0.049869,0.550700,0.492786,0.514354,0.498552,0.256074,0.293950,0.221821,0.057792,0.031974,0.029023,0.026514,0.029546
10320,2.797521,2.777013,4.704556,0.752302,0.036565,0.035948,0.030577,0.049864,0.557618,0.496575,0.518081,0.509137,0.256531,0.294519,0.221966,0.057761,0.031347,0.028258,0.026421,0.028966
10330,2.654339,2.731093,4.601839,0.769615,0.036893,0.035889,0.030617,0.049957,0.548884,0.488614,0.514073,0.502643,0.255163,0.294370,0.220827,0.057372,0.031797,0.028882,0.026784,0.029319
10340,2.578810,2.714660,4.615351,0.724222,0.036202,0.035270,0.029773,0.049889,0.565393,0.500771,0.524575,0.510765,0.256781,0.295703,0.222770,0.057704,0.032135,0.028831,0.027314,0.029428
10350,2.592273,2.733451,4.697082,0.678259,0.036437,0.035313,0.029823,0.049670,0.574142,0.515396,0.535984,0.520725,0.257295,0.296269,0.222501,0.058271,0.032701,0.029387,0.027228,0.029741
10360,2.543649,2.718904,4.656948,0.687684,0.037681,0.036120,0.030938,0.049582,0.570347,0.511402,0.531452,0.518531,0.256348,0.295566,0.221418,0.058107,0.032696,0.029772,0.027086,0.029833
10370,2.537902,2.836350,4.777771,0.794933,0.038108,0.036349,0.031446,0.049665,0.558465,0.490127,0.515373,0.502137,0.257640,0.296449,0.221666,0.058331,0.032356,0.029007,0.027555,0.029870
10380,2.534579,2.807502,4.720721,0.797130,0.037857,0.036261,0.031134,0.049694,0.555086,0.492201,0.517431,0.499585,0.256388,0.295808,0.220809,0.058389,0.031747,0.028502,0.026628,0.029116
10390,2.575607,2.844118,4.797604,0.787362,0.037654,0.036255,0.030808,0.049685,0.555575,0.486021,0.516772,0.496074,0.257464,0.296567,0.222199,0.058239,0.031907,0.028651,0.026788,0.029460
10400,2.637117,2.899189,4.852902,0.843527,0.037258,0.036129,0.030393,0.049784,0.550611,0.485279,0.510980,0.496517,0.257477,0.296205,0.222617,0.058384,0.031668,0.028437,0.026816,0.029075
10410,2.835001,2.815786,4.682721,0.854143,0.037221,0.036197,0.030474,0.049911,0.545159,0.483560,0.509662,0.495979,0.255928,0.295852,0.221575,0.057939,0.031715,0.028406,0.026290,0.028794
10420,2.563232,2.742929,4.623342,0.770030,0.036830,0.035800,0.030466,0.049796,0.562152,0.497695,0.525048,0.511369,0.254454,0.294977,0.220677,0.057845,0.032176,0.028568,0.026627,0.028963
10430,2.959811,2.776461,4.635698,0.824135,0.036729,0.035695,0.030529,0.049728,0.547770,0.486979,0.515236,0.498611,0.253410,0.295228,0.219724,0.057801,0.032778,0.029130,0.027291,0.029695
10440,2.570222,2.910708,4.842350,0.875753,0.036301,0.035339,0.030145,0.049504,0.545558,0.477849,0.504944,0.486042,0.256278,0.297074,0.221610,0.058251,0.032447,0.028867,0.027263,0.029613
10450,2.616098,2.809896,4.767971,0.755523,0.036571,0.035956,0.030344,0.049554,0.556191,0.498483,0.523282,0.507093,0.256248,0.296831,0.220999,0.058144,0.031432,0.028189,0.026012,0.028955
10460,2.628674,2.690326,4.585459,0.709015,0.037331,0.035958,0.030581,0.049623,0.561384,0.506844,0.532996,0.511620,0.254445,0.295841,0.219773,0.057691,0.032023,0.028717,0.026461,0.029510
10470,2.635010,2.678708,4.617795,0.651098,0.037393,0.035616,0.030340,0.049581,0.572608,0.509586,0.535464,0.518178,0.255665,0.297182,0.221041,0.057840,0.032695,0.029266,0.027287,0.030083
10480,2.595779,2.702374,4.662268,0.651300,0.037087,0.035800,0.030412,0.049483,0.578247,0.516631,0.532150,0.523219,0.256529,0.297623,0.221985,0.057973,0.032772,0.029657,0.027600,0.030413
10490,2.829627,2.779139,4.699112,0.763922,0.036976,0.035886,0.030477,0.049520,0.562040,0.499800,0.523886,0.507014,0.256745,0.298449,0.222673,0.058039,0.032340,0.029091,0.027396,0.029933
10500,2.785786,2.783228,4.722855,0.747473,0.036994,0.035853,0.030536,0.049557,0.565076,0.501337,0.530298,0.513525,0.257624,0.298650,0.223944,0.058144,0.032205,0.029093,0.026962,0.029848
10510,2.559718,2.742825,4.718068,0.671840,0.037096,0.035812,0.030463,0.049496,0.584255,0.521284,0.542003,0.526446,0.257707,0.298844,0.223447,0.058136,0.031472,0.028927,0.026559,0.029621
10520,2.642964,2.769012,4.742695,0.698930,0.037468,0.035799,0.030575,0.049479,0.581929,0.523246,0.540666,0.528045,0.258376,0.298646,0.223949,0.058081,0.031617,0.028897,0.026766,0.029734
10530,2.631878,2.754579,4.730511,0.686183,0.037878,0.035928,0.030829,0.049664,0.576241,0.520955,0.540548,0.524451,0.256313,0.297459,0.221804,0.057980,0.032006,0.029076,0.026897,0.030009
10540,2.549105,2.788761,4.629540,0.858185,0.038081,0.036267,0.031001,0.049890,0.552050,0.493047,0.523393,0.503724,0.254442,0.296418,0.219956,0.057606,0.031934,0.028835,0.027032,0.029815
10550,2.630000,2.770092,4.725075,0.717671,0.037614,0.035879,0.030650,0.049956,0.570760,0.512054,0.540648,0.523065,0.256029,0.297206,0.221608,0.057851,0.032295,0.028813,0.027244,0.029889
10560,2.650568,2.699292,4.666464,0.640819,0.037443,0.035798,0.030464,0.050048,0.580983,0.522775,0.545840,0.532259,0.256236,0.297672,0.221009,0.057608,0.031888,0.028917,0.026566,0.029445
10570,2.650718,2.669969,4.563677,0.692160,0.037195,0.035913,0.030242,0.050239,0.574186,0.516435,0.542398,0.527994,0.254908,0.297235,0.220670,0.057395,0.032376,0.029056,0.027179,0.029544
10580,2.553676,2.669816,4.573221,0.683318,0.036959,0.035942,0.030047,0.050035,0.578224,0.520563,0.542416,0.529172,0.254836,0.297172,0.220679,0.057423,0.032961,0.029553,0.027704,0.030117
10590,2.616768,2.647496,4.604456,0.603755,0.036760,0.035571,0.029718,0.049903,0.576623,0.521212,0.543245,0.527518,0.256222,0.298789,0.222370,0.057623,0.033527,0.030047,0.027569,0.030189
10600,2.535835,2.733109,4.668494,0.700438,0.036995,0.035456,0.029589,0.049831,0.563803,0.500584,0.523540,0.507118,0.255825,0.298878,0.222090,0.057967,0.032563,0.029206,0.027697,0.029988
10610,2.681109,2.877141,4.818727,0.828677,0.037005,0.035511,0.029596,0.049905,0.544375,0.482358,0.514419,0.493543,0.256140,0.299643,0.222539,0.058154,0.032584,0.029036,0.027814,0.029730
10620,2.732525,2.816172,4.707780,0.826723,0.037271,0.035887,0.029987,0.050010,0.551424,0.488461,0.519564,0.501225,0.255472,0.299239,0.221456,0.058026,0.031231,0.027959,0.026338,0.028861
10630,2.646783,2.691199,4.557616,0.735956,0.037358,0.035973,0.030469,0.050057,0.561015,0.505135,0.535742,0.515920,0.253903,0.298061,0.220792,0.057561,0.031737,0.028284,0.026160,0.028799
10640,2.630366,2.705238,4.685583,0.627561,0.036650,0.035316,0.030010,0.049755,0.581791,0.523923,0.545993,0.528970,0.257134,0.299905,0.223386,0.057973,0.032848,0.029224,0.027332,0.029792
10650,2.575352,2.839444,4.858018,0.717063,0.036581,0.035292,0.029904,0.049770,0.579235,0.516424,0.539112,0.521872,0.258849,0.300460,0.223611,0.058391,0.032413,0.029091,0.027174,0.029710
10660,2.540965,2.906833,4.779275,0.935580,0.036931,0.035538,0.030198,0.050070,0.548266,0.484845,0.510057,0.494653,0.257586,0.298884,0.222749,0.058195,0.031868,0.028583,0.026885,0.029201
10670,2.569204,2.906110,4.785677,0.926730,0.037113,0.035802,0.030422,0.050196,0.537234,0.471611,0.504649,0.486286,0.256926,0.298257,0.222087,0.058097,0.030954,0.027547,0.026342,0.028146
10680,2.533301,2.851562,4.778023,0.826073,0.037665,0.036218,0.030883,0.050349,0.548390,0.484011,0.514176,0.499218,0.256679,0.297859,0.222900,0.057968,0.030813,0.027727,0.025983,0.028249
10690,2.551273,2.846474,4.800479,0.788927,0.037328,0.035858,0.030396,0.050275,0.553702,0.493758,0.521067,0.506018,0.257251,0.298349,0.223399,0.057855,0.031313,0.028295,0.026205,0.028737
10700,2.636132,2.741775,4.706973,0.679784,0.037204,0.035561,0.030305,0.050161,0.571472,0.513103,0.539667,0.518027,0.254990,0.297922,0.220683,0.057724,0.030718,0.028048,0.025705,0.028463
10710,2.625470,2.682435,4.562856,0.713404,0.037305,0.035621,0.030593,0.050267,0.569539,0.512965,0.536830,0.515890,0.252005,0.296590,0.218131,0.057309,0.031610,0.028474,0.026180,0.028948
10720,2.608568,2.716504,4.621192,0.715625,0.037540,0.035837,0.030486,0.050265,0.564044,0.505845,0.531255,0.509137,0.252564,0.297262,0.219080,0.057302,0.032807,0.029216,0.027096,0.029701
10730,2.621862,2.702386,4.666997,0.641587,0.037292,0.035910,0.030352,0.050206,0.577225,0.521919,0.544336,0.526416,0.254278,0.298682,0.220864,0.057613,0.031901,0.028993,0.026508,0.029077
10740,2.521867,2.648597,4.528098,0.683412,0.037222,0.035799,0.030561,0.050231,0.571490,0.511878,0.545319,0.520241,0.253550,0.298010,0.221599,0.057100,0.031985,0.029401,0.026261,0.029400
10750,2.755359,2.791767,4.689571,0.795071,0.036863,0.035777,0.030509,0.050133,0.563309,0.504372,0.530498,0.511217,0.256385,0.299467,0.223706,0.057483,0.032603,0.029428,0.027327,0.029818
10760,2.528439,2.784059,4.795958,0.668133,0.037095,0.035879,0.030291,0.049974,0.579269,0.523222,0.536188,0.528821,0.258261,0.300474,0.223350,0.057833,0.031542,0.028814,0.026991,0.029230
10770,2.575379,2.682304,4.625763,0.646456,0.037179,0.035939,0.030059,0.050080,0.579689,0.525485,0.545984,0.532179,0.255010,0.298507,0.221108,0.057491,0.031216,0.028712,0.025928,0.028948
10780,2.533650,2.700973,4.630095,0.679513,0.037234,0.035808,0.029947,0.050067,0.578846,0.524505,0.548664,0.531839,0.255881,0.299392,0.222119,0.057523,0.032417,0.029265,0.027068,0.029603
10790,2.773767,2.759928,4.691457,0.729742,0.037452,0.035927,0.029958,0.050150,0.570999,0.514134,0.538676,0.518609,0.256258,0.299768,0.222305,0.057521,0.032563,0.029202,0.027332,0.029854
10800,2.534966,2.744219,4.711764,0.674705,0.037881,0.036228,0.030358,0.050254,0.563604,0.507837,0.539165,0.516341,0.256761,0.300746,0.223310,0.057631,0.032661,0.029158,0.026561,0.029638
10810,2.507553,2.772910,4.703295,0.739112,0.037611,0.036060,0.030323,0.050313,0.561185,0.503285,0.527361,0.504515,0.255593,0.300679,0.221890,0.057375,0.031481,0.028218,0.026710,0.028913
10820,2.543051,2.768313,4.731054,0.703759,0.036908,0.035781,0.030447,0.050137,0.577652,0.521632,0.545705,0.528744,0.254662,0.299993,0.221844,0.057367,0.031141,0.027814,0.026082,0.028526
10830,2.681695,2.849812,4.786624,0.809703,0.036662,0.035686,0.030599,0.050019,0.569504,0.513402,0.543580,0.515992,0.255183,0.299704,0.222444,0.057359,0.031082,0.028062,0.026015,0.028587
10840,2.623541,2.840461,4.798156,0.779242,0.036929,0.035980,0.030859,0.049937,0.570674,0.517918,0.547602,0.519472,0.255673,0.300265,0.222790,0.057421,0.031282,0.028301,0.026063,0.028757
10850,2.551570,2.653322,4.605253,0.610254,0.037551,0.036151,0.030987,0.049756,0.583505,0.532867,0.557154,0.538200,0.255640,0.299565,0.222595,0.057096,0.031335,0.028217,0.025779,0.028594
10860,2.513888,2.688244,4.556015,0.732745,0.037181,0.035729,0.030592,0.049933,0.572145,0.515948,0.544848,0.525064,0.254629,0.298871,0.221603,0.057125,0.032078,0.028984,0.026712,0.029391
10870,2.496915,2.707861,4.647349,0.673757,0.036989,0.035718,0.030283,0.049944,0.578212,0.519536,0.546318,0.523979,0.255408,0.299992,0.221986,0.057336,0.031958,0.028880,0.026843,0.029155
10880,2.589253,2.699228,4.715128,0.584449,0.037576,0.036125,0.030575,0.049851,0.585084,0.528220,0.549703,0.532233,0.256379,0.299930,0.223350,0.057263,0.031597,0.028775,0.026419,0.028991
10890,2.520890,2.699281,4.722856,0.574153,0.038145,0.036505,0.031009,0.049911,0.591001,0.529149,0.558505,0.528972,0.255696,0.299919,0.223285,0.057186,0.031675,0.029042,0.026654,0.029281
10900,2.519143,2.820579,4.763766,0.772303,0.037965,0.036485,0.030759,0.050188,0.567388,0.504584,0.537253,0.510482,0.254793,0.299599,0.223139,0.057234,0.031558,0.028848,0.026612,0.029492
10910,2.567694,2.928968,4.879014,0.874578,0.037692,0.036373,0.030501,0.050247,0.562547,0.504184,0.534569,0.507805,0.256603,0.299804,0.223699,0.057436,0.030446,0.028261,0.026204,0.028968
10920,2.569583,2.817168,4.725561,0.814086,0.037646,0.036578,0.030637,0.050301,0.561042,0.507869,0.537604,0.515782,0.255544,0.298890,0.222919,0.057012,0.030376,0.027902,0.025444,0.028027
10930,2.547068,2.768386,4.669572,0.771585,0.037595,0.036510,0.030637,0.050338,0.560442,0.505951,0.536949,0.512862,0.255517,0.298290,0.222709,0.056771,0.031020,0.028098,0.025966,0.028309
10940,2.530854,2.684898,4.639604,0.634302,0.037612,0.036246,0.030449,0.050362,0.584300,0.527533,0.549347,0.529371,0.256404,0.299088,0.224089,0.056668,0.031188,0.028148,0.026138,0.028492
10950,2.623267,2.672005,4.625319,0.628343,0.036933,0.035528,0.029722,0.050313,0.591515,0.534352,0.568515,0.540337,0.255033,0.299453,0.223549,0.056837,0.032142,0.029343,0.026611,0.029311
10960,2.516711,2.716784,4.747920,0.586689,0.036944,0.035518,0.029873,0.050127,0.605787,0.549117,0.572537,0.549428,0.256117,0.300205,0.223676,0.057185,0.030829,0.028449,0.026206,0.028562
10970,2.640616,2.658373,4.574567,0.659242,0.037795,0.036308,0.030543,0.050314,0.589492,0.532652,0.561804,0.544217,0.255278,0.300041,0.223727,0.056854,0.031391,0.028874,0.026107,0.028915
10980,2.468037,2.608526,4.473160,0.666883,0.037608,0.036354,0.030126,0.050361,0.582188,0.528771,0.559685,0.532508,0.254420,0.299983,0.223392,0.056640,0.031275,0.028573,0.026264,0.028545
10990,2.618083,2.676792,4.544384,0.720094,0.037334,0.036021,0.029824,0.050393,0.570256,0.517864,0.544112,0.515816,0.254018,0.300573,0.223114,0.057029,0.032498,0.028967,0.027321,0.029391
11000,2.596732,2.671850,4.582538,0.667683,0.037388,0.036012,0.030083,0.050413,0.573479,0.515715,0.541036,0.517796,0.254430,0.301037,0.223133,0.056965,0.031771,0.028700,0.026624,0.028991
11010,2.491759,2.640361,4.580603,0.606338,0.037155,0.035875,0.030040,0.050486,0.584599,0.531163,0.557604,0.528345,0.255098,0.301581,0.224335,0.056894,0.031782,0.028530,0.026477,0.028813
11020,2.585356,2.686509,4.636812,0.638954,0.037274,0.036057,0.030303,0.050496,0.587127,0.530959,0.558653,0.530641,0.256508,0.302418,0.225428,0.057258,0.031603,0.028558,0.026935,0.028923
11030,2.585058,2.764192,4.797970,0.626311,0.037310,0.036143,0.030224,0.050321,0.596287,0.541005,0.562558,0.541954,0.258501,0.303329,0.225431,0.057567,0.031039,0.028359,0.026873,0.028950
11040,2.586946,2.662981,4.675790,0.556106,0.037877,0.036037,0.030464,0.050436,0.595006,0.545744,0.570375,0.540586,0.257097,0.302757,0.224307,0.057013,0.031068,0.028373,0.026649,0.029168
11050,2.515749,2.604377,4.563864,0.554945,0.037871,0.035511,0.030468,0.050404,0.588968,0.532886,0.559563,0.537330,0.255077,0.301795,0.223469,0.056718,0.031579,0.028462,0.026971,0.029078
11060,2.558222,2.704499,4.627964,0.687405,0.037545,0.035196,0.030197,0.050491,0.582021,0.517942,0.552238,0.525046,0.254529,0.301325,0.222817,0.057030,0.031427,0.028490,0.027202,0.029136
11070,2.537267,2.783886,4.735814,0.734743,0.037307,0.035542,0.030197,0.050663,0.587684,0.518703,0.552580,0.522525,0.255044,0.300681,0.222698,0.057526,0.030702,0.028019,0.026196,0.028350
11080,2.509144,2.678796,4.584406,0.682719,0.037565,0.036070,0.030656,0.050907,0.581649,0.529078,0.553815,0.531947,0.254071,0.299827,0.222645,0.057076,0.031310,0.028553,0.026439,0.028815
11090,2.501249,2.685156,4.569529,0.708190,0.037670,0.036146,0.030945,0.050794,0.579455,0.521095,0.547736,0.524484,0.255205,0.300880,0.223318,0.056909,0.032180,0.028834,0.027991,0.029581
11100,2.534221,2.688905,4.699053,0.578733,0.037900,0.036047,0.030580,0.050895,0.595670,0.540018,0.560305,0.538982,0.256850,0.302046,0.224104,0.056859,0.031645,0.028219,0.027531,0.029127
11110,2.524421,2.597573,4.577463,0.527439,0.038054,0.036074,0.030366,0.051091,0.604153,0.549830,0.569492,0.545573,0.255286,0.301578,0.222820,0.056594,0.031231,0.028021,0.026377,0.028712
11120,2.644107,2.586455,4.499057,0.587245,0.037707,0.035921,0.030189,0.051096,0.592548,0.538378,0.563593,0.541838,0.254240,0.301515,0.223015,0.056485,0.032445,0.028581,0.026900,0.029107
11130,2.532530,2.708856,4.637107,0.683616,0.037123,0.035649,0.029719,0.051049,0.584214,0.528981,0.555333,0.526505,0.257476,0.304190,0.225305,0.056898,0.033032,0.028966,0.028079,0.029561
11140,2.515429,2.832840,4.732757,0.828833,0.037365,0.035929,0.029904,0.051272,0.558832,0.498832,0.529497,0.501920,0.257036,0.305198,0.224484,0.056914,0.031856,0.028428,0.027334,0.029046
11150,2.623670,2.755365,4.687753,0.720174,0.037211,0.035967,0.029915,0.051255,0.572544,0.508943,0.541316,0.512405,0.255201,0.303514,0.222869,0.056709,0.031784,0.027864,0.026371,0.028619
11160,2.658320,2.781891,4.746728,0.711588,0.037019,0.036168,0.029862,0.051153,0.583477,0.522873,0.548940,0.525046,0.255779,0.303039,0.223819,0.056820,0.031297,0.027711,0.026814,0.028433
11170,2.583318,2.762671,4.729150,0.691912,0.037076,0.036200,0.030028,0.050912,0.585711,0.530151,0.547613,0.528813,0.256409,0.303289,0.223994,0.056899,0.030721,0.027321,0.026378,0.028183
11180,2.616266,2.671836,4.651655,0.593713,0.037006,0.035844,0.030177,0.050874,0.591883,0.535712,0.555345,0.537156,0.256033,0.303551,0.223971,0.056603,0.030799,0.027762,0.026586,0.028560
11190,2.532267,2.666789,4.627042,0.608252,0.036976,0.035718,0.030285,0.050917,0.593827,0.527023,0.559852,0.532275,0.255386,0.303578,0.223440,0.056484,0.031297,0.028006,0.026806,0.029017
11200,2.507263,2.783809,4.765180,0.696124,0.036503,0.035591,0.030097,0.050886,0.586440,0.522509,0.550792,0.520462,0.255196,0.302997,0.223444,0.056821,0.031934,0.028273,0.027236,0.029201
11210,2.518589,2.836962,4.775844,0.790517,0.035995,0.035520,0.029801,0.050934,0.573853,0.509263,0.540772,0.511995,0.253964,0.302436,0.222455,0.056893,0.030817,0.027392,0.026538,0.028414
11220,2.606614,2.665283,4.577202,0.658538,0.036699,0.036068,0.030437,0.051064,0.579072,0.525863,0.549775,0.526058,0.251114,0.301032,0.220617,0.056449,0.030617,0.027290,0.025061,0.027941
11230,2.657298,2.633157,4.606926,0.563335,0.036667,0.035990,0.030030,0.050891,0.603288,0.546139,0.569768,0.546795,0.253575,0.302518,0.223054,0.056829,0.031512,0.027551,0.026600,0.028513
11240,2.538985,2.662222,4.651702,0.577562,0.037079,0.036330,0.030149,0.050976,0.609167,0.544937,0.570223,0.548478,0.254924,0.303485,0.224550,0.056761,0.031488,0.027698,0.026468,0.028701
11250,2.784722,2.752451,4.627033,0.785854,0.037931,0.037135,0.031156,0.051248,0.573988,0.520387,0.549427,0.515926,0.253975,0.303181,0.222719,0.056453,0.030996,0.027904,0.026158,0.028737
11260,2.759339,2.723121,4.624854,0.721793,0.037977,0.036802,0.031050,0.051412,0.573350,0.519494,0.544667,0.516273,0.254192,0.303066,0.222908,0.056550,0.032283,0.028212,0.027170,0.029039
11270,2.501353,2.617448,4.575620,0.564748,0.036984,0.035861,0.030110,0.051195,0.598951,0.547213,0.572691,0.542077,0.254272,0.303144,0.223637,0.056527,0.032546,0.028485,0.026691,0.029019
11280,2.635635,2.680720,4.726085,0.532734,0.036213,0.035331,0.029393,0.051055,0.619565,0.559373,0.580254,0.558003,0.257244,0.304425,0.226601,0.057090,0.031902,0.028379,0.026941,0.029016
11290,2.681366,2.729820,4.734894,0.620312,0.036802,0.035659,0.029933,0.051059,0.600240,0.541084,0.570224,0.543707,0.256169,0.304606,0.224593,0.056991,0.031094,0.028317,0.026157,0.028909
11300,2.642252,2.673090,4.615764,0.631204,0.037386,0.036134,0.030556,0.051101,0.594971,0.534841,0.566016,0.534059,0.255202,0.304169,0.223387,0.056849,0.030747,0.027768,0.026162,0.028291
11310,2.474970,2.699419,4.610358,0.690264,0.037461,0.036177,0.030472,0.051201,0.581272,0.521571,0.549832,0.519343,0.253739,0.302903,0.222743,0.056924,0.031003,0.027597,0.026303,0.028370
11320,2.560180,2.731697,4.701074,0.658490,0.037123,0.035995,0.030009,0.051165,0.586170,0.524346,0.548772,0.519926,0.254596,0.303128,0.223560,0.057007,0.031082,0.027773,0.026256,0.028496
11330,2.495436,2.707658,4.684416,0.631907,0.036389,0.035771,0.029761,0.051171,0.601403,0.537108,0.558400,0.540324,0.255978,0.303636,0.224972,0.056748,0.031016,0.027938,0.026350,0.028513
11340,2.573671,2.769747,4.710081,0.724053,0.036479,0.035892,0.029972,0.051218,0.582043,0.518583,0.552365,0.524145,0.254529,0.302894,0.223159,0.056747,0.031408,0.027908,0.026733,0.028581
11350,2.620202,2.771301,4.771034,0.664080,0.036686,0.036077,0.030138,0.051195,0.587531,0.526880,0.557469,0.529246,0.254626,0.302611,0.223046,0.056696,0.030702,0.027499,0.026291,0.028153
11360,2.534250,2.632464,4.627363,0.540701,0.037412,0.036206,0.030435,0.051226,0.600019,0.541483,0.570111,0.540553,0.253980,0.302543,0.223468,0.056398,0.030755,0.027835,0.025394,0.028163
11370,2.507879,2.720562,4.645706,0.692256,0.037256,0.035992,0.030286,0.051232,0.574611,0.516920,0.550654,0.515759,0.254525,0.303524,0.223195,0.056345,0.031484,0.027725,0.026638,0.028389
11380,2.417304,2.760108,4.638972,0.782136,0.037663,0.036366,0.030812,0.051450,0.567905,0.509221,0.533387,0.507527,0.254283,0.303952,0.223310,0.056410,0.030694,0.027361,0.026567,0.028381
11390,2.767101,2.802603,4.664891,0.839862,0.037648,0.036444,0.030943,0.051550,0.561805,0.503180,0.529248,0.505377,0.253789,0.303981,0.223609,0.056460,0.030958,0.027663,0.026657,0.028533
11400,2.549191,2.685482,4.616944,0.653581,0.037594,0.036374,0.030653,0.051406,0.582392,0.528049,0.553963,0.527992,0.252747,0.303341,0.222506,0.056351,0.031188,0.027700,0.026204,0.028245
11410,2.574036,2.668836,4.629790,0.604001,0.036957,0.035989,0.030102,0.051196,0.598220,0.539822,0.561994,0.540401,0.253368,0.303857,0.223095,0.056490,0.031388,0.027326,0.026380,0.028057
11420,2.515010,2.651491,4.618474,0.582334,0.037277,0.036272,0.030302,0.051258,0.598358,0.544975,0.563613,0.539651,0.254106,0.304350,0.223652,0.056315,0.031385,0.027746,0.026523,0.028265
11430,2.716624,2.684606,4.607537,0.661109,0.037610,0.036484,0.030626,0.051391,0.585869,0.531751,0.560591,0.528249,0.254280,0.304906,0.223621,0.056081,0.031170,0.028129,0.026365,0.028569
11440,2.511138,2.771491,4.781262,0.652182,0.037432,0.036565,0.030419,0.051396,0.598833,0.534561,0.561817,0.531640,0.256650,0.306031,0.226400,0.056523,0.030791,0.027406,0.026871,0.028436
11450,2.514130,2.747985,4.743572,0.645978,0.037965,0.037024,0.030786,0.051528,0.584976,0.533046,0.556298,0.527813,0.255055,0.305650,0.224673,0.056419,0.029951,0.026958,0.025830,0.027763
11460,2.518403,2.704571,4.643999,0.667422,0.037639,0.036807,0.030436,0.051514,0.600944,0.540040,0.569593,0.545705,0.254624,0.304072,0.224966,0.056554,0.030189,0.027420,0.026031,0.027856
11470,2.622714,2.671678,4.620988,0.629156,0.037337,0.036632,0.030280,0.051521,0.605287,0.555456,0.581192,0.555813,0.255111,0.304971,0.225066,0.056536,0.030499,0.027769,0.026339,0.028157
11480,2.572832,2.652431,4.595768,0.614068,0.037393,0.036518,0.030366,0.051280,0.604453,0.553626,0.580495,0.550252,0.255479,0.305604,0.225065,0.056253,0.031073,0.027961,0.026878,0.028446
11490,2.533669,2.669367,4.642287,0.600761,0.037622,0.036707,0.030715,0.051190,0.600440,0.551587,0.575501,0.547187,0.255489,0.305848,0.225130,0.056530,0.030603,0.027760,0.026745,0.028478
11500,2.473209,2.681024,4.613804,0.655575,0.037511,0.036511,0.030660,0.051330,0.590849,0.538285,0.570290,0.532853,0.254120,0.304312,0.223656,0.056525,0.031204,0.027859,0.026671,0.028464
11510,2.484064,2.630097,4.497933,0.676968,0.037249,0.036452,0.030121,0.051333,0.578175,0.529702,0.563123,0.527552,0.252140,0.303572,0.222459,0.056180,0.031198,0.028196,0.026225,0.028377
11520,2.498493,2.721029,4.596768,0.746269,0.036952,0.036503,0.029904,0.051462,0.580119,0.513941,0.552229,0.515839,0.252999,0.304112,0.222819,0.056501,0.031114,0.027664,0.027741,0.028419
11530,2.618449,2.837414,4.756293,0.810204,0.036930,0.036480,0.029763,0.051457,0.571664,0.508410,0.537619,0.510841,0.254225,0.305727,0.222454,0.056873,0.031061,0.027817,0.027562,0.028687
11540,2.483968,2.851853,4.798384,0.790175,0.037292,0.036651,0.029971,0.051457,0.568216,0.503995,0.534061,0.505838,0.254246,0.305912,0.223032,0.056781,0.030703,0.027613,0.026792,0.028635
11550,2.478304,2.781017,4.737295,0.718481,0.037249,0.036740,0.030055,0.051390,0.581593,0.518984,0.546542,0.517437,0.253405,0.305167,0.222458,0.056723,0.030194,0.027173,0.026217,0.028144
11560,2.481118,2.682328,4.549193,0.721636,0.037394,0.036718,0.030287,0.051324,0.574731,0.520509,0.547624,0.519441,0.251286,0.303789,0.221241,0.056354,0.030489,0.027419,0.026286,0.028198
11570,2.562239,2.706172,4.553159,0.766613,0.036808,0.036315,0.030042,0.051142,0.582914,0.525700,0.559495,0.525383,0.251321,0.304020,0.221362,0.056390,0.031281,0.028053,0.026992,0.028705
11580,2.532975,2.702458,4.640522,0.661528,0.036958,0.036391,0.029959,0.050901,0.599471,0.546138,0.568816,0.544053,0.253725,0.306119,0.223693,0.056737,0.031041,0.027858,0.027541,0.028486
11590,2.543251,2.680612,4.719693,0.536758,0.037809,0.036640,0.030196,0.050969,0.614414,0.558634,0.575159,0.550907,0.253680,0.306107,0.223470,0.056863,0.031037,0.027914,0.026926,0.028610
11600,2.592610,2.699568,4.690241,0.611551,0.038123,0.036885,0.030488,0.051217,0.602421,0.543813,0.568268,0.537870,0.254631,0.306242,0.223880,0.056520,0.030706,0.027918,0.027039,0.028643
11610,2.745261,2.750407,4.681178,0.722124,0.038074,0.037074,0.030752,0.051421,0.576271,0.519023,0.556868,0.515883,0.253080,0.305529,0.221892,0.056340,0.031116,0.027761,0.026889,0.028674
11620,2.498002,2.701583,4.652305,0.649587,0.037793,0.036752,0.030531,0.051524,0.581413,0.527655,0.553751,0.525907,0.252133,0.305338,0.220997,0.056293,0.030843,0.027418,0.026945,0.028433
11630,2.501894,2.662981,4.638440,0.590486,0.037480,0.036578,0.030174,0.051641,0.603259,0.540726,0.571926,0.542805,0.253629,0.306383,0.222983,0.056214,0.030513,0.027642,0.026706,0.028239
11640,2.482970,2.726596,4.673349,0.674554,0.037138,0.036255,0.030041,0.051715,0.591286,0.537838,0.560998,0.526728,0.254809,0.307279,0.224343,0.056042,0.031305,0.028003,0.027144,0.028742
11650,2.602005,2.764201,4.711878,0.708380,0.036887,0.036142,0.029941,0.051661,0.591212,0.532840,0.557610,0.527458,0.254169,0.307480,0.223740,0.055972,0.030861,0.027388,0.027300,0.028340
11660,2.509009,2.724378,4.714025,0.631111,0.036138,0.035927,0.029648,0.051615,0.607271,0.554610,0.580887,0.547274,0.253149,0.306629,0.222667,0.056115,0.030055,0.027276,0.026200,0.028014
11670,2.649108,2.718848,4.637267,0.702584,0.036301,0.036106,0.030031,0.051620,0.597051,0.545961,0.578717,0.544509,0.253865,0.306383,0.223517,0.055957,0.030399,0.027500,0.026406,0.028391
11680,2.476754,2.776778,4.697247,0.755928,0.036021,0.035958,0.029961,0.051450,0.590247,0.532932,0.561054,0.532895,0.254198,0.307282,0.223820,0.056115,0.030859,0.027572,0.027492,0.028616
11690,2.495919,2.744258,4.724738,0.658623,0.037304,0.036678,0.030594,0.051555,0.587372,0.532179,0.557789,0.531359,0.253587,0.307144,0.222967,0.056135,0.031100,0.027370,0.027034,0.028273
11700,2.554948,2.651837,4.666106,0.537231,0.037690,0.037141,0.030567,0.051532,0.607994,0.554771,0.573968,0.551458,0.254520,0.307678,0.224384,0.056072,0.030796,0.027211,0.026835,0.028122
11710,2.638528,2.721379,4.804262,0.533422,0.037121,0.036943,0.030023,0.051283,0.617778,0.559802,0.583597,0.555973,0.255655,0.308536,0.226101,0.056656,0.030462,0.027300,0.026635,0.028306
11720,2.557719,2.721434,4.745577,0.594627,0.037115,0.036784,0.030058,0.051140,0.613661,0.557073,0.579992,0.552526,0.253674,0.307673,0.223978,0.056279,0.030458,0.027493,0.026133,0.028161
11730,2.522066,2.718482,4.658201,0.683629,0.036707,0.036320,0.030030,0.051225,0.604913,0.545407,0.570965,0.540989,0.253296,0.307629,0.223730,0.056032,0.029703,0.027353,0.025973,0.028039
11740,2.564618,2.769337,4.678616,0.765945,0.036311,0.036044,0.029946,0.051328,0.586348,0.530656,0.561586,0.533574,0.254237,0.307213,0.224406,0.056208,0.030484,0.027235,0.026724,0.028134
11750,2.589344,2.858011,4.909719,0.697758,0.036155,0.035987,0.029734,0.051218,0.597402,0.540788,0.568419,0.540455,0.255256,0.306979,0.224967,0.056678,0.029950,0.027048,0.026524,0.028030
11760,2.548163,2.785920,4.785319,0.688674,0.036749,0.036279,0.029822,0.051350,0.601073,0.548275,0.567633,0.538520,0.254417,0.306057,0.223714,0.056398,0.028136,0.026134,0.025187,0.027195
11770,2.530160,2.680037,4.591607,0.678549,0.037858,0.036629,0.030306,0.051727,0.595015,0.540380,0.563799,0.533085,0.252985,0.304940,0.223615,0.055671,0.029456,0.026463,0.025896,0.027570
11780,2.565952,2.766397,4.657078,0.775869,0.038089,0.036765,0.030453,0.051954,0.575305,0.519201,0.550819,0.513574,0.252789,0.305895,0.222990,0.055837,0.030364,0.027013,0.026944,0.028222
11790,2.530026,2.743712,4.645445,0.740757,0.038430,0.037089,0.030727,0.052212,0.568194,0.512232,0.540668,0.509670,0.250769,0.305487,0.221826,0.055731,0.030378,0.026733,0.026005,0.027778
11800,2.573914,2.640870,4.604902,0.578173,0.037506,0.036490,0.030006,0.052053,0.603464,0.549527,0.572972,0.542908,0.249681,0.305314,0.221939,0.055715,0.030389,0.027057,0.025758,0.027816
11810,2.469735,2.677799,4.634285,0.617911,0.037391,0.036361,0.030115,0.052002,0.600317,0.545347,0.564241,0.538965,0.250989,0.306129,0.222470,0.056048,0.031239,0.027665,0.026993,0.028543
11820,2.572869,2.778750,4.781796,0.666936,0.037206,0.036431,0.030128,0.051699,0.607179,0.543881,0.564270,0.539430,0.253273,0.307265,0.223526,0.056443,0.030438,0.027452,0.026776,0.028560
11830,2.491472,2.733691,4.669209,0.697681,0.037007,0.036706,0.030185,0.051646,0.594794,0.541714,0.562612,0.537284,0.252771,0.307062,0.223887,0.056176,0.029591,0.027003,0.025638,0.027977
11840,2.480457,2.709723,4.628763,0.691437,0.037515,0.036941,0.030621,0.051625,0.589736,0.541706,0.568747,0.534354,0.253025,0.307495,0.224303,0.056008,0.030295,0.027246,0.026207,0.028294
11850,2.454961,2.678606,4.609802,0.647700,0.037821,0.036564,0.030382,0.051683,0.595354,0.543102,0.563285,0.534050,0.252339,0.306932,0.223236,0.055955,0.030245,0.027399,0.026737,0.028326
11860,2.728680,2.621413,4.540771,0.606997,0.037565,0.036445,0.029860,0.051786,0.596784,0.542368,0.565151,0.538150,0.251201,0.306621,0.222807,0.055700,0.030808,0.027484,0.026448,0.028207
11870,2.472748,2.609594,4.589064,0.531341,0.037816,0.036465,0.030162,0.051785,0.613277,0.560876,0.578083,0.549832,0.250612,0.306258,0.221990,0.055857,0.031405,0.027701,0.026977,0.028544
11880,2.553933,2.691252,4.691871,0.580167,0.037978,0.036595,0.030524,0.051864,0.613432,0.551044,0.577605,0.542516,0.252373,0.307355,0.221815,0.056080,0.030910,0.027382,0.026646,0.028487
11890,2.492137,2.713510,4.662303,0.658444,0.037860,0.037005,0.030589,0.051954,0.597337,0.534699,0.566180,0.530389,0.251715,0.307561,0.221576,0.055896,0.030880,0.027122,0.026642,0.028407
11900,2.475969,2.759932,4.678687,0.733298,0.037570,0.036917,0.030333,0.051906,0.583849,0.526247,0.559801,0.518845,0.252288,0.308646,0.222321,0.056084,0.030770,0.027059,0.027050,0.028300
11910,2.594719,2.702022,4.626818,0.669527,0.037341,0.036647,0.030286,0.051921,0.586616,0.530123,0.561290,0.525577,0.252495,0.308998,0.222833,0.055984,0.030571,0.027201,0.026763,0.028502
11920,2.519577,2.620926,4.637267,0.501335,0.037060,0.036151,0.030124,0.051789,0.612829,0.563640,0.585311,0.554294,0.252833,0.309722,0.223535,0.055881,0.030745,0.027210,0.026804,0.028448
11930,2.491100,2.623707,4.619479,0.527082,0.037515,0.036462,0.030868,0.051708,0.621570,0.569095,0.591261,0.561206,0.252918,0.309452,0.222428,0.055979,0.030574,0.027100,0.026536,0.028117
11940,2.580296,2.618542,4.541628,0.601374,0.037546,0.036569,0.030843,0.051668,0.614533,0.555591,0.584336,0.554210,0.252467,0.308910,0.221992,0.055698,0.030473,0.027127,0.027010,0.027974
11950,2.514097,2.722770,4.667040,0.679233,0.037256,0.036478,0.030481,0.051586,0.606834,0.549621,0.586652,0.547901,0.255284,0.309857,0.224563,0.055986,0.031423,0.027418,0.027428,0.028444
11960,2.514204,2.747863,4.743961,0.647691,0.037421,0.036424,0.030243,0.051642,0.606428,0.549708,0.576661,0.545449,0.255643,0.310077,0.224969,0.056201,0.031061,0.027348,0.027297,0.028170
11970,2.482210,2.780060,4.808551,0.644415,0.037968,0.036702,0.030362,0.051783,0.597707,0.538651,0.572831,0.537973,0.255403,0.310758,0.224638,0.056288,0.030352,0.026471,0.026603,0.027643
11980,2.500122,2.680380,4.708045,0.550490,0.037527,0.036388,0.030195,0.051824,0.613526,0.562940,0.590604,0.560868,0.254440,0.310242,0.225157,0.055820,0.029846,0.026156,0.026125,0.027173
11990,2.660967,2.648650,4.615317,0.588643,0.036852,0.036108,0.030157,0.051866,0.617111,0.566510,0.591435,0.560075,0.252538,0.308772,0.222885,0.055591,0.029905,0.026311,0.026302,0.027357
12000,2.567276,2.627095,4.582866,0.582035,0.037879,0.036520,0.030570,0.051929,0.617500,0.568675,0.590866,0.562688,0.253483,0.309522,0.224108,0.055478,0.031384,0.027396,0.027133,0.028102
12010,2.491794,2.662981,4.620814,0.607874,0.038442,0.036789,0.030974,0.051987,0.600847,0.551031,0.573761,0.547223,0.253723,0.310048,0.223668,0.055556,0.031422,0.026980,0.027570,0.028150
12020,2.487895,2.730268,4.728951,0.624964,0.038296,0.036873,0.030812,0.052005,0.602407,0.547093,0.577425,0.545325,0.254321,0.309706,0.223948,0.056195,0.031524,0.027065,0.027537,0.028275
12030,2.465204,2.776929,4.793461,0.649583,0.038341,0.036894,0.030874,0.051845,0.596306,0.542739,0.569972,0.536209,0.254076,0.309369,0.223924,0.056356,0.030959,0.026614,0.026580,0.028135
12040,2.469067,2.718223,4.720978,0.609338,0.038077,0.036661,0.030619,0.051820,0.604277,0.554530,0.575730,0.537927,0.253859,0.309504,0.224412,0.056070,0.030420,0.026563,0.026056,0.027720
12050,2.477293,2.768821,4.754952,0.678811,0.037810,0.036359,0.030354,0.051832,0.594676,0.545978,0.564979,0.535190,0.255366,0.310694,0.226053,0.055936,0.030074,0.026095,0.026555,0.027487
12060,2.594982,2.767806,4.741105,0.690814,0.037851,0.036304,0.030439,0.051807,0.593885,0.540350,0.566911,0.534774,0.253150,0.309491,0.223413,0.055748,0.030269,0.026660,0.026593,0.027717
12070,2.637659,2.688673,4.727791,0.548472,0.037306,0.036551,0.030092,0.051744,0.621306,0.566017,0.587047,0.561482,0.252884,0.309097,0.222985,0.055747,0.030072,0.026505,0.026526,0.027630
12080,2.531960,2.701589,4.710571,0.593951,0.036763,0.036504,0.030014,0.051748,0.611773,0.566268,0.587224,0.560221,0.252499,0.308886,0.222347,0.055703,0.029948,0.026530,0.026353,0.027573
12090,2.521593,2.711073,4.629460,0.697176,0.036396,0.036107,0.029896,0.052075,0.594709,0.540705,0.570781,0.539661,0.251724,0.308662,0.221385,0.055463,0.030105,0.027010,0.026614,0.027708
12100,2.507201,2.701533,4.583766,0.725001,0.036287,0.035925,0.029935,0.052158,0.593673,0.529415,0.565562,0.535627,0.250920,0.308831,0.220649,0.055580,0.030305,0.027006,0.026719,0.027663
12110,2.684402,2.639799,4.566410,0.617289,0.036099,0.035602,0.029601,0.051816,0.608372,0.556496,0.579589,0.553913,0.250792,0.309394,0.220334,0.055621,0.030365,0.027157,0.026332,0.027531
12120,2.512655,2.648420,4.651151,0.545033,0.036997,0.035929,0.029874,0.051605,0.626683,0.573438,0.588787,0.564147,0.252041,0.309931,0.221844,0.055613,0.030945,0.027622,0.027388,0.028267
12130,2.484256,2.662303,4.651462,0.571321,0.038052,0.036513,0.030362,0.051537,0.608603,0.557418,0.575189,0.547302,0.252990,0.310845,0.222430,0.055478,0.030890,0.027434,0.027247,0.028189
12140,2.477739,2.688670,4.604050,0.673845,0.038245,0.036850,0.030560,0.051667,0.587418,0.535352,0.563628,0.529801,0.250125,0.309299,0.220141,0.055480,0.030736,0.026863,0.027101,0.028024
12150,2.739988,2.715117,4.702565,0.619479,0.037953,0.036628,0.030237,0.051521,0.605505,0.550647,0.571193,0.538425,0.251503,0.309025,0.221453,0.055570,0.030220,0.026804,0.027278,0.028159
12160,2.553389,2.799781,4.857994,0.633332,0.037393,0.036613,0.029918,0.051483,0.613940,0.556456,0.578291,0.547669,0.253779,0.309508,0.223535,0.055735,0.029231,0.026243,0.026851,0.027609
12170,2.519782,2.702466,4.725109,0.579420,0.037556,0.036651,0.030027,0.051607,0.615683,0.566552,0.584625,0.557096,0.253389,0.308546,0.222582,0.055489,0.029257,0.026047,0.026080,0.027361
12180,2.494971,2.622717,4.557577,0.595460,0.037637,0.036355,0.030346,0.051699,0.604712,0.557427,0.580607,0.550215,0.251299,0.308158,0.220470,0.055070,0.030147,0.027015,0.026395,0.027912
12190,2.419049,2.707715,4.617440,0.697119,0.037478,0.036202,0.030473,0.051854,0.588315,0.531352,0.563976,0.529329,0.252190,0.309346,0.221488,0.055337,0.031072,0.027348,0.027795,0.028426
12200,2.465361,2.693595,4.677979,0.607455,0.037434,0.036067,0.030105,0.051967,0.597054,0.538320,0.572025,0.532319,0.252935,0.310388,0.222441,0.055304,0.031156,0.027584,0.027431,0.028398
12210,2.461709,2.692979,4.704874,0.574159,0.037175,0.036097,0.029808,0.052095,0.602057,0.542657,0.568507,0.538850,0.252297,0.310645,0.222201,0.055388,0.030442,0.026777,0.027141,0.028087
12220,2.535463,2.687734,4.717138,0.553799,0.036802,0.036408,0.029685,0.051915,0.615638,0.561431,0.576006,0.550633,0.251518,0.309433,0.221831,0.055453,0.029971,0.026385,0.026841,0.027471
12230,2.486105,2.668095,4.681128,0.553533,0.037169,0.036929,0.030017,0.051788,0.617863,0.567465,0.586924,0.556387,0.252117,0.309324,0.221879,0.055463,0.029819,0.026333,0.026217,0.027274
12240,2.491595,2.702819,4.689970,0.612263,0.037177,0.036553,0.030168,0.051692,0.610028,0.562191,0.581255,0.550296,0.252839,0.310144,0.222782,0.055608,0.030335,0.026641,0.027062,0.027708
12250,2.516970,2.685072,4.607895,0.664449,0.037295,0.036470,0.030321,0.051889,0.602235,0.544701,0.566453,0.540110,0.251507,0.309498,0.221800,0.055374,0.029848,0.026415,0.026687,0.027477
12260,2.965169,2.593558,4.485579,0.613098,0.037038,0.036067,0.030110,0.051924,0.598209,0.550438,0.571234,0.541946,0.249056,0.308517,0.220014,0.055118,0.030917,0.026603,0.026650,0.027710
12270,2.710274,2.646817,4.581969,0.612478,0.036544,0.036062,0.029740,0.051926,0.609200,0.555499,0.578077,0.549369,0.250643,0.309464,0.221242,0.055542,0.031425,0.027180,0.027658,0.028204
12280,2.459239,2.747426,4.722681,0.662332,0.036510,0.036409,0.029634,0.051901,0.611019,0.554102,0.569794,0.543203,0.253581,0.310953,0.222880,0.056051,0.030244,0.026497,0.027511,0.027905
12290,2.606612,2.739796,4.641024,0.735487,0.036668,0.036538,0.029672,0.052048,0.588883,0.539378,0.556953,0.530336,0.251806,0.310564,0.222034,0.055979,0.030014,0.026153,0.026387,0.027574
12300,2.557644,2.659693,4.635980,0.584057,0.037013,0.036996,0.030145,0.052131,0.619410,0.565206,0.584015,0.555753,0.252471,0.310911,0.223190,0.055926,0.029889,0.026436,0.026387,0.027650
12310,2.580629,2.664137,4.677238,0.547347,0.037177,0.036797,0.030257,0.052094,0.622549,0.578208,0.589333,0.563048,0.253742,0.311912,0.223450,0.055617,0.030261,0.026688,0.026611,0.027490
12320,2.518669,2.692193,4.675438,0.605440,0.037820,0.036398,0.030414,0.052048,0.610998,0.561838,0.579917,0.556163,0.253080,0.310748,0.222474,0.055593,0.030888,0.027412,0.027232,0.027946
12330,2.479398,2.721918,4.741358,0.596799,0.037806,0.036400,0.030116,0.051827,0.617089,0.564417,0.583780,0.554050,0.253052,0.310908,0.222713,0.055873,0.030630,0.027089,0.027292,0.028497
12340,2.555384,2.791682,4.840132,0.628167,0.037725,0.036329,0.029828,0.051790,0.601480,0.552705,0.573349,0.543279,0.251671,0.310678,0.222702,0.056085,0.030242,0.026681,0.027124,0.028136
12350,2.524673,2.721116,4.755306,0.579067,0.037801,0.036393,0.029971,0.051921,0.606909,0.555531,0.577450,0.545232,0.249251,0.309929,0.220959,0.055974,0.029875,0.026315,0.026457,0.027311
12360,2.490086,2.732829,4.675797,0.687513,0.037357,0.036177,0.029857,0.052015,0.604553,0.539608,0.569325,0.531298,0.248988,0.309317,0.220589,0.055477,0.029801,0.026334,0.026175,0.027533
12370,2.498696,2.766968,4.805877,0.617705,0.037624,0.036377,0.030125,0.052014,0.609885,0.549045,0.573591,0.533701,0.250560,0.309997,0.221482,0.055750,0.029839,0.026184,0.026729,0.027332
12380,2.502383,2.714953,4.744260,0.580702,0.037564,0.036301,0.030239,0.052014,0.605571,0.553179,0.570981,0.539248,0.249308,0.310259,0.221003,0.055626,0.029593,0.026046,0.025640,0.027068
12390,2.513822,2.737146,4.765357,0.601576,0.036447,0.035724,0.029726,0.051966,0.620431,0.561788,0.584834,0.547948,0.250938,0.310484,0.222117,0.055783,0.029399,0.025778,0.025779,0.026862
12400,2.446263,2.634269,4.540635,0.637586,0.037336,0.036111,0.030453,0.052108,0.602330,0.557184,0.576565,0.545494,0.247534,0.309150,0.219481,0.055408,0.029803,0.026752,0.025004,0.027249
12410,2.686365,2.575857,4.520935,0.538204,0.036960,0.035981,0.029944,0.051818,0.624641,0.572854,0.586958,0.562620,0.249493,0.310608,0.221075,0.055370,0.031206,0.027105,0.026712,0.027753
12420,2.457453,2.655710,4.679956,0.528906,0.036357,0.035666,0.029231,0.051556,0.635526,0.582978,0.595233,0.570625,0.252367,0.312268,0.223216,0.056222,0.031355,0.027258,0.027343,0.027988
12430,2.460751,2.714809,4.701220,0.623436,0.037321,0.036152,0.029946,0.051584,0.623260,0.569504,0.578354,0.557544,0.250807,0.311610,0.221700,0.056214,0.030451,0.027015,0.027297,0.027881
12440,2.481244,2.723664,4.661569,0.681827,0.038029,0.036433,0.030794,0.051589,0.602239,0.548061,0.576524,0.537995,0.250108,0.311882,0.220888,0.055861,0.029989,0.026771,0.026825,0.027838
12450,2.466118,2.622550,4.603843,0.543659,0.038379,0.037001,0.030393,0.051731,0.608241,0.561378,0.584387,0.551160,0.250732,0.311809,0.221871,0.055796,0.030477,0.026452,0.026775,0.027325
12460,2.583759,2.660412,4.635918,0.584770,0.037954,0.036918,0.029841,0.051853,0.621662,0.565589,0.585890,0.556249,0.251871,0.312728,0.223250,0.055973,0.029582,0.026026,0.026753,0.027172
12470,2.518503,2.686840,4.682153,0.589534,0.037742,0.036720,0.029973,0.051920,0.619717,0.568868,0.584122,0.556648,0.251153,0.312940,0.222321,0.055952,0.029980,0.026155,0.026704,0.027089
12480,2.446539,2.739067,4.643536,0.729746,0.038166,0.036677,0.030403,0.052111,0.585132,0.535799,0.561262,0.527350,0.251064,0.313149,0.222445,0.055666,0.031151,0.026936,0.027581,0.027996
12490,2.473138,2.707803,4.630793,0.681145,0.038140,0.036863,0.030133,0.052077,0.589892,0.541115,0.564416,0.529234,0.250649,0.313218,0.222471,0.055517,0.031190,0.026831,0.027314,0.027970
12500,2.429271,2.617652,4.544737,0.592421,0.037910,0.037012,0.029941,0.051886,0.603331,0.555522,0.575196,0.543770,0.249042,0.312579,0.221060,0.055310,0.030843,0.026786,0.026472,0.027608
12510,2.372857,2.580224,4.478831,0.587186,0.038260,0.037185,0.030225,0.051833,0.597972,0.554762,0.576932,0.544049,0.248579,0.313070,0.221325,0.055208,0.031218,0.026853,0.026698,0.027916
12520,2.463081,2.664858,4.606981,0.618853,0.037934,0.036785,0.029878,0.051874,0.607418,0.556659,0.581844,0.547285,0.252815,0.315141,0.224410,0.055843,0.031582,0.027217,0.027554,0.028182
12530,2.621462,2.804503,4.874587,0.623116,0.037632,0.036505,0.029611,0.051589,0.634902,0.582557,0.593904,0.566071,0.255964,0.316066,0.226345,0.056406,0.029785,0.026601,0.027499,0.028045
12540,2.521098,2.737680,4.813945,0.551618,0.037758,0.036544,0.030047,0.051493,0.633430,0.591867,0.606942,0.576497,0.254787,0.315675,0.224166,0.056005,0.028688,0.025803,0.026333,0.027147
12550,2.464406,2.662958,4.556922,0.675213,0.037736,0.036296,0.030719,0.051731,0.603259,0.565203,0.588716,0.552936,0.250876,0.312632,0.220792,0.054912,0.029805,0.026141,0.026456,0.027435
12560,2.583860,2.661973,4.553724,0.671973,0.037350,0.035905,0.030628,0.052013,0.598521,0.551087,0.582252,0.546234,0.250791,0.312838,0.221296,0.055287,0.030356,0.026657,0.027184,0.027987
12570,2.532447,2.700932,4.744854,0.551791,0.036915,0.035938,0.029800,0.051939,0.632962,0.582661,0.605508,0.572891,0.254455,0.314021,0.224713,0.056138,0.030090,0.026724,0.026910,0.027905
12580,2.488958,2.680259,4.752491,0.501753,0.037255,0.036310,0.029938,0.051780,0.627889,0.588163,0.605115,0.575486,0.253229,0.313726,0.223905,0.056064,0.030157,0.026895,0.026383,0.027830
12590,2.728942,2.708777,4.735941,0.571055,0.037220,0.036172,0.030127,0.051626,0.619443,0.581230,0.603511,0.562739,0.252547,0.313291,0.222956,0.055877,0.030456,0.026961,0.027152,0.027986
12600,2.611794,2.679302,4.681555,0.572815,0.037555,0.036258,0.030250,0.051862,0.624507,0.575286,0.595364,0.558887,0.252423,0.312842,0.222904,0.055494,0.029677,0.026498,0.026853,0.027740
12610,2.489379,2.703841,4.682147,0.623541,0.037867,0.036466,0.030383,0.051977,0.609633,0.561145,0.587062,0.551663,0.251857,0.312268,0.222407,0.055507,0.029464,0.026081,0.026026,0.027120
12620,2.446791,2.717346,4.713573,0.617631,0.037780,0.036193,0.030303,0.052048,0.608886,0.557175,0.583816,0.542249,0.253051,0.312957,0.223538,0.055525,0.029983,0.026182,0.026314,0.027434
12630,2.500136,2.710931,4.790628,0.524406,0.037248,0.036090,0.029885,0.051927,0.630670,0.577920,0.598230,0.558235,0.254297,0.314148,0.224357,0.055798,0.029490,0.025988,0.026198,0.027189
12640,2.551177,2.668157,4.696272,0.536351,0.036728,0.035790,0.029662,0.051963,0.622725,0.580959,0.596915,0.566134,0.253092,0.313804,0.223826,0.055430,0.029550,0.025734,0.026010,0.026793
12650,2.501705,2.680804,4.710981,0.547708,0.037105,0.035826,0.029790,0.052058,0.622160,0.566980,0.599242,0.556406,0.252693,0.313620,0.223543,0.055125,0.030259,0.026350,0.026801,0.027565
12660,2.468950,2.709752,4.736945,0.578453,0.037366,0.035986,0.029821,0.052122,0.613531,0.557988,0.593143,0.551800,0.251655,0.313525,0.223513,0.055245,0.029727,0.025645,0.026829,0.026814
12670,2.553706,2.691082,4.729552,0.550808,0.037281,0.036135,0.029727,0.052037,0.622121,0.571398,0.594935,0.554399,0.251380,0.313259,0.222928,0.055468,0.029013,0.025270,0.025715,0.026588
12680,2.661638,2.658761,4.606321,0.618628,0.037501,0.036598,0.029918,0.051991,0.613469,0.565348,0.595042,0.553194,0.250170,0.312247,0.222385,0.055193,0.029676,0.026022,0.025860,0.026958
12690,2.585888,2.655783,4.536159,0.685162,0.037429,0.036813,0.029925,0.052097,0.600652,0.547204,0.580936,0.544935,0.248855,0.311505,0.221737,0.055059,0.030287,0.026662,0.026493,0.027557
12700,2.510722,2.733186,4.644348,0.722706,0.037124,0.036794,0.029642,0.052139,0.597841,0.545410,0.574543,0.536466,0.249583,0.311740,0.221590,0.055496,0.030153,0.027014,0.027263,0.027972
12710,2.613933,2.679617,4.694358,0.563952,0.037270,0.036718,0.029774,0.052205,0.620762,0.572336,0.588466,0.562350,0.249569,0.312795,0.221643,0.055473,0.029366,0.026263,0.026480,0.027200
12720,2.575410,2.696665,4.688107,0.601765,0.037319,0.036471,0.029927,0.052188,0.612420,0.569115,0.582568,0.552446,0.250085,0.313507,0.221986,0.055170,0.029615,0.026243,0.026452,0.027253
12730,2.435721,2.645447,4.580445,0.613522,0.037569,0.036378,0.029871,0.052160,0.602919,0.551125,0.585034,0.541008,0.248231,0.312349,0.221186,0.055181,0.030284,0.026796,0.026664,0.027535
12740,2.447425,2.590403,4.577781,0.505852,0.037352,0.036251,0.029479,0.052128,0.622251,0.568744,0.593451,0.556652,0.248737,0.312595,0.222012,0.055219,0.030807,0.027348,0.026810,0.027784
12750,2.562685,2.672431,4.680613,0.556628,0.037366,0.036392,0.029349,0.052060,0.629081,0.564666,0.593698,0.551795,0.248474,0.313161,0.221620,0.055601,0.030881,0.027666,0.027446,0.028244
12760,2.652651,2.676507,4.655923,0.590910,0.037524,0.036167,0.029639,0.052111,0.617798,0.564271,0.580327,0.543937,0.247677,0.313691,0.221042,0.055652,0.030366,0.026788,0.026687,0.027549
12770,2.444314,2.600327,4.592918,0.509489,0.037004,0.035820,0.029828,0.051963,0.626929,0.579969,0.607433,0.566999,0.248573,0.314460,0.222065,0.055693,0.030898,0.026829,0.026569,0.027585
12780,2.534813,2.636412,4.662741,0.508634,0.037103,0.035870,0.029929,0.051928,0.642718,0.589048,0.613070,0.573731,0.250921,0.315156,0.223031,0.055922,0.030596,0.026795,0.027184,0.027820
12790,2.478868,2.711793,4.740767,0.575801,0.037516,0.036096,0.030106,0.052034,0.633783,0.579024,0.593191,0.565640,0.251214,0.315860,0.222560,0.056011,0.029340,0.026555,0.026639,0.027611
12800,2.526067,2.754277,4.684261,0.720762,0.037676,0.036181,0.030086,0.052190,0.607788,0.550898,0.577438,0.539697,0.251547,0.315553,0.222850,0.055617,0.028676,0.025776,0.026005,0.027112
12810,2.553246,2.690133,4.661654,0.614950,0.037884,0.036483,0.030526,0.052162,0.612102,0.558940,0.584714,0.544886,0.251094,0.315246,0.222415,0.055460,0.029057,0.025399,0.025852,0.027001
12820,2.500601,2.650825,4.651911,0.546698,0.037403,0.036311,0.030100,0.051950,0.625805,0.576636,0.597761,0.560265,0.250022,0.314725,0.222263,0.055568,0.029489,0.025529,0.025822,0.027157
12830,2.558197,2.768448,4.748110,0.678767,0.037105,0.035926,0.029742,0.051928,0.611085,0.559826,0.583813,0.540817,0.250959,0.315598,0.223101,0.055877,0.030055,0.026193,0.026120,0.027546
12840,2.672834,2.671675,4.716720,0.517717,0.037678,0.036256,0.030588,0.051885,0.630517,0.577418,0.594633,0.561086,0.250438,0.316060,0.222076,0.055663,0.029395,0.026148,0.025763,0.027122
12850,2.490489,2.526367,4.530727,0.432325,0.037426,0.036806,0.030493,0.051737,0.644883,0.595001,0.617687,0.582076,0.249268,0.315092,0.221961,0.055273,0.029786,0.027097,0.025640,0.027554
12860,2.518987,2.591795,4.503418,0.592018,0.037029,0.036600,0.030330,0.052075,0.624557,0.574540,0.604419,0.559757,0.250002,0.316044,0.222110,0.055316,0.030703,0.026983,0.026542,0.027605
12870,2.451695,2.579568,4.494172,0.573003,0.037027,0.036503,0.030164,0.052187,0.618115,0.569749,0.596123,0.563726,0.249421,0.316320,0.221710,0.055187,0.030866,0.026980,0.026266,0.027516
12880,2.418574,2.584992,4.510141,0.566123,0.037050,0.036065,0.030156,0.052116,0.625876,0.574695,0.602468,0.564009,0.250081,0.316772,0.222199,0.055307,0.030793,0.026717,0.026867,0.027483
12890,2.471224,2.537178,4.474093,0.510088,0.037253,0.036398,0.030274,0.052273,0.621172,0.571165,0.595269,0.561852,0.248927,0.316300,0.222105,0.055340,0.030369,0.026425,0.026651,0.027397
12900,2.574485,2.575841,4.482021,0.575685,0.037220,0.036357,0.029757,0.052329,0.609384,0.549836,0.583429,0.542629,0.248455,0.316858,0.221921,0.055620,0.030879,0.026767,0.027144,0.027700
12910,2.478349,2.614080,4.553281,0.573870,0.037172,0.036609,0.029957,0.052286,0.618672,0.571071,0.595449,0.556924,0.248832,0.316839,0.222393,0.055684,0.030920,0.026735,0.027299,0.027472
12920,2.683565,2.661581,4.635815,0.575995,0.037603,0.036853,0.030604,0.052232,0.622958,0.576615,0.599326,0.557741,0.250160,0.317127,0.222685,0.055555,0.030784,0.027023,0.027154,0.028018
12930,2.584737,2.634793,4.639543,0.522809,0.037052,0.036503,0.030180,0.052156,0.626702,0.590125,0.602586,0.566147,0.250915,0.317931,0.223121,0.055480,0.030596,0.026725,0.027114,0.027827
12940,2.517372,2.601611,4.605720,0.491410,0.036950,0.036531,0.029983,0.052123,0.634783,0.590030,0.611303,0.578126,0.251458,0.318645,0.223298,0.055314,0.029985,0.026763,0.026921,0.027575
12950,2.581713,2.634624,4.569605,0.601013,0.037214,0.036767,0.030640,0.052256,0.617862,0.566670,0.597025,0.551319,0.251439,0.318217,0.223052,0.055450,0.030281,0.026948,0.026972,0.027851
12960,2.441958,2.741899,4.668026,0.712489,0.036788,0.036609,0.030317,0.052243,0.613666,0.562893,0.592158,0.541975,0.251507,0.317762,0.223348,0.055818,0.030724,0.027161,0.027798,0.028303
12970,2.728616,2.720407,4.694928,0.639747,0.036851,0.036598,0.030182,0.052175,0.615547,0.570363,0.590346,0.548507,0.250878,0.317182,0.222676,0.055455,0.030156,0.026686,0.027097,0.027870
12980,2.459511,2.646929,4.622273,0.566889,0.037629,0.036864,0.030520,0.052243,0.612944,0.563573,0.587050,0.547482,0.251124,0.317302,0.222605,0.055217,0.030008,0.026199,0.026699,0.027386
12990,2.479180,2.645870,4.704730,0.477872,0.037227,0.036494,0.030006,0.052149,0.635341,0.582854,0.606945,0.567208,0.253129,0.317729,0.224740,0.055378,0.030162,0.026450,0.026899,0.027626
13000,2.566289,2.682670,4.804371,0.448393,0.037519,0.036573,0.029980,0.052094,0.645353,0.596006,0.608878,0.579602,0.253161,0.317280,0.224572,0.055660,0.029326,0.025938,0.026052,0.026950
13010,2.543288,2.657068,4.659509,0.552640,0.038004,0.036472,0.030195,0.052226,0.623233,0.571642,0.595532,0.563257,0.248855,0.315021,0.221711,0.055062,0.029577,0.026070,0.025933,0.027187
13020,2.455046,2.638188,4.606048,0.573221,0.038189,0.036615,0.030560,0.052206,0.633655,0.577951,0.602005,0.567583,0.250113,0.315392,0.222845,0.055056,0.029841,0.026112,0.026463,0.027409
13030,2.514942,2.670741,4.675909,0.561715,0.038223,0.036501,0.030609,0.052277,0.630745,0.579009,0.600005,0.566069,0.251594,0.317235,0.223400,0.055568,0.030442,0.026292,0.026783,0.027864
13040,2.499374,2.691435,4.724520,0.550158,0.037823,0.036244,0.030215,0.052209,0.632269,0.583893,0.599067,0.564648,0.251136,0.317346,0.223225,0.055638,0.030261,0.026492,0.026881,0.027986
13050,2.498084,2.673593,4.687991,0.552948,0.037330,0.036181,0.029990,0.052189,0.627825,0.576757,0.602069,0.559197,0.250539,0.317507,0.222735,0.055431,0.029534,0.026134,0.026006,0.027469
13060,2.465578,2.703736,4.682439,0.623138,0.037222,0.036300,0.030141,0.052147,0.617836,0.562967,0.596017,0.555054,0.251493,0.317680,0.223299,0.055309,0.029297,0.025963,0.026126,0.027315
13070,2.477183,2.736384,4.724943,0.643771,0.036630,0.036081,0.029803,0.052039,0.621645,0.565828,0.589585,0.558062,0.252556,0.317998,0.224509,0.055624,0.029188,0.025706,0.026070,0.027121
13080,2.473505,2.727272,4.601151,0.759693,0.036885,0.036293,0.030115,0.052219,0.600994,0.544317,0.572936,0.535791,0.250572,0.317198,0.223366,0.055154,0.029158,0.026121,0.025852,0.027363
13090,2.620523,2.700020,4.578141,0.723306,0.036996,0.036236,0.030033,0.052212,0.595991,0.543853,0.574842,0.530109,0.249610,0.317254,0.222565,0.054969,0.030299,0.026502,0.026296,0.027569
13100,2.705995,2.693075,4.602128,0.683613,0.036950,0.036261,0.029782,0.052235,0.606086,0.552280,0.580813,0.541597,0.249437,0.316968,0.222637,0.055300,0.029862,0.026507,0.026147,0.027533
13110,2.552252,2.696805,4.729016,0.558339,0.036999,0.036290,0.029663,0.052148,0.636420,0.580856,0.597503,0.566367,0.250932,0.317548,0.224063,0.055539,0.029578,0.026504,0.026367,0.027334
13120,2.478640,2.738312,4.792271,0.571188,0.038052,0.036692,0.030220,0.052056,0.629465,0.579027,0.592313,0.559799,0.250861,0.317477,0.223559,0.055526,0.029756,0.026459,0.026803,0.027488
13130,2.438345,2.636171,4.591906,0.578544,0.037775,0.036419,0.030456,0.052067,0.622302,0.571399,0.591083,0.555482,0.249409,0.318086,0.222249,0.055021,0.029120,0.025865,0.025852,0.026938
13140,2.687082,2.596687,4.519164,0.579718,0.036640,0.035995,0.029557,0.052022,0.629664,0.576958,0.602665,0.562706,0.249376,0.318466,0.222397,0.054910,0.029684,0.026468,0.026395,0.027473
13150,2.453043,2.587618,4.599236,0.475549,0.036965,0.035993,0.029489,0.051925,0.643779,0.594681,0.606688,0.576005,0.248710,0.318351,0.221787,0.055508,0.030814,0.026803,0.027169,0.027689
13160,2.467454,2.596194,4.611014,0.480820,0.037572,0.036237,0.029820,0.051955,0.639907,0.591923,0.600525,0.571701,0.249056,0.319325,0.221960,0.055469,0.030358,0.026982,0.026699,0.027791
13170,2.492021,2.655084,4.591645,0.616498,0.037557,0.036286,0.029960,0.052220,0.616642,0.562985,0.585075,0.543891,0.248597,0.318685,0.221660,0.055486,0.030356,0.026760,0.026880,0.027815
13180,2.496076,2.620850,4.593588,0.546975,0.037720,0.036513,0.029980,0.052356,0.622592,0.573643,0.593512,0.557112,0.248546,0.318520,0.221333,0.055287,0.030449,0.026730,0.027068,0.027812
13190,2.423462,2.658864,4.585217,0.629770,0.037957,0.036352,0.030138,0.052517,0.602864,0.554653,0.580517,0.544186,0.248724,0.318734,0.221155,0.055289,0.030694,0.026227,0.026833,0.027408
13200,2.459804,2.738728,4.635427,0.735837,0.037791,0.036228,0.030010,0.052511,0.594863,0.540736,0.573983,0.529991,0.250677,0.319595,0.222415,0.055382,0.030475,0.026216,0.027094,0.027510
13210,2.580556,2.691422,4.676214,0.597831,0.037561,0.036458,0.030172,0.052408,0.627495,0.571797,0.597877,0.562161,0.251645,0.319597,0.222967,0.055567,0.029499,0.025879,0.026789,0.027183
13220,2.529145,2.626499,4.673786,0.476289,0.037518,0.036425,0.030197,0.052345,0.649401,0.603845,0.622654,0.589746,0.250689,0.318711,0.222598,0.055250,0.029595,0.026367,0.026153,0.027224
13230,2.442493,2.612644,4.578681,0.548831,0.038058,0.036912,0.030630,0.052387,0.625071,0.583188,0.606612,0.565127,0.249433,0.318260,0.220587,0.054578,0.030133,0.026841,0.026862,0.027491
13240,2.576210,2.659365,4.593234,0.625345,0.038189,0.037009,0.030720,0.052470,0.612945,0.560570,0.587959,0.550272,0.249040,0.318598,0.220735,0.054702,0.030393,0.026863,0.027257,0.027735
13250,2.497462,2.688074,4.728354,0.539208,0.037347,0.036473,0.030028,0.052216,0.631983,0.579628,0.604832,0.567593,0.251054,0.320087,0.222262,0.055333,0.029676,0.026441,0.026804,0.027256
13260,2.526704,2.665084,4.648455,0.579692,0.037239,0.036683,0.030162,0.052238,0.620573,0.568466,0.593487,0.559503,0.250561,0.320781,0.222454,0.055230,0.029608,0.025799,0.026434,0.026822
13270,2.679591,2.673205,4.681574,0.561099,0.036735,0.036528,0.030099,0.052096,0.626487,0.572602,0.598360,0.561083,0.252080,0.320967,0.223640,0.055389,0.029820,0.026126,0.026899,0.027214
13280,2.470561,2.705006,4.734423,0.568424,0.036520,0.036182,0.029906,0.052002,0.624075,0.575844,0.598040,0.566607,0.252617,0.321372,0.223547,0.055703,0.029857,0.026062,0.026924,0.027346
13290,2.481496,2.654541,4.709480,0.494455,0.037840,0.036359,0.030139,0.052027,0.632890,0.586323,0.599547,0.571591,0.251148,0.320460,0.222271,0.055424,0.029717,0.025700,0.026394,0.027040
13300,2.559556,2.587650,4.549206,0.537253,0.038255,0.036419,0.030083,0.052045,0.630375,0.587833,0.612025,0.575302,0.248608,0.318594,0.221057,0.055144,0.030022,0.026041,0.026189,0.027243
13310,2.536526,2.651554,4.634360,0.575833,0.038048,0.036488,0.029917,0.051929,0.638943,0.584417,0.613156,0.577720,0.250189,0.319477,0.222071,0.055574,0.029622,0.025849,0.026984,0.027307
13320,2.488268,2.713801,4.741086,0.582847,0.038393,0.036888,0.030537,0.052006,0.630998,0.576756,0.601313,0.571566,0.250233,0.319362,0.221671,0.055949,0.030099,0.026422,0.027520,0.027818
13330,2.491127,2.676862,4.682637,0.571936,0.038295,0.036920,0.030532,0.052106,0.626553,0.582023,0.602218,0.568250,0.250488,0.320254,0.221663,0.055755,0.029329,0.025897,0.026823,0.027413
13340,2.563871,2.677184,4.720957,0.533705,0.038108,0.037062,0.030478,0.052030,0.640781,0.593724,0.614467,0.579386,0.251634,0.320618,0.222706,0.055768,0.028655,0.025653,0.026490,0.027284
13350,2.445155,2.710220,4.657223,0.665408,0.038439,0.037192,0.030985,0.052200,0.606474,0.565932,0.588037,0.554615,0.251892,0.320285,0.222389,0.055512,0.029635,0.026055,0.026652,0.027316
13360,2.502291,2.688116,4.590101,0.688051,0.038100,0.036933,0.030547,0.052291,0.598152,0.548184,0.587960,0.545575,0.248872,0.318763,0.221238,0.055153,0.030031,0.026208,0.026720,0.027251
13370,2.470299,2.672054,4.664651,0.579635,0.037168,0.036228,0.029637,0.052248,0.625367,0.570085,0.603378,0.559924,0.248181,0.318698,0.220631,0.055413,0.029414,0.026019,0.026707,0.027445
13380,2.454426,2.653221,4.610573,0.592075,0.037969,0.036388,0.029809,0.052257,0.615687,0.566652,0.588609,0.556202,0.246729,0.318260,0.220148,0.055321,0.029754,0.026301,0.026540,0.027554
13390,2.665419,2.645944,4.596471,0.594157,0.038342,0.036416,0.029989,0.052351,0.618203,0.565222,0.592481,0.546076,0.248023,0.319955,0.221894,0.055336,0.030029,0.026205,0.026845,0.027798
13400,2.509242,2.708300,4.782447,0.527355,0.037845,0.036185,0.029617,0.052251,0.634839,0.578901,0.608276,0.563079,0.250135,0.320019,0.223511,0.055546,0.029872,0.025649,0.027449,0.027305
13410,2.516558,2.739779,4.774121,0.597793,0.037337,0.035899,0.029245,0.052111,0.633597,0.583172,0.603657,0.564444,0.250189,0.319478,0.222751,0.055663,0.028868,0.025474,0.026605,0.026979
13420,2.508678,2.730567,4.678753,0.682087,0.037311,0.035869,0.029329,0.052213,0.613042,0.571509,0.593734,0.556477,0.249391,0.319168,0.221953,0.055352,0.028892,0.026054,0.026394,0.027513
13430,2.520785,2.556685,4.583566,0.436848,0.039462,0.037212,0.030972,0.052302,0.650880,0.611238,0.623434,0.591407,0.248630,0.318127,0.221345,0.055335,0.030704,0.026998,0.026828,0.027715
13440,2.483904,2.621150,4.661571,0.479256,0.039902,0.037940,0.031663,0.052342,0.643653,0.601674,0.615144,0.578555,0.248494,0.318071,0.221032,0.055691,0.030932,0.026722,0.027695,0.027787
13450,2.507718,2.669504,4.681436,0.555239,0.039833,0.037707,0.031429,0.052387,0.625175,0.578734,0.599713,0.560842,0.249146,0.319536,0.221219,0.055621,0.030277,0.026080,0.026835,0.027346
13460,2.450863,2.650038,4.683981,0.512821,0.039166,0.037073,0.030524,0.052356,0.632153,0.581873,0.600893,0.562649,0.249861,0.320333,0.221737,0.055700,0.029392,0.025805,0.026585,0.027015
13470,2.608791,2.600384,4.605969,0.494383,0.038283,0.036411,0.029841,0.052297,0.636424,0.584269,0.605247,0.569513,0.248342,0.319925,0.221805,0.055464,0.029828,0.026081,0.026825,0.026864
13480,2.460874,2.555589,4.523378,0.494962,0.037882,0.036470,0.029489,0.052303,0.637982,0.583627,0.605581,0.567363,0.249595,0.320879,0.222538,0.055144,0.030448,0.026313,0.027018,0.026945
13490,2.665358,2.595387,4.587105,0.509728,0.037664,0.036437,0.029499,0.052204,0.650411,0.593367,0.620443,0.579765,0.249968,0.321761,0.222764,0.055290,0.030110,0.026044,0.027459,0.026951
13500,2.509795,2.640568,4.624215,0.555804,0.038554,0.036856,0.030483,0.052219,0.634671,0.588313,0.603107,0.569640,0.250561,0.322080,0.222456,0.055279,0.029923,0.026049,0.027271,0.026863
13510,2.465667,2.582952,4.582448,0.484948,0.038711,0.036414,0.030227,0.052261,0.637469,0.587590,0.611742,0.575195,0.249642,0.322415,0.222555,0.055415,0.029839,0.026392,0.026697,0.026940
13520,2.491201,2.619201,4.698668,0.441500,0.038223,0.035911,0.029606,0.052129,0.658237,0.604571,0.620773,0.588994,0.252042,0.322926,0.224976,0.055741,0.028837,0.026094,0.026866,0.026796
13530,2.492816,2.624662,4.587555,0.569791,0.038858,0.036141,0.030037,0.052303,0.626331,0.577706,0.600977,0.567266,0.249560,0.321746,0.223139,0.055079,0.028785,0.025806,0.026294,0.026547
13540,2.483645,2.618018,4.524912,0.618921,0.038976,0.036390,0.030180,0.052391,0.611282,0.562861,0.592375,0.545695,0.248053,0.320599,0.221388,0.054784,0.030017,0.026254,0.027322,0.026872
13550,2.527204,2.610082,4.618495,0.497678,0.038135,0.036169,0.029491,0.052234,0.645209,0.594600,0.619039,0.585195,0.249766,0.320714,0.222847,0.055167,0.030401,0.026394,0.027386,0.027301
13560,2.447652,2.653693,4.660905,0.541925,0.037845,0.036046,0.029396,0.052321,0.643310,0.595176,0.611884,0.578031,0.249484,0.321081,0.222685,0.055236,0.030083,0.026660,0.027180,0.027742
13570,2.481237,2.711958,4.680982,0.635703,0.038236,0.036052,0.029690,0.052371,0.625114,0.565400,0.590670,0.552751,0.249414,0.321005,0.222133,0.055282,0.030052,0.026235,0.026716,0.027481
13580,2.450830,2.625638,4.642599,0.504250,0.037962,0.036216,0.029725,0.052388,0.627548,0.583075,0.602534,0.568733,0.249009,0.320736,0.222225,0.055157,0.030197,0.025667,0.026488,0.026869
13590,2.429712,2.613053,4.627742,0.496534,0.037890,0.036253,0.029683,0.052404,0.631926,0.581429,0.602353,0.565850,0.249292,0.320762,0.222294,0.055204,0.029769,0.025886,0.026132,0.026760
13600,2.685324,2.651508,4.685378,0.507510,0.037981,0.036440,0.029747,0.052298,0.631714,0.575494,0.595484,0.559837,0.248992,0.320410,0.221884,0.055144,0.030156,0.026007,0.026917,0.027135
13610,2.455563,2.567231,4.597537,0.438578,0.038255,0.036248,0.030033,0.052053,0.644651,0.597716,0.609715,0.578205,0.247746,0.320503,0.222154,0.054946,0.030341,0.026013,0.026621,0.027053
13620,2.453494,2.598154,4.582861,0.518402,0.037928,0.035958,0.029671,0.052059,0.642617,0.586185,0.613745,0.576622,0.249650,0.321599,0.223086,0.055226,0.030301,0.026195,0.026926,0.027004
13630,2.592728,2.541933,4.532612,0.459832,0.038677,0.036162,0.030254,0.051959,0.642047,0.596673,0.618392,0.586548,0.249209,0.321830,0.222423,0.055144,0.030992,0.026603,0.027202,0.027124
13640,2.614414,2.623267,4.639256,0.503444,0.038802,0.036191,0.030337,0.052055,0.638743,0.587044,0.610398,0.572958,0.250849,0.322206,0.223550,0.055492,0.031311,0.026697,0.028159,0.027777
13650,2.472754,2.686478,4.750937,0.516219,0.038587,0.036365,0.029939,0.052135,0.636601,0.590600,0.609854,0.574204,0.252572,0.322490,0.224693,0.055670,0.030520,0.026695,0.027643,0.027612
13660,2.526084,2.665330,4.756402,0.466234,0.038385,0.036489,0.029840,0.052139,0.646045,0.595379,0.615615,0.578418,0.251184,0.322159,0.223834,0.055731,0.029155,0.025681,0.026804,0.026920
13670,2.472697,2.561763,4.555042,0.474063,0.038313,0.036683,0.030067,0.052186,0.639286,0.595508,0.614305,0.577237,0.248828,0.321559,0.222119,0.055172,0.029132,0.026178,0.025849,0.027004
13680,2.537627,2.543947,4.512236,0.487035,0.037761,0.036220,0.029833,0.052172,0.647412,0.599376,0.620584,0.582194,0.250303,0.321625,0.224164,0.055162,0.030604,0.027004,0.027401,0.027681
13690,2.659501,2.547573,4.548915,0.456066,0.037553,0.035987,0.029519,0.052224,0.653573,0.603741,0.620250,0.582843,0.250923,0.322043,0.224326,0.055556,0.030660,0.027170,0.027817,0.027852
13700,2.450605,2.564104,4.605569,0.424310,0.037831,0.035753,0.029217,0.052257,0.653001,0.605275,0.620267,0.586735,0.250612,0.322357,0.223728,0.055749,0.030616,0.026973,0.027666,0.027545
13710,2.482896,2.618030,4.688608,0.444407,0.037968,0.035817,0.029291,0.052142,0.653631,0.603576,0.622606,0.585514,0.251699,0.322960,0.224308,0.055773,0.030712,0.026858,0.027763,0.027649
13720,2.534214,2.656994,4.750074,0.453636,0.038170,0.036011,0.029661,0.052062,0.651283,0.600058,0.615980,0.581665,0.252465,0.323202,0.224526,0.055592,0.029914,0.026121,0.027442,0.026912
13730,2.474354,2.603407,4.634223,0.471187,0.037912,0.036321,0.029602,0.052328,0.633976,0.588389,0.609529,0.571426,0.251164,0.322916,0.223893,0.055166,0.030179,0.026101,0.026917,0.026804
13740,2.402433,2.573967,4.522453,0.530279,0.037296,0.036395,0.029263,0.052425,0.631894,0.580239,0.602910,0.563601,0.249944,0.321977,0.223267,0.055011,0.029886,0.025906,0.026819,0.026566
13750,2.506202,2.540342,4.516142,0.473447,0.037205,0.036115,0.029188,0.052290,0.644742,0.602019,0.618587,0.585429,0.249557,0.321989,0.223052,0.055169,0.030393,0.026146,0.026849,0.026889
13760,2.492049,2.591205,4.590153,0.497296,0.037492,0.036232,0.029468,0.052112,0.652928,0.603820,0.624674,0.589739,0.249840,0.322171,0.222926,0.055254,0.030586,0.026315,0.027704,0.027100
13770,2.491711,2.644931,4.648121,0.539212,0.038047,0.036251,0.030108,0.052001,0.639867,0.593516,0.609382,0.571855,0.250818,0.322874,0.223049,0.055484,0.030820,0.026403,0.028347,0.027390
13780,2.473773,2.638268,4.634295,0.542399,0.038042,0.036465,0.029927,0.051977,0.633481,0.586506,0.607057,0.570717,0.251226,0.323154,0.223324,0.055575,0.029895,0.025586,0.027254,0.026764
13790,2.477078,2.648204,4.683023,0.510746,0.038190,0.036644,0.029757,0.052041,0.632483,0.590731,0.609573,0.569263,0.250498,0.322380,0.223045,0.055616,0.030124,0.025760,0.027323,0.026978
13800,2.487756,2.692333,4.697724,0.583774,0.038331,0.036685,0.029647,0.052229,0.629085,0.579518,0.599658,0.559127,0.248993,0.322320,0.222391,0.055461,0.030141,0.026368,0.027566,0.027428
13810,2.715965,2.681089,4.588932,0.673070,0.038666,0.036756,0.029717,0.052471,0.605601,0.556859,0.583252,0.537565,0.246774,0.320716,0.220256,0.055297,0.030378,0.026214,0.027384,0.027593
13820,2.691762,2.674897,4.676066,0.566929,0.038290,0.036678,0.029444,0.052465,0.625873,0.578415,0.598008,0.554163,0.248983,0.321343,0.222393,0.055635,0.030225,0.025877,0.027540,0.027290
13830,2.432435,2.651469,4.734244,0.456503,0.037985,0.036544,0.029753,0.052292,0.641987,0.600488,0.608351,0.574078,0.249027,0.321560,0.221640,0.055769,0.030145,0.025798,0.026912,0.027092
13840,2.761314,2.734362,4.812933,0.540017,0.037306,0.036080,0.029559,0.052230,0.633911,0.582761,0.604574,0.561801,0.248967,0.321354,0.221724,0.055699,0.029475,0.025484,0.026813,0.027086
13850,2.556346,2.753675,4.801147,0.595091,0.037021,0.035928,0.029527,0.052330,0.630515,0.581641,0.602749,0.559776,0.248433,0.320807,0.221517,0.055769,0.029434,0.025508,0.026739,0.026790
13860,2.456116,2.680049,4.613694,0.644589,0.037618,0.035996,0.030106,0.052629,0.611355,0.566737,0.587408,0.545586,0.246506,0.321400,0.220144,0.055200,0.029592,0.025792,0.026366,0.026763
13870,2.412502,2.627608,4.553767,0.602787,0.037871,0.035992,0.030223,0.052688,0.616996,0.564764,0.592162,0.547690,0.247675,0.322223,0.221238,0.055007,0.030277,0.026606,0.026838,0.027292
13880,2.487022,2.606190,4.520975,0.592346,0.037935,0.036000,0.029851,0.052727,0.615498,0.564255,0.588485,0.551284,0.245052,0.321189,0.219448,0.055152,0.030338,0.026203,0.026742,0.026836
13890,2.693665,2.693599,4.651484,0.625311,0.037739,0.036063,0.029722,0.052469,0.620741,0.568241,0.595987,0.552042,0.247550,0.322036,0.220936,0.055777,0.030546,0.026362,0.027413,0.027604
13900,2.478851,2.737989,4.783794,0.576715,0.037170,0.036055,0.029335,0.052295,0.640694,0.590378,0.609595,0.569737,0.249906,0.322298,0.222517,0.055949,0.029815,0.025847,0.026967,0.027316
13910,2.586479,2.689933,4.762138,0.505867,0.037930,0.036706,0.029629,0.052416,0.648627,0.602778,0.611256,0.583418,0.250579,0.322630,0.222770,0.055479,0.029273,0.025281,0.026100,0.026634
13920,2.463548,2.679428,4.790091,0.455409,0.038683,0.037260,0.030491,0.052376,0.647747,0.604985,0.620222,0.585004,0.251223,0.322807,0.223284,0.055454,0.029648,0.025581,0.026367,0.026770
13930,2.470774,2.677977,4.724947,0.521054,0.037821,0.036697,0.030432,0.052403,0.644405,0.595567,0.612022,0.575690,0.250408,0.322516,0.221319,0.055311,0.029563,0.025768,0.026530,0.027086
13940,2.444706,2.677088,4.677497,0.570163,0.036828,0.035982,0.029814,0.052391,0.638055,0.592451,0.605599,0.565736,0.250321,0.322252,0.221070,0.055177,0.029729,0.025927,0.026827,0.027281
13950,2.466984,2.588388,4.610611,0.467203,0.037269,0.036135,0.029663,0.052455,0.647523,0.604117,0.612820,0.585253,0.250953,0.322550,0.222415,0.054912,0.030261,0.025874,0.026550,0.027025
13960,2.406150,2.644681,4.622651,0.569911,0.037246,0.036232,0.029518,0.052524,0.637241,0.583660,0.610481,0.570728,0.250308,0.322769,0.221951,0.054973,0.030510,0.025978,0.026825,0.027262
13970,2.498774,2.651426,4.666681,0.537016,0.037558,0.036452,0.029688,0.052491,0.639088,0.596103,0.614961,0.577986,0.250820,0.323010,0.222498,0.055115,0.030016,0.025794,0.026674,0.027143
13980,2.471485,2.633164,4.723981,0.440302,0.038069,0.036764,0.030074,0.052243,0.662519,0.621654,0.629259,0.599439,0.252018,0.323800,0.223145,0.055390,0.030216,0.026074,0.026621,0.027095
13990,2.489840,2.623358,4.586506,0.564856,0.038635,0.036850,0.030751,0.052330,0.634226,0.589795,0.608540,0.573957,0.251140,0.323971,0.222521,0.054882,0.030373,0.026324,0.026895,0.027216
14000,2.463732,2.613253,4.568669,0.559466,0.038966,0.036841,0.030521,0.052509,0.622468,0.573000,0.601910,0.557872,0.250676,0.324512,0.221270,0.055136,0.030190,0.026052,0.026629,0.026855
14010,2.540370,2.591861,4.568906,0.514789,0.038903,0.036839,0.030009,0.052644,0.625415,0.578941,0.600613,0.562588,0.249625,0.324562,0.221435,0.055317,0.030047,0.026118,0.026590,0.027057
14020,2.548430,2.684109,4.685396,0.576126,0.038083,0.036527,0.029503,0.052663,0.626403,0.578760,0.600814,0.558593,0.251432,0.325045,0.223266,0.055352,0.029981,0.025884,0.027255,0.027152
14030,2.532154,2.608011,4.606519,0.507982,0.038191,0.036496,0.029743,0.052552,0.637592,0.596156,0.613865,0.572856,0.251869,0.325868,0.223163,0.054963,0.030014,0.025927,0.026867,0.026780
14040,2.545560,2.572377,4.581393,0.462127,0.038756,0.036829,0.030550,0.052380,0.649919,0.603684,0.619109,0.585954,0.250240,0.325429,0.221803,0.054810,0.030624,0.026439,0.026941,0.027032
14050,2.595281,2.616923,4.650465,0.477969,0.038448,0.036776,0.030430,0.052202,0.651296,0.601194,0.619631,0.580554,0.250757,0.325884,0.221875,0.055324,0.030701,0.026372,0.027012,0.027263
14060,2.546438,2.637132,4.716673,0.452944,0.037825,0.036356,0.029839,0.052208,0.652094,0.611870,0.622201,0.590120,0.250720,0.326002,0.223055,0.055498,0.030026,0.026204,0.026732,0.027166
14070,2.485802,2.614567,4.607521,0.523728,0.037318,0.035883,0.029399,0.052396,0.644176,0.588324,0.618127,0.572276,0.250944,0.326429,0.222989,0.055055,0.029820,0.026084,0.027087,0.026708
14080,2.450220,2.726882,4.753587,0.594183,0.036796,0.035624,0.029301,0.052319,0.633926,0.584438,0.614714,0.569462,0.253141,0.325932,0.224477,0.055343,0.029908,0.026006,0.028015,0.027008
14090,2.463674,2.713216,4.789030,0.527079,0.036776,0.035794,0.029424,0.052404,0.643016,0.598925,0.617959,0.580916,0.252243,0.325182,0.223531,0.055209,0.029330,0.025626,0.026666,0.026903
14100,2.476434,2.687505,4.702838,0.569780,0.036481,0.035746,0.029163,0.052346,0.643458,0.598946,0.623064,0.574533,0.251845,0.324581,0.223173,0.055231,0.028641,0.025794,0.026321,0.027198
14110,2.530431,2.649626,4.651689,0.548914,0.036770,0.035879,0.029452,0.052336,0.648942,0.607059,0.623664,0.581237,0.250827,0.323754,0.222999,0.055030,0.029288,0.026044,0.027128,0.027243
14120,2.664034,2.548520,4.514674,0.495308,0.038297,0.036164,0.029782,0.052445,0.645809,0.601297,0.613996,0.582580,0.250087,0.324767,0.222529,0.054609,0.029466,0.026387,0.026653,0.027067
14130,2.499542,2.588891,4.567414,0.519791,0.038504,0.036265,0.029679,0.052503,0.646980,0.599549,0.622612,0.584525,0.252226,0.325839,0.223572,0.055176,0.029911,0.026336,0.027648,0.027434
14140,2.491608,2.636246,4.612284,0.561011,0.038720,0.036198,0.029730,0.052600,0.639443,0.593595,0.611225,0.578726,0.252507,0.325680,0.223656,0.055242,0.030628,0.026756,0.027797,0.027513
14150,2.495366,2.678196,4.673346,0.578778,0.039116,0.036664,0.030070,0.052644,0.634332,0.590847,0.606869,0.569710,0.252424,0.325119,0.223221,0.055241,0.029695,0.025973,0.027844,0.026952
14160,2.452453,2.620923,4.639949,0.498987,0.038464,0.036228,0.029657,0.052591,0.642590,0.597899,0.610356,0.579200,0.251864,0.324229,0.222987,0.055322,0.029518,0.025409,0.027119,0.026258
14170,2.450122,2.570495,4.575332,0.468588,0.038293,0.036416,0.029448,0.052564,0.646619,0.599433,0.619976,0.580177,0.251536,0.324616,0.223037,0.055233,0.029538,0.025557,0.026843,0.026719
14180,2.615438,2.600924,4.547454,0.554566,0.038833,0.036883,0.029943,0.052660,0.624898,0.577619,0.605862,0.557620,0.250114,0.324399,0.222786,0.054836,0.030081,0.025933,0.027665,0.027345
14190,2.441648,2.599161,4.564885,0.534496,0.038728,0.036960,0.029808,0.052731,0.631636,0.579488,0.610380,0.560362,0.250310,0.324542,0.223370,0.054770,0.030369,0.025997,0.028122,0.026904
14200,2.412056,2.645172,4.621291,0.566480,0.037848,0.036367,0.029204,0.052697,0.641250,0.586409,0.610355,0.568955,0.251769,0.326561,0.224381,0.054853,0.029188,0.025647,0.027554,0.026812
14210,2.562601,2.694864,4.603758,0.682289,0.037751,0.036180,0.029190,0.052673,0.616421,0.565026,0.594017,0.553880,0.250159,0.326455,0.222984,0.054703,0.030141,0.026132,0.027607,0.027229
14220,2.553029,2.612378,4.530964,0.594635,0.038407,0.036109,0.029549,0.052696,0.622830,0.579670,0.597207,0.555172,0.247924,0.325197,0.221686,0.054777,0.030475,0.025954,0.027282,0.027206
14230,2.570918,2.535205,4.470832,0.505229,0.038443,0.036298,0.029651,0.052551,0.636633,0.588413,0.602136,0.567904,0.246983,0.325289,0.221177,0.054582,0.030482,0.026288,0.027539,0.027189
14240,2.595122,2.631414,4.598562,0.557223,0.037928,0.036257,0.029537,0.052521,0.638211,0.585757,0.607984,0.564444,0.250457,0.326020,0.223214,0.054803,0.031064,0.026516,0.028204,0.027345
14250,2.496992,2.693822,4.729115,0.543987,0.038197,0.036399,0.029725,0.052296,0.643396,0.597722,0.608090,0.576599,0.252141,0.326266,0.223990,0.055182,0.030593,0.026321,0.027963,0.027476
14260,2.435068,2.594188,4.646928,0.433972,0.038403,0.036306,0.029877,0.052134,0.653124,0.611879,0.622076,0.592088,0.252096,0.326441,0.223516,0.055180,0.030563,0.025992,0.027332,0.027304
14270,2.474920,2.625126,4.643694,0.500224,0.038184,0.036056,0.029993,0.052149,0.645332,0.604775,0.622666,0.580488,0.252201,0.326165,0.223189,0.055408,0.030475,0.025854,0.027733,0.027380
14280,2.562954,2.686723,4.701459,0.562676,0.037914,0.035795,0.029748,0.052389,0.641409,0.595907,0.605998,0.566114,0.252709,0.325978,0.223327,0.055689,0.030169,0.026076,0.028108,0.027337
14290,2.515758,2.614462,4.587264,0.545010,0.038280,0.036121,0.029740,0.052473,0.642573,0.599925,0.613089,0.578567,0.249677,0.325700,0.221291,0.055206,0.029114,0.025581,0.027132,0.027005
14300,2.415515,2.633650,4.610699,0.557039,0.038287,0.036251,0.029783,0.052416,0.646241,0.591095,0.618374,0.571452,0.251185,0.326086,0.222345,0.055224,0.029637,0.026001,0.027671,0.027279
14310,2.463551,2.722503,4.724786,0.610868,0.038052,0.036049,0.029521,0.052274,0.634813,0.585312,0.613204,0.560465,0.253515,0.327124,0.224033,0.055762,0.029623,0.026039,0.027715,0.027455
14320,2.475525,2.678921,4.700751,0.548885,0.038226,0.036123,0.029570,0.052346,0.644194,0.595230,0.612101,0.572768,0.251970,0.326251,0.223029,0.055708,0.028809,0.025201,0.026619,0.026768
14330,2.458965,2.643022,4.611622,0.571410,0.038442,0.036222,0.029835,0.052409,0.631020,0.588943,0.608086,0.569106,0.250339,0.325767,0.222326,0.055198,0.029480,0.025257,0.027118,0.026659
14340,2.587556,2.599452,4.579297,0.519143,0.038286,0.036440,0.029619,0.052433,0.640940,0.596023,0.616283,0.574034,0.250197,0.326542,0.222607,0.055131,0.029764,0.025421,0.026799,0.026857
14350,2.446762,2.498405,4.513560,0.391499,0.038721,0.037124,0.029614,0.052587,0.658084,0.611858,0.626120,0.594023,0.249685,0.326745,0.222682,0.054976,0.030200,0.025942,0.027542,0.027064
14360,2.414171,2.506631,4.475197,0.449950,0.038686,0.036918,0.029934,0.052548,0.655250,0.607707,0.621196,0.588106,0.248418,0.326992,0.221163,0.054910,0.030120,0.025847,0.027510,0.026822
14370,2.575603,2.526415,4.492615,0.467280,0.038069,0.036157,0.029464,0.052727,0.653116,0.606062,0.619334,0.585724,0.248461,0.326670,0.220959,0.055168,0.031240,0.026731,0.028744,0.027527
14380,2.528870,2.595498,4.644252,0.449392,0.037684,0.036274,0.029173,0.052656,0.665249,0.626819,0.637115,0.598756,0.251277,0.326492,0.222963,0.055439,0.030162,0.026487,0.028287,0.027464
14390,2.443829,2.564668,4.617634,0.414932,0.038407,0.036500,0.029367,0.052614,0.661506,0.623216,0.632513,0.596350,0.251297,0.327622,0.222393,0.054935,0.029847,0.026775,0.027912,0.027485
14400,2.469545,2.598649,4.547253,0.556529,0.038615,0.036807,0.029599,0.052737,0.630852,0.582872,0.612640,0.559024,0.251137,0.327708,0.223149,0.054952,0.030504,0.027175,0.028494,0.027790
14410,2.593616,2.710160,4.692243,0.620387,0.038626,0.036887,0.029709,0.052838,0.623440,0.575203,0.598970,0.549044,0.253677,0.328384,0.224741,0.055592,0.030091,0.026673,0.028347,0.027705
14420,2.436529,2.666149,4.668982,0.554737,0.037924,0.036283,0.029584,0.052963,0.633319,0.585306,0.604371,0.558895,0.251684,0.327876,0.224023,0.055245,0.029295,0.025622,0.027142,0.026845
14430,2.455698,2.712928,4.679711,0.637923,0.037427,0.035946,0.029350,0.053029,0.621164,0.567727,0.599495,0.545702,0.250801,0.327734,0.223731,0.054983,0.029064,0.025288,0.027315,0.026816
14440,2.570192,2.656956,4.675226,0.528827,0.037188,0.035755,0.029197,0.052895,0.639891,0.589425,0.612074,0.568514,0.249604,0.326504,0.222883,0.055133,0.029041,0.025181,0.026853,0.026952
14450,2.442992,2.683433,4.659811,0.599243,0.037319,0.035659,0.029206,0.052737,0.630216,0.585578,0.607807,0.559598,0.249044,0.326004,0.222023,0.055298,0.029754,0.025535,0.026538,0.027187
14460,2.615354,2.596653,4.613018,0.474570,0.038667,0.036510,0.029472,0.052748,0.642487,0.601592,0.617887,0.574580,0.247993,0.326558,0.221847,0.055303,0.029781,0.025703,0.026454,0.026958
14470,2.548167,2.503283,4.459886,0.453508,0.039070,0.036562,0.029638,0.052834,0.643735,0.599031,0.620546,0.573018,0.246061,0.327062,0.220950,0.054837,0.030808,0.025902,0.026654,0.026882
14480,2.396738,2.546515,4.518482,0.477734,0.038316,0.036196,0.029585,0.052659,0.656667,0.606752,0.631960,0.586363,0.249453,0.328533,0.223592,0.054861,0.030615,0.026140,0.027315,0.027160
14490,2.527396,2.639628,4.621967,0.550105,0.038531,0.036509,0.030002,0.052640,0.636716,0.594875,0.618907,0.571018,0.251485,0.329462,0.224949,0.055026,0.031548,0.026631,0.027856,0.027980
14500,2.452872,2.812585,4.854477,0.650238,0.038126,0.036562,0.029811,0.052478,0.639634,0.585770,0.613210,0.564885,0.254957,0.330444,0.227120,0.055771,0.030623,0.026316,0.027881,0.027978
14510,2.570582,2.765423,4.759400,0.658340,0.038464,0.036803,0.029903,0.052643,0.629878,0.580942,0.604486,0.556390,0.252342,0.329624,0.224113,0.055308,0.029156,0.025387,0.026909,0.027285
14520,2.406620,2.653162,4.593600,0.609076,0.038784,0.037007,0.029931,0.052769,0.621724,0.575073,0.602813,0.553687,0.248558,0.327426,0.221892,0.054971,0.029733,0.025030,0.026177,0.026559
14530,2.599332,2.592091,4.585434,0.496394,0.038635,0.036987,0.029753,0.052625,0.644533,0.602171,0.618508,0.577358,0.250571,0.328333,0.224310,0.055188,0.029985,0.025299,0.027110,0.026750
14540,2.406064,2.570835,4.580734,0.458868,0.038433,0.037337,0.029583,0.052579,0.655488,0.612417,0.624446,0.588067,0.251084,0.329020,0.223946,0.055133,0.030164,0.025852,0.026953,0.026924
14550,2.463266,2.730250,4.772370,0.579846,0.037896,0.037413,0.029549,0.052466,0.653666,0.604530,0.614432,0.580577,0.253994,0.329136,0.224942,0.055706,0.029256,0.025774,0.027636,0.027143
14560,2.459692,2.796381,4.733760,0.751604,0.038121,0.037523,0.029619,0.052635,0.616415,0.570866,0.586611,0.546385,0.253647,0.329141,0.224553,0.055531,0.029285,0.025323,0.027468,0.027343
14570,2.578840,2.685208,4.645852,0.619897,0.038177,0.037277,0.029457,0.052720,0.622588,0.573506,0.600170,0.553176,0.251107,0.328538,0.223060,0.055197,0.029140,0.025294,0.026674,0.026898
14580,2.489467,2.571292,4.557286,0.487547,0.038107,0.036505,0.029737,0.052606,0.645279,0.603545,0.617545,0.576842,0.249427,0.328283,0.222618,0.055093,0.029584,0.025760,0.026686,0.027039
14590,2.395898,2.619206,4.574811,0.560214,0.038272,0.036274,0.029778,0.052666,0.633116,0.585952,0.612608,0.561558,0.250276,0.328904,0.222963,0.055148,0.030336,0.026286,0.027422,0.027806
14600,2.606110,2.631741,4.581325,0.578921,0.038934,0.036750,0.029914,0.052761,0.624412,0.580738,0.601986,0.554061,0.249484,0.329139,0.222447,0.055044,0.031074,0.026201,0.027350,0.027954
14610,2.534475,2.645698,4.678180,0.504949,0.038839,0.037042,0.029719,0.052686,0.648139,0.596557,0.620025,0.571647,0.250811,0.329345,0.223950,0.055300,0.030037,0.025852,0.027549,0.027413
14620,2.606356,2.525391,4.556277,0.397798,0.039400,0.036917,0.029804,0.052691,0.659459,0.624674,0.629947,0.591434,0.249972,0.328891,0.223209,0.054960,0.029806,0.025937,0.026922,0.027162
14630,2.549101,2.582608,4.535990,0.533825,0.039737,0.037021,0.030073,0.052848,0.634452,0.592064,0.622029,0.571620,0.250364,0.329243,0.223416,0.054812,0.030745,0.026551,0.027731,0.027751
14640,2.538468,2.688918,4.697489,0.575167,0.039893,0.037280,0.030384,0.052662,0.637988,0.590499,0.611430,0.568859,0.252754,0.329739,0.223757,0.055252,0.030029,0.026273,0.028262,0.027822
14650,2.463249,2.636006,4.650938,0.518134,0.039764,0.037243,0.030344,0.052593,0.644178,0.602913,0.611635,0.578318,0.251224,0.329158,0.223206,0.055137,0.029705,0.025739,0.027609,0.027185
14660,2.548161,2.605825,4.521903,0.592878,0.039669,0.037506,0.030305,0.052741,0.629657,0.575337,0.605511,0.554428,0.249037,0.328779,0.222367,0.054774,0.030196,0.025824,0.027237,0.027325
14670,2.526031,2.580837,4.528367,0.534971,0.039293,0.037446,0.029999,0.052730,0.641152,0.589206,0.610173,0.569747,0.249123,0.329411,0.222696,0.054759,0.030432,0.025601,0.027867,0.027305
14680,2.423708,2.579460,4.615568,0.439459,0.038466,0.036887,0.029543,0.052441,0.663938,0.621359,0.634673,0.599926,0.250868,0.329595,0.224094,0.055207,0.030989,0.026143,0.028065,0.027777
14690,2.485914,2.610031,4.616781,0.500958,0.039214,0.037076,0.030000,0.052495,0.659536,0.610969,0.626406,0.585403,0.250380,0.329509,0.223405,0.055253,0.030522,0.026245,0.028205,0.027752
14700,2.402683,2.643491,4.524270,0.670095,0.039658,0.037134,0.030509,0.052697,0.612846,0.569385,0.594581,0.546203,0.248840,0.329135,0.221562,0.054940,0.030453,0.026235,0.027699,0.027713
14710,2.626955,2.741939,4.616649,0.764317,0.039330,0.036798,0.029980,0.052756,0.605492,0.552459,0.592300,0.532820,0.251063,0.329620,0.223085,0.055388,0.031053,0.026547,0.028483,0.028257
14720,2.428060,2.807444,4.749582,0.752546,0.038701,0.036665,0.029646,0.052847,0.616673,0.570731,0.592878,0.547886,0.252911,0.329543,0.224070,0.055562,0.030011,0.025625,0.027890,0.027399
14730,2.477903,2.665084,4.658769,0.565045,0.039301,0.037347,0.030068,0.052924,0.639344,0.595316,0.609417,0.573550,0.249915,0.328395,0.221676,0.055232,0.029279,0.025324,0.026469,0.026956
14740,2.388421,2.497104,4.493777,0.407742,0.039327,0.037325,0.029796,0.052977,0.661248,0.618644,0.629074,0.597750,0.248407,0.327511,0.221647,0.054509,0.030425,0.026179,0.026456,0.027113
14750,2.443405,2.528648,4.474332,0.488301,0.038884,0.036840,0.029409,0.053010,0.643787,0.602622,0.619226,0.581932,0.248461,0.328227,0.221626,0.054385,0.031791,0.026866,0.028155,0.027497
14760,2.394769,2.646580,4.582140,0.607013,0.037988,0.036277,0.029007,0.052980,0.640947,0.589755,0.608834,0.567521,0.251380,0.329890,0.223231,0.055194,0.030702,0.026644,0.028189,0.027887
14770,2.406334,2.769356,4.707525,0.715706,0.037835,0.036326,0.029140,0.052905,0.621189,0.569937,0.590165,0.549195,0.251439,0.329578,0.223138,0.055717,0.030386,0.026332,0.027644,0.027985
14780,2.405135,2.715964,4.722642,0.593655,0.037625,0.036052,0.029319,0.052774,0.638330,0.592875,0.612032,0.571181,0.252384,0.330314,0.223356,0.055708,0.029657,0.025430,0.026505,0.027238
14790,2.428917,2.653288,4.678262,0.520433,0.037535,0.036131,0.029205,0.052709,0.657039,0.616534,0.622078,0.592090,0.251959,0.329825,0.223272,0.054986,0.028242,0.024785,0.025602,0.026732
14800,2.402152,2.604809,4.546781,0.564085,0.038419,0.036882,0.029803,0.052735,0.635774,0.592358,0.618655,0.575692,0.250277,0.328740,0.222216,0.054345,0.029229,0.025504,0.026120,0.026995
14810,2.436782,2.625610,4.559138,0.589729,0.038450,0.036683,0.029852,0.052716,0.635451,0.588091,0.607415,0.564632,0.251479,0.329218,0.223257,0.054974,0.030695,0.026214,0.028082,0.027537
14820,2.490474,2.688980,4.681219,0.586148,0.037915,0.036474,0.029410,0.052670,0.643118,0.589900,0.607982,0.570760,0.252929,0.330414,0.224262,0.055792,0.030055,0.026191,0.027722,0.027766
14830,2.446394,2.732978,4.747995,0.603500,0.038091,0.036670,0.029716,0.052752,0.635871,0.588155,0.604363,0.560534,0.251374,0.329621,0.222692,0.055620,0.029679,0.026011,0.027160,0.027548
14840,2.709101,2.701635,4.729552,0.560626,0.037986,0.036739,0.029661,0.052900,0.644543,0.589165,0.614652,0.570189,0.249518,0.327671,0.221912,0.055465,0.029425,0.025553,0.026847,0.026912
14850,2.470535,2.581677,4.639454,0.422101,0.039207,0.036976,0.029922,0.053017,0.662360,0.623685,0.629207,0.591428,0.249521,0.327856,0.221933,0.055050,0.030352,0.026077,0.026700,0.027009
14860,2.708943,2.647037,4.632394,0.556514,0.040074,0.037409,0.030838,0.052941,0.637631,0.589142,0.602226,0.561229,0.250794,0.328797,0.222152,0.055061,0.031298,0.026837,0.028195,0.027545
14870,2.469481,2.704353,4.714447,0.582288,0.039976,0.037254,0.030587,0.053011,0.637639,0.578321,0.603122,0.558221,0.251928,0.329624,0.222853,0.055391,0.030302,0.026658,0.027845,0.027707
14880,2.405099,2.691678,4.738707,0.530209,0.039392,0.036743,0.029973,0.052967,0.639562,0.589377,0.602435,0.564494,0.250645,0.329035,0.222444,0.055615,0.030416,0.026152,0.027565,0.027339
14890,2.483299,2.736905,4.718844,0.643122,0.039033,0.036395,0.029752,0.052951,0.629158,0.576158,0.605027,0.552953,0.250731,0.328295,0.222633,0.055709,0.029760,0.026338,0.026967,0.027629
14900,2.406006,2.716163,4.673158,0.650971,0.038668,0.036410,0.029506,0.053059,0.625784,0.574903,0.598374,0.554332,0.249635,0.327383,0.222139,0.055626,0.029737,0.025986,0.026585,0.027401
14910,2.619104,2.592597,4.591007,0.492488,0.038759,0.036572,0.029476,0.053073,0.647140,0.604769,0.620404,0.579852,0.247199,0.327366,0.220464,0.055372,0.029953,0.026056,0.026030,0.026965
14920,2.676128,2.479827,4.487596,0.382453,0.039303,0.036898,0.029875,0.053075,0.666710,0.630234,0.634038,0.605879,0.246921,0.328272,0.220485,0.054941,0.030445,0.026492,0.026372,0.027133
14930,2.568475,2.518988,4.554368,0.391282,0.039092,0.036453,0.029894,0.052937,0.674803,0.636301,0.646608,0.610092,0.250117,0.330467,0.222598,0.055185,0.031614,0.027162,0.027854,0.027631
14940,2.495982,2.606196,4.639608,0.468738,0.039144,0.036585,0.030088,0.052775,0.655498,0.616076,0.630243,0.590418,0.253093,0.331837,0.224391,0.055271,0.031747,0.027690,0.028047,0.028261
14950,2.531482,2.604704,4.602318,0.506964,0.039470,0.036899,0.030268,0.052931,0.644701,0.602585,0.618471,0.570351,0.252488,0.331208,0.223395,0.055125,0.031145,0.027243,0.027260,0.028189
14960,2.433867,2.635430,4.657672,0.507279,0.039380,0.036903,0.030107,0.053029,0.648527,0.605055,0.622861,0.579366,0.252236,0.330464,0.223426,0.055501,0.031058,0.026758,0.027688,0.027733
14970,2.564318,2.544464,4.553309,0.438076,0.038295,0.036428,0.029799,0.052857,0.659641,0.623040,0.638610,0.600470,0.250750,0.330633,0.222395,0.055148,0.030852,0.026821,0.026880,0.027490
14980,2.411869,2.536623,4.522869,0.456308,0.038078,0.036415,0.029836,0.052845,0.662362,0.618971,0.634117,0.599833,0.250185,0.330195,0.222339,0.055192,0.030583,0.026762,0.027706,0.027352
14990,2.395184,2.522777,4.491320,0.462733,0.038474,0.036673,0.029618,0.052669,0.659468,0.614834,0.632656,0.592399,0.249539,0.329600,0.222180,0.055043,0.031446,0.027163,0.028172,0.027394
15000,2.599868,2.524434,4.485826,0.473746,0.038939,0.036759,0.029804,0.052723,0.646083,0.608138,0.626890,0.586701,0.250860,0.331176,0.223034,0.055105,0.031653,0.026883,0.028410,0.027445
